[11124:15784:0914/204150.791:VERBOSE1:components\enterprise\browser\controller\chrome_browser_cloud_management_controller.cc:124] DM token = empty
[11124:15784:0914/204150.791:VERBOSE1:components\enterprise\browser\controller\chrome_browser_cloud_management_controller.cc:130] Enrollment token = 
[11124:15784:0914/204150.791:VERBOSE1:components\enterprise\browser\controller\chrome_browser_cloud_management_controller.cc:131] Client ID = 596cb482-a9c5-4ee7-bdad-c12800c1b626
[11124:15784:0914/204150.791:VERBOSE1:components\policy\core\common\policy_service_impl.cc:632] Taking initial snapshot of POLICY_DOMAIN_CHROME policies
[11124:15784:0914/204150.791:VERBOSE1:components\variations\service\variations_field_trial_creator.cc:84] VariationsSeedUsage:2
[11124:15784:0914/204150.791:VERBOSE1:components\variations\service\variations_field_trial_creator.cc:399] VariationsSetupComplete
[11124:15784:0914/204150.808:VERBOSE1:base\allocator\scheduler_loop_quarantine_config.cc:195] No entry found for browser/global.
[11124:15784:0914/204150.808:VERBOSE1:base\allocator\scheduler_loop_quarantine_config.cc:195] No entry found for browser/*.
[11124:15784:0914/204150.858:VERBOSE1:chrome\browser\media\webrtc\webrtc_event_log_manager.cc:126] WebRTC remote-bound event logging enabled.
[11124:15784:0914/204150.875:VERBOSE1:components\proxy_config\pref_proxy_config_tracker_impl.cc:466] 0x21e40004c680: set chrome proxy config service to 0x21e4001a14a0
[11124:15784:0914/204150.875:VERBOSE1:components\device_event_log\device_event_log_impl.cc:214] [20:41:50.883] Display: EVENT: screen_win.cc:1103 Displays updated, count: 1
[11124:15784:0914/204150.875:VERBOSE1:components\device_event_log\device_event_log_impl.cc:214] [20:41:50.884] Display: EVENT: screen_win.cc:1105 Display[2300000000] bounds=[0,0 800x600], workarea=[0,0 800x600], scale=1, rotation=0, panel_rotation=0 external detected
[11124:15784:0914/204150.907:VERBOSE1:components\enterprise\browser\controller\chrome_browser_cloud_management_controller.cc:213] Starting CBCM Controller Initialization
[11124:15784:0914/204150.907:INFO:components\enterprise\browser\controller\chrome_browser_cloud_management_controller.cc:241] No machine level policy manager exists.
[11124:15784:0914/204150.907:VERBOSE1:chrome\installer\util\install_util.cc:218] Existing Chrome version found: 152.0.7977.83
[11124:15784:0914/204150.908:VERBOSE1:chrome\browser\enterprise\platform_auth\platform_auth_policy_observer.cc:108] PlatformAuthProviderManager enabled: 0
[11124:15784:0914/204150.919:VERBOSE1:components\policy\core\common\cloud\user_cloud_policy_store.cc:146] [policy_type=google/chrome/user] Initiating immediate policy load from disk
[11124:15784:0914/204150.919:VERBOSE1:components\policy\core\common\cloud\user_cloud_policy_store.cc:249] [policy_type=google/chrome/user] No policy found on disk
[11124:15784:0914/204150.919:VERBOSE1:components\policy\core\common\cloud\user_cloud_policy_store.cc:146] [policy_type=google/extension-install-cloud-policy/chrome/user] Initiating immediate policy load from disk
[11124:15784:0914/204150.919:VERBOSE1:components\policy\core\common\cloud\user_cloud_policy_store.cc:249] [policy_type=google/extension-install-cloud-policy/chrome/user] No policy found on disk
[11124:15784:0914/204150.919:VERBOSE1:components\policy\core\common\policy_service_impl.cc:632] Taking initial snapshot of POLICY_DOMAIN_CHROME policies
[11124:15784:0914/204150.969:VERBOSE1:components\proxy_config\pref_proxy_config_tracker_impl.cc:466] 0x21e40004ea40: set chrome proxy config service to 0x21e4001a2ee0
[11124:15784:0914/204150.970:VERBOSE1:components\signin\internal\identity_manager\mutable_profile_oauth2_token_service_delegate.cc:355] MutablePO2TS::MutablePO2TS
[11124:15784:0914/204150.973:VERBOSE1:google_apis\gaia\gaia_auth_util.cc:53] Canonicalized @gmail.com to @gmail.com
[11124:15784:0914/204150.973:VERBOSE1:google_apis\gaia\gaia_auth_util.cc:53] Canonicalized @gmail.com to @gmail.com
[11124:15784:0914/204150.973:VERBOSE1:components\signin\core\browser\account_reconcilor.cc:145] AccountReconcilor::AccountReconcilor
[11124:15784:0914/204150.973:VERBOSE1:components\signin\core\browser\account_reconcilor.cc:168] AccountReconcilor::Initialize
[11124:15784:0914/204150.973:VERBOSE1:components\signin\core\browser\account_reconcilor.cc:221] AccountReconcilor::RegisterWithContentSettings
[11124:15784:0914/204150.974:VERBOSE1:components\signin\core\browser\account_reconcilor.cc:244] AccountReconcilor::RegisterWithIdentityManager
[11124:15784:0914/204150.974:VERBOSE1:components\proxy_config\pref_proxy_config_tracker_impl.cc:466] 0x21e400050780: set chrome proxy config service to 0x21e4001a3de0
[11124:15784:0914/204150.974:VERBOSE1:chrome\browser\permissions\prediction_service\prediction_model_handler_provider_factory.cc:62] [PermissionsAI]: PredictionModelHandlerProviderFactory::BuildServiceInstanceForBrowserContext
[11124:15784:0914/204150.974:VERBOSE1:chrome\browser\permissions\prediction_service\prediction_model_handler_provider_factory.cc:99] [PermissionsAI]: PredictionModelHandlerProviderFactory::BuildServiceInstanceForBrowserContext PermissionsAIv4 not enabled, passage embedder not setup.
[11124:15784:0914/204150.974:VERBOSE1:chrome\browser\permissions\prediction_service\prediction_model_handler_provider.cc:55] [PermissionsAI] PredictionModelHandlerProvider ctor passage_embedder available: false
[11124:15784:0914/204150.974:VERBOSE1:chrome\browser\permissions\prediction_service\prediction_model_handler_provider.cc:58] [PermissionsAI] PredictionModelHandlerProvider ctor optimization_guide available: true
[11124:15784:0914/204150.974:VERBOSE1:components\signin\internal\identity_manager\mutable_profile_oauth2_token_service_delegate.cc:461] MutablePO2TS::RefreshTokenIsAvailable
[11124:15784:0914/204150.974:VERBOSE1:components\signin\internal\identity_manager\mutable_profile_oauth2_token_service_delegate.cc:461] MutablePO2TS::RefreshTokenIsAvailable
[11124:15784:0914/204150.984:VERBOSE1:components\signin\internal\identity_manager\mutable_profile_oauth2_token_service_delegate.cc:461] MutablePO2TS::RefreshTokenIsAvailable
[11124:15784:0914/204150.984:VERBOSE1:components\actor\core\aggregated_journal.cc:145] [ActorTool]: GlicActorPolicyChecker::ComputeActOnWebCapability: outcome=kNo reasons=kAccountCapabilityIneligible 
[11124:15784:0914/204150.984:VERBOSE1:components\signin\internal\identity_manager\mutable_profile_oauth2_token_service_delegate.cc:461] MutablePO2TS::RefreshTokenIsAvailable
[11124:15784:0914/204150.984:VERBOSE1:components\actor\core\aggregated_journal.cc:145] [ActorTool]: GlicActorPolicyChecker::ComputeActOnWebCapability: outcome=kNo reasons=kAccountCapabilityIneligible 
[11124:15784:0914/204150.984:VERBOSE1:components\signin\internal\identity_manager\mutable_profile_oauth2_token_service_delegate.cc:461] MutablePO2TS::RefreshTokenIsAvailable
[11124:15784:0914/204150.984:VERBOSE1:components\signin\internal\identity_manager\mutable_profile_oauth2_token_service_delegate.cc:461] MutablePO2TS::RefreshTokenIsAvailable
[11124:15784:0914/204150.984:VERBOSE1:components\signin\internal\identity_manager\mutable_profile_oauth2_token_service_delegate.cc:461] MutablePO2TS::RefreshTokenIsAvailable
[11124:15784:0914/204150.984:VERBOSE1:components\signin\internal\identity_manager\mutable_profile_oauth2_token_service_delegate.cc:461] MutablePO2TS::RefreshTokenIsAvailable
[11124:15784:0914/204150.984:VERBOSE1:components\signin\internal\identity_manager\mutable_profile_oauth2_token_service_delegate.cc:461] MutablePO2TS::RefreshTokenIsAvailable
[11124:15784:0914/204150.985:VERBOSE1:components\signin\internal\identity_manager\mutable_profile_oauth2_token_service_delegate.cc:461] MutablePO2TS::RefreshTokenIsAvailable
[11124:15784:0914/204150.985:VERBOSE1:components\signin\internal\identity_manager\mutable_profile_oauth2_token_service_delegate.cc:461] MutablePO2TS::RefreshTokenIsAvailable
[11124:15784:0914/204150.985:VERBOSE1:components\signin\internal\identity_manager\mutable_profile_oauth2_token_service_delegate.cc:461] MutablePO2TS::RefreshTokenIsAvailable
[11124:15784:0914/204150.985:VERBOSE1:components\signin\internal\identity_manager\mutable_profile_oauth2_token_service_delegate.cc:461] MutablePO2TS::RefreshTokenIsAvailable
[11124:15784:0914/204150.987:VERBOSE1:components\signin\internal\identity_manager\mutable_profile_oauth2_token_service_delegate.cc:461] MutablePO2TS::RefreshTokenIsAvailable
[11124:15784:0914/204150.991:VERBOSE1:extensions\browser\extension_registrar.cc:575] AddComponentExtension Chrome PDF Viewer
[11124:15784:0914/204150.991:VERBOSE1:extensions\browser\extension_registrar.cc:577] Component extension Chrome PDF Viewer (mhjfbmdgcfjbbpaeojofohoefgiehjai) installing/upgrading from '' to 1
[11124:15784:0914/204151.002:VERBOSE1:extensions\browser\extension_registrar.cc:575] AddComponentExtension Google Hangouts
[11124:15784:0914/204151.002:VERBOSE1:extensions\browser\extension_registrar.cc:577] Component extension Google Hangouts (nkeimhogjdpnpccoofpliimaahmaaome) installing/upgrading from '' to 1.3.26
[11124:15784:0914/204151.003:VERBOSE1:extensions\browser\extension_registrar.cc:575] AddComponentExtension Google Network Speech
[11124:15784:0914/204151.003:VERBOSE1:extensions\browser\extension_registrar.cc:577] Component extension Google Network Speech (fignfifoniblkonapihmkfakmlgkbkcf) installing/upgrading from '' to 1.0
[11124:15784:0914/204151.006:VERBOSE1:components\signin\internal\identity_manager\mutable_profile_oauth2_token_service_delegate.cc:461] MutablePO2TS::RefreshTokenIsAvailable
[11124:15784:0914/204151.007:VERBOSE1:components\signin\internal\identity_manager\mutable_profile_oauth2_token_service_delegate.cc:461] MutablePO2TS::RefreshTokenIsAvailable
[11124:15784:0914/204151.007:VERBOSE1:components\signin\internal\identity_manager\mutable_profile_oauth2_token_service_delegate.cc:461] MutablePO2TS::RefreshTokenIsAvailable
[11124:15784:0914/204151.009:VERBOSE1:components\component_updater\installer_policies\on_device_head_suggest_component_installer.cc:59] On Device Head Component will fetch model for locale: ENUS500000
[11124:15784:0914/204151.009:VERBOSE1:chrome\browser\component_updater\trust_token_key_commitments_component_installer.cc:22] Registering Trust Token Key Commitments component.
[11124:15784:0914/204151.009:VERBOSE1:chrome\browser\component_updater\first_party_sets_component_installer.cc:40] Registering Related Website Sets component.
[11124:15784:0914/204151.009:VERBOSE1:chrome\browser\component_updater\privacy_sandbox_attestations_component_installer.cc:181] Registering Privacy Sandbox Attestations component
[11124:15784:0914/204151.009:VERBOSE1:components\component_updater\installer_policies\actor_safety_lists_component_installer.cc:141] Registering Actor Safety Lists Component.
[11124:15784:0914/204151.009:VERBOSE1:chrome\browser\component_updater\file_type_policies_component_installer.cc:126] Registering File Type Policies component.
[11124:15784:0914/204151.009:VERBOSE1:chrome\browser\component_updater\hyphenation_component_installer.cc:148] Registering Hyphenation component.
[11124:15784:0914/204151.009:VERBOSE1:chrome\browser\component_updater\translate_kit_component_installer.cc:210] Registering TranslateKit component.
[11124:15784:0914/204151.009:VERBOSE1:chrome\browser\component_updater\wasm_tts_engine_component_installer.cc:286] Registering WASM TTS Engine component.
[11124:15784:0914/204151.009:VERBOSE1:chrome\browser\component_updater\captcha_provider_component_installer.cc:175] Registering Captcha Provider component.
[11124:15784:0914/204151.011:VERBOSE1:chrome\browser\profiles\profile_manager.cc:1405] AddKeepAlive(Default, kBrowserWindow). keep_alives=[kWaitingForFirstBrowserWindow (1), kBrowserWindow (1)]
[11124:15784:0914/204151.011:VERBOSE1:chrome\browser\profiles\profile_manager.cc:1487] ClearFirstBrowserWindowKeepAlive(Default). keep_alives=[kBrowserWindow (1)]
[11124:15784:0914/204151.012:VERBOSE1:components\signin\internal\identity_manager\mutable_profile_oauth2_token_service_delegate.cc:461] MutablePO2TS::RefreshTokenIsAvailable
[11124:15784:0914/204151.012:VERBOSE1:components\signin\internal\identity_manager\mutable_profile_oauth2_token_service_delegate.cc:461] MutablePO2TS::RefreshTokenIsAvailable
[11124:15784:0914/204151.014:VERBOSE1:components\signin\internal\identity_manager\mutable_profile_oauth2_token_service_delegate.cc:461] MutablePO2TS::RefreshTokenIsAvailable
[11124:15784:0914/204151.014:VERBOSE1:components\signin\internal\identity_manager\mutable_profile_oauth2_token_service_delegate.cc:461] MutablePO2TS::RefreshTokenIsAvailable
[11124:15784:0914/204151.014:VERBOSE1:components\signin\internal\identity_manager\mutable_profile_oauth2_token_service_delegate.cc:461] MutablePO2TS::RefreshTokenIsAvailable
[11124:15784:0914/204151.014:VERBOSE1:components\signin\internal\identity_manager\mutable_profile_oauth2_token_service_delegate.cc:461] MutablePO2TS::RefreshTokenIsAvailable
[11124:15784:0914/204151.014:VERBOSE1:components\signin\internal\identity_manager\mutable_profile_oauth2_token_service_delegate.cc:461] MutablePO2TS::RefreshTokenIsAvailable
[11124:15784:0914/204151.014:VERBOSE1:components\signin\internal\identity_manager\mutable_profile_oauth2_token_service_delegate.cc:461] MutablePO2TS::RefreshTokenIsAvailable
[11124:15784:0914/204151.014:VERBOSE1:components\signin\internal\identity_manager\mutable_profile_oauth2_token_service_delegate.cc:461] MutablePO2TS::RefreshTokenIsAvailable
[11124:15784:0914/204151.014:VERBOSE1:components\signin\internal\identity_manager\mutable_profile_oauth2_token_service_delegate.cc:461] MutablePO2TS::RefreshTokenIsAvailable
[11124:15784:0914/204151.014:VERBOSE1:components\signin\internal\identity_manager\mutable_profile_oauth2_token_service_delegate.cc:461] MutablePO2TS::RefreshTokenIsAvailable
[11124:15784:0914/204151.014:VERBOSE1:components\signin\internal\identity_manager\mutable_profile_oauth2_token_service_delegate.cc:461] MutablePO2TS::RefreshTokenIsAvailable
[11124:15784:0914/204151.014:VERBOSE1:components\signin\internal\identity_manager\mutable_profile_oauth2_token_service_delegate.cc:461] MutablePO2TS::RefreshTokenIsAvailable
[11124:15784:0914/204151.014:VERBOSE1:components\signin\internal\identity_manager\mutable_profile_oauth2_token_service_delegate.cc:461] MutablePO2TS::RefreshTokenIsAvailable
[11124:16664:0914/204151.022:VERBOSE1:components\component_updater\component_installer.cc:511] StartRegistration for Privacy Sandbox Attestations
[11124:15784:0914/204151.030:VERBOSE1:components\signin\internal\identity_manager\mutable_profile_oauth2_token_service_delegate.cc:461] MutablePO2TS::RefreshTokenIsAvailable
[11124:15784:0914/204151.030:VERBOSE1:components\signin\internal\identity_manager\mutable_profile_oauth2_token_service_delegate.cc:461] MutablePO2TS::RefreshTokenIsAvailable
[17260:13592:0914/204151.032:VERBOSE1:base\allocator\scheduler_loop_quarantine_config.cc:195] No entry found for gpu-process/global.
[17260:13592:0914/204151.032:VERBOSE1:base\allocator\scheduler_loop_quarantine_config.cc:195] No entry found for gpu-process/*.
[17260:13592:0914/204151.032:VERBOSE1:base\allocator\scheduler_loop_quarantine_config.cc:195] No entry found for gpu-process/main.
[11124:1636:0914/204151.036:VERBOSE1:net\disk_cache\simple\simple_index_file.cc:625] Simple Cache Index is being restored from disk.
[11124:16104:0914/204151.037:VERBOSE1:components\component_updater\component_installer.cc:511] StartRegistration for Chrome Improved Recovery
[11124:1636:0914/204151.038:VERBOSE1:components\component_updater\component_installer.cc:511] StartRegistration for Widevine Content Decryption Module
[11124:9756:0914/204151.038:VERBOSE1:components\component_updater\component_installer.cc:511] StartRegistration for Subresource Filter Rules
[11124:1636:0914/204151.038:VERBOSE1:components\component_updater\component_installer.cc:330] Preinstalled component found for Widevine Content Decryption Module at C:\Program Files\Google\Chrome\Application\152.0.7977.83\WidevineCdm with version 4.10.3050.0.
[11124:9756:0914/204151.040:VERBOSE1:components\component_updater\component_installer.cc:511] StartRegistration for OnDeviceHeadSuggest
[11124:1636:0914/204151.040:VERBOSE1:net\disk_cache\simple\simple_index_file.cc:625] Simple Cache Index is being restored from disk.
[11124:9756:0914/204151.041:VERBOSE1:components\component_updater\component_installer.cc:511] StartRegistration for Optimization Hints
[11124:9756:0914/204151.041:VERBOSE1:components\component_updater\component_installer.cc:511] StartRegistration for Trust Token Key Commitments
[11124:16104:0914/204151.041:VERBOSE1:components\component_updater\component_installer.cc:511] StartRegistration for Actor Safety Lists
[11124:15960:0914/204151.041:VERBOSE1:components\component_updater\component_installer.cc:511] StartRegistration for Certificate Error Assistant
[11124:16104:0914/204151.041:VERBOSE1:components\component_updater\component_installer.cc:511] StartRegistration for File Type Policies
[11124:9756:0914/204151.041:VERBOSE1:components\component_updater\component_installer.cc:511] StartRegistration for CRLSet
[11124:1636:0914/204151.041:VERBOSE1:components\component_updater\component_installer.cc:511] StartRegistration for Origin Trials
[11124:9756:0914/204151.041:VERBOSE1:components\component_updater\component_installer.cc:511] StartRegistration for MEI Preload
[11124:1636:0914/204151.041:VERBOSE1:components\component_updater\component_installer.cc:511] StartRegistration for PKI Metadata
[11124:9756:0914/204151.041:VERBOSE1:components\component_updater\component_installer.cc:330] Preinstalled component found for MEI Preload at C:\Program Files\Google\Chrome\Application\152.0.7977.83\MEIPreload with version 1.0.7.1652906823.
[11124:16104:0914/204151.041:VERBOSE1:components\component_updater\component_installer.cc:511] StartRegistration for Safety Tips
[11124:9756:0914/204151.041:VERBOSE1:components\component_updater\component_installer.cc:511] StartRegistration for Crowd Deny
[11124:1636:0914/204151.041:VERBOSE1:components\component_updater\component_installer.cc:511] StartRegistration for Hyphenation
[11124:16104:0914/204151.041:VERBOSE1:components\component_updater\component_installer.cc:511] StartRegistration for Zxcvbn Data Dictionaries
[11124:9756:0914/204151.041:VERBOSE1:components\component_updater\component_installer.cc:511] StartRegistration for Amount Extraction Heuristic Regexes
[11124:16104:0914/204151.051:VERBOSE1:components\component_updater\component_installer.cc:511] StartRegistration for WASM TTS Engine
[11124:9756:0914/204151.052:VERBOSE1:components\component_updater\component_installer.cc:511] StartRegistration for Captcha Providers
[11124:16664:0914/204151.119:VERBOSE1:components\component_updater\component_installer.cc:330] Preinstalled component found for Privacy Sandbox Attestations at C:\Program Files\Google\Chrome\Application\152.0.7977.83\PrivacySandboxAttestationsPreloaded with version 2025.7.18.0.
[11124:15784:0914/204151.175:VERBOSE1:components\signin\internal\identity_manager\mutable_profile_oauth2_token_service_delegate.cc:461] MutablePO2TS::RefreshTokenIsAvailable
[17712:16580:0914/204151.234:VERBOSE1:base\allocator\scheduler_loop_quarantine_config.cc:195] No entry found for utility.net..workService/global.
[17712:16580:0914/204151.234:VERBOSE1:base\allocator\scheduler_loop_quarantine_config.cc:195] No entry found for utility.netwo..etworkService/*.
[17712:16580:0914/204151.235:VERBOSE1:base\allocator\scheduler_loop_quarantine_config.cc:195] No entry found for utility.netw..tworkService/main.
[11124:15784:0914/204151.262:VERBOSE1:components\signin\internal\identity_manager\mutable_profile_oauth2_token_service_delegate.cc:461] MutablePO2TS::RefreshTokenIsAvailable
[16496:1992:0914/204151.308:VERBOSE1:base\allocator\scheduler_loop_quarantine_config.cc:195] No entry found for utility.sto..rageService/global.
[16496:1992:0914/204151.308:VERBOSE1:base\allocator\scheduler_loop_quarantine_config.cc:195] No entry found for utility.stora..torageService/*.
[16496:1992:0914/204151.308:VERBOSE1:base\allocator\scheduler_loop_quarantine_config.cc:195] No entry found for utility.stor..orageService/main.
[11124:15784:0914/204151.308:VERBOSE1:components\signin\internal\identity_manager\mutable_profile_oauth2_token_service_delegate.cc:461] MutablePO2TS::RefreshTokenIsAvailable
[11124:15784:0914/204151.308:VERBOSE1:components\signin\internal\identity_manager\mutable_profile_oauth2_token_service_delegate.cc:461] MutablePO2TS::RefreshTokenIsAvailable
[17260:13592:0914/204151.329:ERROR:ui\gl\direct_composition_support.cc:254] GetGpuDriverOverlayInfo: Failed to retrieve video device
[17260:13592:0914/204151.334:VERBOSE1:components\viz\service\main\viz_main_impl.cc:87] VizNullHypothesis is disabled (not a warning)
[17260:14508:0914/204151.336:VERBOSE1:base\allocator\scheduler_loop_quarantine_config.cc:195] No entry found for gpu-process/viz-compositor.
[17260:13592:0914/204151.338:WARNING:ui\gl\direct_composition_support.cc:1245] QueryInterface to IDCompositionDevice4 failed: No such interface supported (0x80004002)
[11124:15784:0914/204151.341:VERBOSE1:chrome\browser\profiles\profile_manager.cc:1405] AddKeepAlive(Default, kHeadlessCommand). keep_alives=[kBrowserWindow (1), kHeadlessCommand (1)]
[11124:15784:0914/204151.352:VERBOSE1:components\signin\internal\identity_manager\mutable_profile_oauth2_token_service_delegate.cc:461] MutablePO2TS::RefreshTokenIsAvailable
[11124:15784:0914/204151.356:VERBOSE1:components\signin\internal\identity_manager\mutable_profile_oauth2_token_service_delegate.cc:461] MutablePO2TS::RefreshTokenIsAvailable
[11124:15784:0914/204151.385:VERBOSE1:components\signin\internal\identity_manager\mutable_profile_oauth2_token_service_delegate.cc:461] MutablePO2TS::RefreshTokenIsAvailable
[11124:15784:0914/204151.388:VERBOSE1:chrome\browser\profiles\profile_manager.cc:1405] AddKeepAlive(Default, kExtensionUpdater). keep_alives=[kBrowserWindow (1), kExtensionUpdater (1), kHeadlessCommand (1)]
[11124:15784:0914/204151.389:WARNING:chrome\browser\extensions\external_registry_loader_win.cc:236] Error observing HKLM: Access is denied. (0x5)
[11124:15784:0914/204151.389:VERBOSE1:components\component_updater\component_installer.cc:582] FinishRegistration for Chrome Improved Recovery
[11124:15784:0914/204151.389:VERBOSE1:components\component_updater\component_updater_service.cc:177] CrxUpdateService starting up. First update attempt will take place in 60 s seconds. Next update attempt will take place in 18000 s seconds. 
[11124:15784:0914/204151.389:VERBOSE1:components\component_updater\component_installer.cc:582] FinishRegistration for Widevine Content Decryption Module
[11124:15784:0914/204151.390:VERBOSE1:components\component_updater\component_installer.cc:620] Component ready, version 4.10.3050.0 in C:\Program Files\Google\Chrome\Application\152.0.7977.83\WidevineCdm
[11124:15784:0914/204151.390:VERBOSE1:components\component_updater\component_installer.cc:582] FinishRegistration for Subresource Filter Rules
[11124:15784:0914/204151.390:VERBOSE1:components\component_updater\component_installer.cc:582] FinishRegistration for OnDeviceHeadSuggest
[11124:15784:0914/204151.390:VERBOSE1:components\component_updater\component_installer.cc:582] FinishRegistration for Optimization Hints
[11124:15784:0914/204151.390:VERBOSE1:components\component_updater\component_installer.cc:582] FinishRegistration for Actor Safety Lists
[11124:15784:0914/204151.390:VERBOSE1:components\component_updater\component_installer.cc:582] FinishRegistration for Trust Token Key Commitments
[11124:15784:0914/204151.391:VERBOSE1:components\component_updater\component_installer.cc:582] FinishRegistration for CRLSet
[11124:15784:0914/204151.391:VERBOSE1:components\component_updater\component_installer.cc:582] FinishRegistration for Origin Trials
[11124:15784:0914/204151.391:VERBOSE1:components\component_updater\component_installer.cc:582] FinishRegistration for File Type Policies
[11124:15784:0914/204151.391:VERBOSE1:components\component_updater\component_installer.cc:582] FinishRegistration for MEI Preload
[11124:15784:0914/204151.391:VERBOSE1:components\component_updater\component_installer.cc:620] Component ready, version 1.0.7.1652906823 in C:\Program Files\Google\Chrome\Application\152.0.7977.83\MEIPreload
[11124:15784:0914/204151.391:VERBOSE1:components\component_updater\component_installer.cc:582] FinishRegistration for PKI Metadata
[11124:15784:0914/204151.391:VERBOSE1:components\component_updater\component_installer.cc:582] FinishRegistration for Safety Tips
[11124:15784:0914/204151.391:VERBOSE1:components\component_updater\component_installer.cc:582] FinishRegistration for Crowd Deny
[11124:15784:0914/204151.391:VERBOSE1:components\component_updater\component_installer.cc:582] FinishRegistration for Zxcvbn Data Dictionaries
[11124:15784:0914/204151.391:VERBOSE1:components\component_updater\component_installer.cc:582] FinishRegistration for Amount Extraction Heuristic Regexes
[11124:15784:0914/204151.391:VERBOSE1:components\component_updater\component_installer.cc:582] FinishRegistration for Hyphenation
[11124:15784:0914/204151.391:VERBOSE1:components\component_updater\component_installer.cc:582] FinishRegistration for WASM TTS Engine
[11124:15784:0914/204151.391:VERBOSE1:components\component_updater\component_installer.cc:582] FinishRegistration for Certificate Error Assistant
[11124:15784:0914/204151.391:VERBOSE1:components\component_updater\component_installer.cc:582] FinishRegistration for Captcha Providers
[11124:15784:0914/204151.402:VERBOSE1:components\component_updater\component_installer.cc:582] FinishRegistration for Privacy Sandbox Attestations
[11124:15784:0914/204151.402:VERBOSE1:components\component_updater\component_installer.cc:620] Component ready, version 2025.7.18.0 in C:\Program Files\Google\Chrome\Application\152.0.7977.83\PrivacySandboxAttestationsPreloaded
[11124:15784:0914/204151.402:VERBOSE1:chrome\browser\component_updater\privacy_sandbox_attestations_component_installer.cc:111] Privacy Sandbox Attestations Component ready, version 2025.7.18.0 in C:\Program Files\Google\Chrome\Application\152.0.7977.83\PrivacySandboxAttestationsPreloaded
[11124:15784:0914/204151.402:VERBOSE1:chrome\browser\component_updater\privacy_sandbox_attestations_component_installer.cc:188] Received privacy sandbox attestations file
[11124:15784:0914/204151.423:VERBOSE1:chrome\browser\component_updater\widevine_cdm_component_installer.cc:94] Registering Widevine CDM 4.10.3050.0 with Chrome
[11124:15784:0914/204151.428:VERBOSE1:components\signin\internal\identity_manager\mutable_profile_oauth2_token_service_delegate.cc:461] MutablePO2TS::RefreshTokenIsAvailable
[11124:15784:0914/204151.442:VERBOSE1:components\privacy_sandbox\privacy_sandbox_attestations\privacy_sandbox_attestations.cc:480] Parsed Privacy Sandbox Attestation list version: 2025.7.18.0
[11124:15784:0914/204151.442:VERBOSE1:components\privacy_sandbox\privacy_sandbox_attestations\privacy_sandbox_attestations.cc:482] Number of attestation entries: 263
[11124:15784:0914/204151.446:VERBOSE1:chrome\browser\web_applications\locks\partitioned_lock_manager.cc:262] Acquiring <PartitionedLockId>{id: 0x31, partition: 0} for ScheduleAllFixes@chrome\browser\web_applications\generated_icon_fix_manager.cc:79
[11124:15784:0914/204151.446:VERBOSE1:chrome\browser\web_applications\locks\partitioned_lock_manager.cc:243] All locks acquired for ScheduleAllFixes@chrome\browser\web_applications\generated_icon_fix_manager.cc:79
[11124:8068:0914/204151.447:VERBOSE1:extensions\browser\content_verifier\content_verifier.cc:944] OnFetchComplete mhjfbmdgcfjbbpaeojofohoefgiehjai success:0
[11124:8068:0914/204151.447:VERBOSE1:extensions\browser\content_verifier\content_verifier.cc:944] OnFetchComplete nkeimhogjdpnpccoofpliimaahmaaome success:0
[11124:8068:0914/204151.448:VERBOSE1:extensions\browser\content_verifier\content_verifier.cc:944] OnFetchComplete fignfifoniblkonapihmkfakmlgkbkcf success:0
[11124:15784:0914/204151.451:VERBOSE1:chrome\browser\web_applications\locks\partitioned_lock_manager.cc:286] Releasing <PartitionedLockId>{id: 0x31, partition: 0} requested by ScheduleAllFixes@chrome\browser\web_applications\generated_icon_fix_manager.cc:79
[11124:15784:0914/204151.451:VERBOSE1:chrome\browser\web_applications\locks\partitioned_lock_manager.cc:318] Acquiring <PartitionedLockId>{id: 0x31, partition: 0} for OnSyncBridgeReady@chrome\browser\web_applications\web_app_provider.cc:573
[11124:15784:0914/204151.451:VERBOSE1:chrome\browser\web_applications\locks\partitioned_lock_manager.cc:243] All locks acquired for OnSyncBridgeReady@chrome\browser\web_applications\web_app_provider.cc:573
[11124:15784:0914/204151.461:VERBOSE1:chrome\browser\web_applications\locks\partitioned_lock_manager.cc:286] Releasing <PartitionedLockId>{id: 0x31, partition: 0} requested by OnSyncBridgeReady@chrome\browser\web_applications\web_app_provider.cc:573
[11124:15784:0914/204151.468:VERBOSE1:components\segmentation_platform\internal\signals\signal_filter_processor.cc:61] Segmentation platform started observing Session.TotalDuration
[11124:15784:0914/204151.468:VERBOSE1:components\segmentation_platform\internal\signals\signal_filter_processor.cc:61] Segmentation platform started observing Commerce.PriceDrops.ActiveTabNavigationComplete.IsProductDetailPage
[11124:15784:0914/204151.468:VERBOSE1:components\segmentation_platform\internal\signals\signal_filter_processor.cc:54] Segmentation platform started observing Autofill_PolledCreditCardSuggestions
[11124:15784:0914/204151.468:VERBOSE1:components\segmentation_platform\internal\signals\signal_filter_processor.cc:61] Segmentation platform started observing IOS.ParcelTracking.Tracked.AutoTrack
[11124:15784:0914/204151.468:VERBOSE1:components\segmentation_platform\internal\signals\signal_filter_processor.cc:61] Segmentation platform started observing Omnibox.SuggestionUsed.ClientSummarizedResultType
[11124:15784:0914/204151.468:VERBOSE1:components\segmentation_platform\internal\signals\signal_filter_processor.cc:54] Segmentation platform started observing MetadataWriter
[11124:15784:0914/204151.468:VERBOSE1:components\segmentation_platform\internal\signals\signal_filter_processor.cc:61] Segmentation platform started observing Sync.DeviceCount2
[11124:15784:0914/204151.468:VERBOSE1:components\segmentation_platform\internal\signals\signal_filter_processor.cc:61] Segmentation platform started observing Sync.DeviceCount2.Phone
[11124:15784:0914/204151.468:VERBOSE1:components\segmentation_platform\internal\signals\signal_filter_processor.cc:61] Segmentation platform started observing Sync.DeviceCount2.Desktop
[11124:15784:0914/204151.468:VERBOSE1:components\segmentation_platform\internal\signals\signal_filter_processor.cc:61] Segmentation platform started observing Sync.DeviceCount2.Tablet
[11124:15784:0914/204151.468:VERBOSE1:components\segmentation_platform\internal\signals\signal_filter_processor.cc:54] Segmentation platform started observing MobileBookmarkManagerOpen
[11124:15784:0914/204151.468:VERBOSE1:components\segmentation_platform\internal\signals\signal_filter_processor.cc:54] Segmentation platform started observing NewTabPage.MostVisited.Clicked
[11124:15784:0914/204151.469:VERBOSE1:components\segmentation_platform\internal\signals\signal_filter_processor.cc:54] Segmentation platform started observing TabGroup.Created.OpenInNewTab
[11124:15784:0914/204151.469:VERBOSE1:components\segmentation_platform\internal\signals\signal_filter_processor.cc:54] Segmentation platform started observing Android.HistoryPage.OpenItem
[11124:15784:0914/204151.469:VERBOSE1:components\segmentation_platform\internal\signals\signal_filter_processor.cc:54] Segmentation platform started observing MobileMenuRecentTabs
[11124:15784:0914/204151.469:VERBOSE1:components\segmentation_platform\internal\signals\signal_filter_processor.cc:61] Segmentation platform started observing PasswordManager.ManagePasswordsReferrer
[11124:15784:0914/204151.469:VERBOSE1:components\segmentation_platform\internal\signals\signal_filter_processor.cc:61] Segmentation platform started observing PasswordManager.ProfileStore.TotalAccountsHiRes3.WithScheme.Https
[11124:15784:0914/204151.469:VERBOSE1:components\segmentation_platform\internal\signals\signal_filter_processor.cc:61] Segmentation platform started observing PasswordManager.FillingAssistance
[11124:15784:0914/204151.469:VERBOSE1:components\segmentation_platform\internal\signals\signal_filter_processor.cc:61] Segmentation platform started observing PasswordManager.SavedPasswordIsGenerated
[11124:15784:0914/204151.469:VERBOSE1:components\segmentation_platform\internal\signals\signal_filter_processor.cc:61] Segmentation platform started observing PasswordManager.SaveUIDismissalReason
[11124:15784:0914/204151.469:VERBOSE1:components\segmentation_platform\internal\signals\signal_filter_processor.cc:61] Segmentation platform started observing PasswordManager.SaveUIDismissalReason
[11124:15784:0914/204151.469:VERBOSE1:components\segmentation_platform\internal\signals\signal_filter_processor.cc:61] Segmentation platform started observing IOS.CredentialExtension.IsEnabled.Startup
[11124:15784:0914/204151.469:VERBOSE1:components\segmentation_platform\internal\signals\signal_filter_processor.cc:61] Segmentation platform started observing Session.TotalDuration
[11124:15784:0914/204151.472:VERBOSE1:chrome\browser\local_discovery\service_discovery_device_lister.cc:36] DeviceListerStart: service_type: _googlecast._tcp.local
[11124:15784:0914/204151.472:VERBOSE1:chrome\browser\local_discovery\service_discovery_device_lister.cc:42] DiscoverNewDevices: service_type: _googlecast._tcp.local
[13704:15592:0914/204151.518:VERBOSE1:base\allocator\scheduler_loop_quarantine_config.cc:195] No entry found for renderer/global.
[13704:15592:0914/204151.519:VERBOSE1:base\allocator\scheduler_loop_quarantine_config.cc:195] No entry found for renderer/*.
[13704:15592:0914/204151.519:VERBOSE1:base\allocator\scheduler_loop_quarantine_config.cc:195] No entry found for renderer/main.
[13704:15592:0914/204151.571:INFO:third_party\webrtc\rtc_base\cpu_info.cc:77] Available number of cores: 4
[17712:3096:0914/204151.578:VERBOSE1:net\base\network_delegate.cc:38] NetworkDelegate::NotifyBeforeURLRequest: http://clients2.google.com/time/1/current?cup2key=10:pfwKIFOOvc8s5GFg55GBlRgeq22HzAE57ky4cgy3XB4&cup2hreq=e3b0c44298fc1c149afbf4c8996fb92427ae41e4649b934ca495991b7852b855
[17712:3096:0914/204151.586:VERBOSE1:net\base\network_delegate.cc:38] NetworkDelegate::NotifyBeforeURLRequest: https://clients2.google.com/service/update2/crx?os=win&arch=x64&prod=chromecrx&prodchannel=&prodversion=152.0.7977.83&lang=en-US&acceptformat=crx3,puff&x=id%3Dghbmnnjooekpmoecnnnilnnbdlolhkhi%26v%3D0.0.0.0%26installedby%3Dinternal%26uc%26brand%3DCHBF%26ping%3Dr%253D-1%2526e%253D1&x=id%3Dnmmhkkegccagdldgiimedpiccmgmieda%26v%3D0.0.0.0%26installedby%3Dother%26uc%26brand%3DCHBF%26ping%3Dr%253D-1%2526e%253D1
[17712:3096:0914/204151.586:VERBOSE1:net\base\network_delegate.cc:38] NetworkDelegate::NotifyBeforeURLRequest: https://www.google.com/async/folae?async=_fmt:pb&udm=50&client_locale=en-US&client_country=in
[17712:3096:0914/204151.588:VERBOSE1:net\base\network_delegate.cc:38] NetworkDelegate::NotifyBeforeURLRequest: https://www.gstatic.com/ohttp_gateway/hpke_public_keys/sbc_prod?key=AIzaSyA2KlwBX3mkFo30om9LUFYQhpqLoa_BNhE
[17712:3096:0914/204151.598:VERBOSE1:net\base\network_delegate.cc:38] NetworkDelegate::NotifyBeforeURLRequest: https://accounts.google.com/ListAccounts?gpsia=1&source=ChromiumBrowser&json=standard&laf=b64bin
[17712:3096:0914/204151.598:VERBOSE1:net\base\network_delegate.cc:38] NetworkDelegate::NotifyBeforeURLRequest: https://clientservices.googleapis.com/chrome-variations/seed?osname=win&channel=stable&milestone=152
[11124:9332:0914/204151.641:VERBOSE1:net\disk_cache\simple\simple_index_file.cc:625] Simple Cache Index is being restored from disk.
[11124:15784:0914/204151.676:VERBOSE1:components\segmentation_platform\internal\selection\segment_result_provider.cc:136] GetSegmentResult: segment=OPTIMIZATION_TARGET_SEGMENTATION_DEVICE_SWITCHER ignoring DB score, executing model.
[11124:15784:0914/204151.676:VERBOSE1:components\segmentation_platform\internal\selection\segment_result_provider.cc:277] ExecuteModelAndGetScore: segment=OPTIMIZATION_TARGET_SEGMENTATION_DEVICE_SWITCHER server segment info not available
[11124:15784:0914/204151.676:VERBOSE1:components\segmentation_platform\internal\selection\segment_result_provider.cc:210] OnGotModelScore: segment=OPTIMIZATION_TARGET_SEGMENTATION_DEVICE_SWITCHER failed to get database model score, trying default model.
[12192:10380:0914/204151.702:VERBOSE1:base\allocator\scheduler_loop_quarantine_config.cc:195] No entry found for renderer/global.
[12192:10380:0914/204151.702:VERBOSE1:base\allocator\scheduler_loop_quarantine_config.cc:195] No entry found for renderer/*.
[17112:5236:0914/204151.702:VERBOSE1:base\allocator\scheduler_loop_quarantine_config.cc:195] No entry found for renderer/global.
[17112:5236:0914/204151.702:VERBOSE1:base\allocator\scheduler_loop_quarantine_config.cc:195] No entry found for renderer/*.
[12192:10380:0914/204151.702:VERBOSE1:base\allocator\scheduler_loop_quarantine_config.cc:195] No entry found for renderer/main.
[17112:5236:0914/204151.702:VERBOSE1:base\allocator\scheduler_loop_quarantine_config.cc:195] No entry found for renderer/main.
[17712:1240:0914/204151.720:VERBOSE1:net\disk_cache\simple\simple_index_file.cc:625] Simple Cache Index is being restored from disk.
[11124:11052:0914/204151.731:VERBOSE1:components\signin\public\webdata\token_service_table.cc:259] Loaded tokens: result = 3 ; number of tokens loaded = 0
[11124:15784:0914/204151.731:VERBOSE1:components\signin\internal\identity_manager\mutable_profile_oauth2_token_service_delegate.cc:660] MutablePO2TS::OnWebDataServiceRequestDone. Result type: 6
[11124:15784:0914/204151.731:VERBOSE1:components\signin\internal\identity_manager\mutable_profile_oauth2_token_service_delegate.cc:722] MutablePO2TS::LoadAllCredentialsIntoMemory; 0 credential(s).
[11124:15784:0914/204151.731:VERBOSE1:components\signin\internal\identity_manager\mutable_profile_oauth2_token_service_delegate.cc:461] MutablePO2TS::RefreshTokenIsAvailable
[11124:15784:0914/204151.731:VERBOSE1:google_apis\gaia\gaia_auth_util.cc:53] Canonicalized @gmail.com to @gmail.com
[11124:15784:0914/204151.731:VERBOSE1:google_apis\gaia\gaia_auth_util.cc:53] Canonicalized @gmail.com to @gmail.com
[11124:15784:0914/204151.732:VERBOSE1:components\signin\internal\identity_manager\mutable_profile_oauth2_token_service_delegate.cc:461] MutablePO2TS::RefreshTokenIsAvailable
[12192:10380:0914/204151.732:INFO:third_party\webrtc\rtc_base\cpu_info.cc:77] Available number of cores: 4
[11124:15784:0914/204151.732:VERBOSE1:components\signin\internal\identity_manager\mutable_profile_oauth2_token_service_delegate.cc:461] MutablePO2TS::RefreshTokenIsAvailable
[11124:15784:0914/204151.732:VERBOSE1:components\signin\internal\identity_manager\mutable_profile_oauth2_token_service_delegate.cc:461] MutablePO2TS::RefreshTokenIsAvailable
[11124:15784:0914/204151.732:VERBOSE1:components\signin\internal\identity_manager\mutable_profile_oauth2_token_service_delegate.cc:461] MutablePO2TS::RefreshTokenIsAvailable
[11124:15784:0914/204151.732:VERBOSE1:components\signin\internal\identity_manager\mutable_profile_oauth2_token_service_delegate.cc:461] MutablePO2TS::RefreshTokenIsAvailable
[11124:15784:0914/204151.732:VERBOSE1:components\signin\internal\identity_manager\mutable_profile_oauth2_token_service_delegate.cc:461] MutablePO2TS::RefreshTokenIsAvailable
[11124:15784:0914/204151.732:VERBOSE1:components\signin\internal\identity_manager\mutable_profile_oauth2_token_service_delegate.cc:461] MutablePO2TS::RefreshTokenIsAvailable
[11124:15784:0914/204151.732:VERBOSE1:components\signin\internal\identity_manager\mutable_profile_oauth2_token_service_delegate.cc:461] MutablePO2TS::RefreshTokenIsAvailable
[11124:15784:0914/204151.733:VERBOSE1:components\signin\internal\identity_manager\mutable_profile_oauth2_token_service_delegate.cc:461] MutablePO2TS::RefreshTokenIsAvailable
[11124:15784:0914/204151.733:VERBOSE1:components\signin\internal\identity_manager\mutable_profile_oauth2_token_service_delegate.cc:461] MutablePO2TS::RefreshTokenIsAvailable
[11124:15784:0914/204151.733:VERBOSE1:components\signin\internal\identity_manager\mutable_profile_oauth2_token_service_delegate.cc:461] MutablePO2TS::RefreshTokenIsAvailable
[11124:15784:0914/204151.733:VERBOSE1:components\signin\internal\identity_manager\mutable_profile_oauth2_token_service_delegate.cc:461] MutablePO2TS::RefreshTokenIsAvailable
[11124:15784:0914/204151.733:VERBOSE1:components\signin\internal\identity_manager\mutable_profile_oauth2_token_service_delegate.cc:461] MutablePO2TS::RefreshTokenIsAvailable
[11124:15784:0914/204151.733:VERBOSE1:components\signin\internal\identity_manager\mutable_profile_oauth2_token_service_delegate.cc:461] MutablePO2TS::RefreshTokenIsAvailable
[11124:15784:0914/204151.733:VERBOSE1:components\signin\internal\identity_manager\mutable_profile_oauth2_token_service_delegate.cc:461] MutablePO2TS::RefreshTokenIsAvailable
[11124:15784:0914/204151.733:VERBOSE1:components\signin\internal\identity_manager\mutable_profile_oauth2_token_service_delegate.cc:461] MutablePO2TS::RefreshTokenIsAvailable
[11124:15784:0914/204151.734:VERBOSE1:components\signin\internal\identity_manager\mutable_profile_oauth2_token_service_delegate.cc:461] MutablePO2TS::RefreshTokenIsAvailable
[11124:15784:0914/204151.734:VERBOSE1:components\signin\internal\identity_manager\mutable_profile_oauth2_token_service_delegate.cc:461] MutablePO2TS::RefreshTokenIsAvailable
[11124:15784:0914/204151.734:VERBOSE1:components\signin\internal\identity_manager\mutable_profile_oauth2_token_service_delegate.cc:461] MutablePO2TS::RefreshTokenIsAvailable
[11124:15784:0914/204151.734:VERBOSE1:components\signin\internal\identity_manager\mutable_profile_oauth2_token_service_delegate.cc:461] MutablePO2TS::RefreshTokenIsAvailable
[11124:15784:0914/204151.734:VERBOSE1:components\signin\core\browser\account_reconcilor.cc:309] AccountReconcilor::OnEndBatchOfRefreshTokenStateChanges. Reconcilor state: 1
[17112:5236:0914/204151.745:INFO:third_party\webrtc\rtc_base\cpu_info.cc:77] Available number of cores: 4
[12320:15852:0914/204151.753:VERBOSE1:base\allocator\scheduler_loop_quarantine_config.cc:195] No entry found for renderer/global.
[12320:15852:0914/204151.753:VERBOSE1:base\allocator\scheduler_loop_quarantine_config.cc:195] No entry found for renderer/*.
[12320:15852:0914/204151.754:VERBOSE1:base\allocator\scheduler_loop_quarantine_config.cc:195] No entry found for renderer/main.
[12320:15852:0914/204151.784:INFO:third_party\webrtc\rtc_base\cpu_info.cc:77] Available number of cores: 4
[17712:3096:0914/204151.790:VERBOSE1:net\proxy_resolution\configured_proxy_resolution_service.cc:1225] Failed configuring with PAC script, falling-back to manual proxy servers.
[17712:3096:0914/204151.790:VERBOSE1:net\proxy_resolution\configured_proxy_resolution_service.cc:1225] Failed configuring with PAC script, falling-back to manual proxy servers.
[17712:3096:0914/204151.790:VERBOSE1:net\proxy_resolution\configured_proxy_resolution_service.cc:1225] Failed configuring with PAC script, falling-back to manual proxy servers.
[13704:15592:0914/204151.861:VERBOSE1:extensions\renderer\script_context.cc:150] Created context:
  extension id:           (none)
  frame:                  0x6a6c0203d9d8
  URL:                    
  context_type:           WEBUI
  effective extension id: (none)
  effective context type: WEBUI
[13704:15592:0914/204151.863:VERBOSE1:extensions\renderer\script_context.cc:150] Created context:
  extension id:           (none)
  frame:                  (nil)
  URL:                    
  context_type:           UNSPECIFIED
  effective extension id: (none)
  effective context type: UNSPECIFIED
[13704:15592:0914/204151.865:VERBOSE1:extensions\renderer\dispatcher.cc:487] Num tracked contexts: 1
[13704:15592:0914/204151.887:VERBOSE1:extensions\renderer\script_context.cc:150] Created context:
  extension id:           (none)
  frame:                  0x6a6c02031738
  URL:                    
  context_type:           WEBUI
  effective extension id: (none)
  effective context type: WEBUI
[13704:15592:0914/204151.887:VERBOSE1:extensions\renderer\script_context.cc:150] Created context:
  extension id:           (none)
  frame:                  (nil)
  URL:                    
  context_type:           UNSPECIFIED
  effective extension id: (none)
  effective context type: UNSPECIFIED
[13704:15592:0914/204151.888:VERBOSE1:extensions\renderer\dispatcher.cc:487] Num tracked contexts: 2
[12192:10380:0914/204151.939:VERBOSE1:extensions\renderer\script_context.cc:150] Created context:
  extension id:           nkeimhogjdpnpccoofpliimaahmaaome
  frame:                  0x2b4c02031738
  URL:                    
  context_type:           BLESSED_EXTENSION
  effective extension id: nkeimhogjdpnpccoofpliimaahmaaome
  effective context type: BLESSED_EXTENSION
[12192:10380:0914/204151.941:VERBOSE1:extensions\renderer\script_context.cc:150] Created context:
  extension id:           (none)
  frame:                  (nil)
  URL:                    
  context_type:           UNSPECIFIED
  effective extension id: (none)
  effective context type: UNSPECIFIED
[17112:5236:0914/204151.942:VERBOSE1:extensions\renderer\script_context.cc:150] Created context:
  extension id:           (none)
  frame:                  0xddc02031738
  URL:                    
  context_type:           WEBUI
  effective extension id: (none)
  effective context type: WEBUI
[12192:10380:0914/204151.943:VERBOSE1:extensions\renderer\dispatcher.cc:487] Num tracked contexts: 1
[17112:5236:0914/204151.944:VERBOSE1:extensions\renderer\script_context.cc:150] Created context:
  extension id:           (none)
  frame:                  (nil)
  URL:                    
  context_type:           UNSPECIFIED
  effective extension id: (none)
  effective context type: UNSPECIFIED
[17112:5236:0914/204151.945:VERBOSE1:extensions\renderer\dispatcher.cc:487] Num tracked contexts: 1
[17712:3096:0914/204151.974:VERBOSE1:net\third_party\quiche\src\quiche\quic\core\tls_handshaker.cc:109] TlsClient: Continuing handshake
[11124:15784:0914/204151.983:VERBOSE1:components\signin\internal\identity_manager\mutable_profile_oauth2_token_service_delegate.cc:461] MutablePO2TS::RefreshTokenIsAvailable
[11124:15784:0914/204151.983:VERBOSE1:components\signin\internal\identity_manager\mutable_profile_oauth2_token_service_delegate.cc:461] MutablePO2TS::RefreshTokenIsAvailable
[11124:15784:0914/204151.983:VERBOSE1:components\signin\internal\identity_manager\mutable_profile_oauth2_token_service_delegate.cc:461] MutablePO2TS::RefreshTokenIsAvailable
[11124:15784:0914/204151.983:VERBOSE1:components\signin\internal\identity_manager\mutable_profile_oauth2_token_service_delegate.cc:461] MutablePO2TS::RefreshTokenIsAvailable
[11124:15784:0914/204151.993:VERBOSE1:chrome\browser\enterprise\data_protection\data_protection_navigation_observer.cc:229] enterprise.data_protection: same document navigation: 0
[11124:15784:0914/204151.993:VERBOSE1:chrome\browser\enterprise\data_protection\data_protection_navigation_observer.cc:231] enterprise.data_protection: URL to scan: about:blank
[17712:3096:0914/204152.012:VERBOSE1:net\third_party\quiche\src\quiche\quic\core\tls_handshaker.cc:109] TlsClient: Continuing handshake
[17712:3096:0914/204152.012:VERBOSE1:net\third_party\quiche\src\quiche\quic\core\tls_handshaker.cc:109] TlsClient: Continuing handshake
[17712:3096:0914/204152.013:VERBOSE1:net\third_party\quiche\src\quiche\quic\core\tls_handshaker.cc:109] TlsClient: Continuing handshake
[17712:3096:0914/204152.014:VERBOSE1:net\third_party\quiche\src\quiche\quic\core\tls_handshaker.cc:109] TlsClient: Continuing handshake
[11124:15784:0914/204152.019:VERBOSE1:chrome\browser\ui\views\omnibox\omnibox_popup_closer.cc:63] Closing omnibox popup with reason: kRevertAll
[11124:15784:0914/204152.042:VERBOSE1:chrome\browser\ui\views\omnibox\omnibox_popup_closer.cc:63] Closing omnibox popup with reason: kBlur
[17712:3096:0914/204152.084:VERBOSE1:net\third_party\quiche\src\quiche\quic\core\tls_handshaker.cc:109] TlsClient: Continuing handshake
[11124:15784:0914/204152.180:VERBOSE1:components\signin\core\browser\account_reconcilor.cc:550] AccountReconcilor::OnAccountsInCookieUpdated: CookieJar 0 accounts, Reconcilor's state is 1, Error was 
[11124:15784:0914/204152.180:VERBOSE1:components\signin\core\browser\account_reconcilor.cc:644] AccountReconcilor::LoadValidAccountsFromTokenService: Chrome 0 accounts
[11124:15784:0914/204152.180:VERBOSE1:components\signin\core\browser\account_reconcilor.cc:786] AccountReconcilor::CalculateIfMultiloginReconcileIsDone: Error was 
[11124:15784:0914/204152.180:VERBOSE1:components\signin\core\browser\account_reconcilor.cc:680] AccountReconcilor::StartReconcileIfChromeAccountsChanged
[11124:15784:0914/204152.182:VERBOSE1:components\signin\core\browser\account_reconcilor.cc:550] AccountReconcilor::OnAccountsInCookieUpdated: CookieJar 0 accounts, Reconcilor's state is 1, Error was 
[11124:15784:0914/204152.182:VERBOSE1:components\signin\core\browser\account_reconcilor.cc:644] AccountReconcilor::LoadValidAccountsFromTokenService: Chrome 0 accounts
[11124:15784:0914/204152.182:VERBOSE1:components\signin\core\browser\account_reconcilor.cc:786] AccountReconcilor::CalculateIfMultiloginReconcileIsDone: Error was 
[11124:15784:0914/204152.182:VERBOSE1:components\signin\core\browser\account_reconcilor.cc:680] AccountReconcilor::StartReconcileIfChromeAccountsChanged
[12320:8312:0914/204152.216:VERBOSE1:extensions\renderer\script_context.cc:150] Created context:
  extension id:           fignfifoniblkonapihmkfakmlgkbkcf
  frame:                  (nil)
  URL:                    
  context_type:           BLESSED_EXTENSION
  effective extension id: fignfifoniblkonapihmkfakmlgkbkcf
  effective context type: BLESSED_EXTENSION
[12320:8312:0914/204152.227:VERBOSE1:extensions\renderer\script_context.cc:150] Created context:
  extension id:           (none)
  frame:                  (nil)
  URL:                    
  context_type:           UNSPECIFIED
  effective extension id: (none)
  effective context type: UNSPECIFIED
[17712:3096:0914/204152.288:VERBOSE1:components\domain_reliability\scheduler.cc:184] Scheduling upload for between 60 and 300 seconds from now.
[17712:3096:0914/204152.288:VERBOSE1:net\base\network_delegate.cc:38] NetworkDelegate::NotifyBeforeURLRequest: https://www.google.com/async/folae?async=_fmt:pb&udm=50&client_locale=en-US&client_country=in
[17712:3096:0914/204152.331:VERBOSE1:net\third_party\quiche\src\quiche\quic\core\tls_handshaker.cc:109] TlsClient: Continuing handshake
[17712:3096:0914/204152.341:VERBOSE1:net\third_party\quiche\src\quiche\quic\core\tls_handshaker.cc:109] TlsClient: Continuing handshake
[17712:3096:0914/204152.342:VERBOSE1:net\third_party\quiche\src\quiche\quic\core\tls_handshaker.cc:130] TlsClient: SSL_do_handshake returned when entering early data. After retry, rv=-1, SSL_in_early_data=1
[13704:15592:0914/204152.354:VERBOSE1:third_party\blink\renderer\core\script\modulator_impl_base.cc:142] "Import Map: \"chrome://resources/js/load_time_data.js\" skips prefix match because of non-special URL scheme"
[13704:15592:0914/204152.354:VERBOSE1:third_party\blink\renderer\core\script\modulator_impl_base.cc:142] "Import Map: \"chrome://resources/lit/v3_0/lit.rollup.js\" skips prefix match because of non-special URL scheme"
[13704:15592:0914/204152.354:VERBOSE1:third_party\blink\renderer\core\script\modulator_impl_base.cc:142] "Import Map: \"chrome://resources/mojo/mojo/public/js/bindings.js\" skips prefix match because of non-special URL scheme"
[13704:15592:0914/204152.354:VERBOSE1:third_party\blink\renderer\core\script\modulator_impl_base.cc:142] "Import Map: \"chrome://resources/js/cr.js\" skips prefix match because of non-special URL scheme"
[13704:15592:0914/204152.354:VERBOSE1:third_party\blink\renderer\core\script\modulator_impl_base.cc:142] "Import Map: \"chrome://resources/mojo/mojo/public/mojom/base/string16.mojom-webui.js\" skips prefix match because of non-special URL scheme"
[13704:15592:0914/204152.354:VERBOSE1:third_party\blink\renderer\core\script\modulator_impl_base.cc:142] "Import Map: \"chrome://resources/mojo/mojo/public/mojom/base/time.mojom-webui.js\" skips prefix match because of non-special URL scheme"
[13704:15592:0914/204152.354:VERBOSE1:third_party\blink\renderer\core\script\modulator_impl_base.cc:142] "Import Map: \"chrome://resources/mojo/url/mojom/url.mojom-webui.js\" skips prefix match because of non-special URL scheme"
[13704:15592:0914/204152.354:VERBOSE1:third_party\blink\renderer\core\script\modulator_impl_base.cc:142] "Import Map: \"chrome://omnibox-popup.top-chrome/strings.m.js\" skips prefix match because of non-special URL scheme"
[13704:15592:0914/204152.354:VERBOSE1:third_party\blink\renderer\core\script\modulator_impl_base.cc:142] "Import Map: \"chrome://resources/cr_components/color_change_listener/color_change_listener.mojom-webui.js\" skips prefix match because of non-special URL scheme"
[13704:15592:0914/204152.364:VERBOSE1:third_party\blink\renderer\core\script\modulator_impl_base.cc:142] "Import Map: \"chrome://resources/js/assert.js\" skips prefix match because of non-special URL scheme"
[13704:15592:0914/204152.368:VERBOSE1:third_party\blink\renderer\core\script\modulator_impl_base.cc:142] "Import Map: \"chrome://resources/js/load_time_data.js\" skips prefix match because of non-special URL scheme"
[17712:3096:0914/204152.369:VERBOSE1:net\third_party\quiche\src\quiche\quic\core\tls_handshaker.cc:109] TlsClient: Continuing handshake
[17712:3096:0914/204152.369:VERBOSE1:net\third_party\quiche\src\quiche\quic\core\tls_handshaker.cc:109] TlsClient: Continuing handshake
[13704:15592:0914/204152.370:VERBOSE1:third_party\blink\renderer\core\script\modulator_impl_base.cc:142] "Import Map: \"chrome://resources/js/assert.js\" skips prefix match because of non-special URL scheme"
[13704:15592:0914/204152.371:VERBOSE1:third_party\blink\renderer\core\script\modulator_impl_base.cc:142] "Import Map: \"chrome://resources/js/promise_resolver.js\" skips prefix match because of non-special URL scheme"
[13704:15592:0914/204152.371:VERBOSE1:third_party\blink\renderer\core\script\modulator_impl_base.cc:142] "Import Map: \"chrome://resources/mojo/mojo/public/js/bindings.js\" skips prefix match because of non-special URL scheme"
[13704:15592:0914/204152.371:VERBOSE1:third_party\blink\renderer\core\script\modulator_impl_base.cc:142] "Import Map: \"chrome://resources/mojo/mojo/public/mojom/base/big_buffer.mojom-webui.js\" skips prefix match because of non-special URL scheme"
[13704:15592:0914/204152.371:VERBOSE1:third_party\blink\renderer\core\script\modulator_impl_base.cc:142] "Import Map: \"chrome://resources/mojo/mojo/public/mojom/base/string16.mojom-converters.js\" skips prefix match because of non-special URL scheme"
[13704:15592:0914/204152.371:VERBOSE1:third_party\blink\renderer\core\script\modulator_impl_base.cc:142] "Import Map: \"chrome://resources/mojo/mojo/public/mojom/base/string16_converter.js\" skips prefix match because of non-special URL scheme"
[13704:15592:0914/204152.371:VERBOSE1:third_party\blink\renderer\core\script\modulator_impl_base.cc:142] "Import Map: \"chrome://resources/mojo/mojo/public/js/bindings.js\" skips prefix match because of non-special URL scheme"
[13704:15592:0914/204152.371:VERBOSE1:third_party\blink\renderer\core\script\modulator_impl_base.cc:142] "Import Map: \"chrome://resources/mojo/mojo/public/mojom/base/time.mojom-converters.js\" skips prefix match because of non-special URL scheme"
[13704:15592:0914/204152.371:VERBOSE1:third_party\blink\renderer\core\script\modulator_impl_base.cc:142] "Import Map: \"chrome://resources/mojo/mojo/public/mojom/base/time_converters.js\" skips prefix match because of non-special URL scheme"
[13704:15592:0914/204152.373:VERBOSE1:third_party\blink\renderer\core\script\modulator_impl_base.cc:142] "Import Map: \"chrome://resources/mojo/mojo/public/js/bindings.js\" skips prefix match because of non-special URL scheme"
[13704:15592:0914/204152.373:VERBOSE1:third_party\blink\renderer\core\script\modulator_impl_base.cc:142] "Import Map: \"chrome://resources/mojo/url/mojom/url.mojom-converters.js\" skips prefix match because of non-special URL scheme"
[13704:15592:0914/204152.373:VERBOSE1:third_party\blink\renderer\core\script\modulator_impl_base.cc:142] "Import Map: \"chrome://resources/mojo/url/mojom/url_converter.js\" skips prefix match because of non-special URL scheme"
[13704:15592:0914/204152.373:VERBOSE1:third_party\blink\renderer\core\script\modulator_impl_base.cc:142] "Import Map: \"chrome://resources/mojo/mojo/public/js/bindings.js\" skips prefix match because of non-special URL scheme"
[14792:3716:0914/204152.403:VERBOSE1:base\allocator\scheduler_loop_quarantine_config.cc:195] No entry found for renderer/global.
[14792:3716:0914/204152.403:VERBOSE1:base\allocator\scheduler_loop_quarantine_config.cc:195] No entry found for renderer/*.
[14792:3716:0914/204152.404:VERBOSE1:base\allocator\scheduler_loop_quarantine_config.cc:195] No entry found for renderer/main.
[13704:15592:0914/204152.420:VERBOSE1:third_party\blink\renderer\core\script\modulator_impl_base.cc:142] "Import Map: \"chrome://resources/mojo/mojo/public/js/bindings.js\" skips prefix match because of non-special URL scheme"
[13704:15592:0914/204152.420:VERBOSE1:third_party\blink\renderer\core\script\modulator_impl_base.cc:142] "Import Map: \"chrome://resources/mojo/mojo/public/js/bindings.js\" skips prefix match because of non-special URL scheme"
[13704:15592:0914/204152.420:VERBOSE1:third_party\blink\renderer\core\script\modulator_impl_base.cc:142] "Import Map: \"chrome://resources/mojo/mojo/public/js/bindings.js\" skips prefix match because of non-special URL scheme"
[13704:15592:0914/204152.421:VERBOSE1:third_party\blink\renderer\core\script\modulator_impl_base.cc:142] "Import Map: \"chrome://resources/mojo/mojo/public/js/bindings.js\" skips prefix match because of non-special URL scheme"
[13704:15592:0914/204152.426:VERBOSE1:third_party\blink\renderer\core\script\modulator_impl_base.cc:142] "Import Map: \"chrome://resources/js/load_time_data.js\" skips prefix match because of non-special URL scheme"
[13704:15592:0914/204152.426:VERBOSE1:third_party\blink\renderer\core\script\modulator_impl_base.cc:142] "Import Map: \"chrome://resources/lit/v3_0/lit.rollup.js\" skips prefix match because of non-special URL scheme"
[13704:15592:0914/204152.426:VERBOSE1:third_party\blink\renderer\core\script\modulator_impl_base.cc:142] "Import Map: \"chrome://resources/mojo/mojo/public/js/bindings.js\" skips prefix match because of non-special URL scheme"
[13704:15592:0914/204152.426:VERBOSE1:third_party\blink\renderer\core\script\modulator_impl_base.cc:142] "Import Map: \"chrome://resources/js/cr.js\" skips prefix match because of non-special URL scheme"
[13704:15592:0914/204152.426:VERBOSE1:third_party\blink\renderer\core\script\modulator_impl_base.cc:142] "Import Map: \"chrome://resources/mojo/mojo/public/mojom/base/string16.mojom-webui.js\" skips prefix match because of non-special URL scheme"
[13704:15592:0914/204152.426:VERBOSE1:third_party\blink\renderer\core\script\modulator_impl_base.cc:142] "Import Map: \"chrome://resources/mojo/mojo/public/mojom/base/time.mojom-webui.js\" skips prefix match because of non-special URL scheme"
[13704:15592:0914/204152.426:VERBOSE1:third_party\blink\renderer\core\script\modulator_impl_base.cc:142] "Import Map: \"chrome://resources/mojo/url/mojom/url.mojom-webui.js\" skips prefix match because of non-special URL scheme"
[13704:15592:0914/204152.426:VERBOSE1:third_party\blink\renderer\core\script\modulator_impl_base.cc:142] "Import Map: \"chrome://omnibox-popup.top-chrome/strings.m.js\" skips prefix match because of non-special URL scheme"
[13704:15592:0914/204152.426:VERBOSE1:third_party\blink\renderer\core\script\modulator_impl_base.cc:142] "Import Map: \"chrome://resources/cr_components/color_change_listener/color_change_listener.mojom-webui.js\" skips prefix match because of non-special URL scheme"
[14792:3716:0914/204152.454:INFO:third_party\webrtc\rtc_base\cpu_info.cc:77] Available number of cores: 4
[13704:15592:0914/204152.578:VERBOSE1:third_party\blink\renderer\core\script\modulator_impl_base.cc:142] "Import Map: \"chrome://resources/mojo/mojo/public/js/bindings.js\" skips prefix match because of non-special URL scheme"
[13704:15592:0914/204152.578:VERBOSE1:third_party\blink\renderer\core\script\modulator_impl_base.cc:142] "Import Map: \"chrome://resources/mojo/mojo/public/mojom/base/big_buffer.mojom-webui.js\" skips prefix match because of non-special URL scheme"
[13704:15592:0914/204152.578:VERBOSE1:third_party\blink\renderer\core\script\modulator_impl_base.cc:142] "Import Map: \"chrome://resources/mojo/mojo/public/mojom/base/string16.mojom-converters.js\" skips prefix match because of non-special URL scheme"
[13704:15592:0914/204152.578:VERBOSE1:third_party\blink\renderer\core\script\modulator_impl_base.cc:142] "Import Map: \"chrome://resources/mojo/mojo/public/mojom/base/string16_converter.js\" skips prefix match because of non-special URL scheme"
[13704:15592:0914/204152.589:VERBOSE1:third_party\blink\renderer\core\script\modulator_impl_base.cc:142] "Import Map: \"chrome://resources/mojo/mojo/public/js/bindings.js\" skips prefix match because of non-special URL scheme"
[13704:15592:0914/204152.589:VERBOSE1:third_party\blink\renderer\core\script\modulator_impl_base.cc:142] "Import Map: \"chrome://resources/mojo/url/mojom/url.mojom-converters.js\" skips prefix match because of non-special URL scheme"
[13704:15592:0914/204152.589:VERBOSE1:third_party\blink\renderer\core\script\modulator_impl_base.cc:142] "Import Map: \"chrome://resources/mojo/url/mojom/url_converter.js\" skips prefix match because of non-special URL scheme"
[13704:15592:0914/204152.590:VERBOSE1:third_party\blink\renderer\core\script\modulator_impl_base.cc:142] "Import Map: \"chrome://resources/mojo/mojo/public/js/bindings.js\" skips prefix match because of non-special URL scheme"
[13704:15592:0914/204152.590:VERBOSE1:third_party\blink\renderer\core\script\modulator_impl_base.cc:142] "Import Map: \"chrome://resources/mojo/mojo/public/mojom/base/time.mojom-converters.js\" skips prefix match because of non-special URL scheme"
[13704:15592:0914/204152.590:VERBOSE1:third_party\blink\renderer\core\script\modulator_impl_base.cc:142] "Import Map: \"chrome://resources/mojo/mojo/public/mojom/base/time_converters.js\" skips prefix match because of non-special URL scheme"
[13704:15592:0914/204152.593:VERBOSE1:third_party\blink\renderer\core\script\modulator_impl_base.cc:142] "Import Map: \"chrome://resources/js/assert.js\" skips prefix match because of non-special URL scheme"
[13704:15592:0914/204152.593:VERBOSE1:third_party\blink\renderer\core\script\modulator_impl_base.cc:142] "Import Map: \"chrome://resources/mojo/mojo/public/js/bindings.js\" skips prefix match because of non-special URL scheme"
[13704:15592:0914/204152.594:VERBOSE1:third_party\blink\renderer\core\script\modulator_impl_base.cc:142] "Import Map: \"chrome://resources/js/assert.js\" skips prefix match because of non-special URL scheme"
[13704:15592:0914/204152.595:VERBOSE1:third_party\blink\renderer\core\script\modulator_impl_base.cc:142] "Import Map: \"chrome://resources/js/promise_resolver.js\" skips prefix match because of non-special URL scheme"
[13704:15592:0914/204152.595:VERBOSE1:third_party\blink\renderer\core\script\modulator_impl_base.cc:142] "Import Map: \"chrome://resources/js/load_time_data.js\" skips prefix match because of non-special URL scheme"
[13704:15592:0914/204152.607:VERBOSE1:third_party\blink\renderer\core\script\modulator_impl_base.cc:142] "Import Map: \"chrome://resources/mojo/mojo/public/js/bindings.js\" skips prefix match because of non-special URL scheme"
[13704:15592:0914/204152.607:VERBOSE1:third_party\blink\renderer\core\script\modulator_impl_base.cc:142] "Import Map: \"chrome://resources/mojo/mojo/public/js/bindings.js\" skips prefix match because of non-special URL scheme"
[13704:15592:0914/204152.608:VERBOSE1:third_party\blink\renderer\core\script\modulator_impl_base.cc:142] "Import Map: \"chrome://resources/mojo/mojo/public/js/bindings.js\" skips prefix match because of non-special URL scheme"
[13704:15592:0914/204152.608:VERBOSE1:third_party\blink\renderer\core\script\modulator_impl_base.cc:142] "Import Map: \"chrome://resources/mojo/mojo/public/js/bindings.js\" skips prefix match because of non-special URL scheme"
[13084:8336:0914/204152.864:VERBOSE1:base\allocator\scheduler_loop_quarantine_config.cc:195] No entry found for utility.dat..oderService/global.
[13084:8336:0914/204152.864:VERBOSE1:base\allocator\scheduler_loop_quarantine_config.cc:195] No entry found for utility.data_..ecoderService/*.
[13084:8336:0914/204152.865:VERBOSE1:base\allocator\scheduler_loop_quarantine_config.cc:195] No entry found for utility.data..coderService/main.
[14792:3716:0914/204153.045:VERBOSE1:extensions\renderer\script_context.cc:150] Created context:
  extension id:           (none)
  frame:                  0x3f0c02031738
  URL:                    
  context_type:           WEB_PAGE
  effective extension id: (none)
  effective context type: WEB_PAGE
[14792:3716:0914/204153.047:VERBOSE1:extensions\renderer\script_context.cc:150] Created context:
  extension id:           (none)
  frame:                  (nil)
  URL:                    
  context_type:           UNSPECIFIED
  effective extension id: (none)
  effective context type: UNSPECIFIED
[14792:3716:0914/204153.047:VERBOSE1:extensions\renderer\dispatcher.cc:487] Num tracked contexts: 1
[11124:15784:0914/204153.072:VERBOSE1:chrome\browser\enterprise\data_protection\data_protection_navigation_observer.cc:229] enterprise.data_protection: same document navigation: 0
[11124:15784:0914/204153.072:VERBOSE1:chrome\browser\enterprise\data_protection\data_protection_navigation_observer.cc:231] enterprise.data_protection: URL to scan: http://localhost:8080/__boot-employee.html
[11124:15784:0914/204153.073:VERBOSE1:components\signin\internal\identity_manager\mutable_profile_oauth2_token_service_delegate.cc:461] MutablePO2TS::RefreshTokenIsAvailable
[17712:3096:0914/204153.074:VERBOSE1:net\base\network_delegate.cc:38] NetworkDelegate::NotifyBeforeURLRequest: http://localhost:8080/__boot-employee.html
[17712:3096:0914/204153.192:VERBOSE1:net\base\network_delegate.cc:38] NetworkDelegate::NotifyBeforeURLRequest: https://clients2.googleusercontent.com/crx/blobs/Abe5cL52Ck7wwBnDbvvaEM8Oys3YhBoz1H4zJji-sPceoOdZToQTBAV4GlXcdDDxfkjcfz5qxdFTcE2lflMFl4fMGxVILhkmRUDCUedenZrbMgJjiqxwNWFY8QWXMTKglhEAxlKa5bX6YVRdAaNJ1smXVmii4akl_LN2/GHBMNNJOOEKPMOECNNNILNNBDLOLHKHI_1_110_1_0.crx
[14792:3716:0914/204153.209:VERBOSE1:extensions\renderer\dispatcher.cc:682] Num tracked contexts: 0
[11124:15784:0914/204153.215:VERBOSE1:content\browser\back_forward_cache\back_forward_cache_impl.cc:867] BackForwardCacheImpl::GetCurrentBackForwardCacheEligibility: about:blank : No: HTTP status is not OK, scheme is not HTTP or HTTPS, Browsing instance is not swapped
[14792:3716:0914/204153.215:VERBOSE1:extensions\renderer\script_context.cc:150] Created context:
  extension id:           (none)
  frame:                  0x3f0c02149668
  URL:                    
  context_type:           WEB_PAGE
  effective extension id: (none)
  effective context type: WEB_PAGE
[11124:15784:0914/204153.215:VERBOSE1:content\browser\back_forward_cache\back_forward_cache_impl.cc:867] BackForwardCacheImpl::GetCompleteBackForwardCacheEligibilityForReporting: about:blank : No: HTTP status is not OK, scheme is not HTTP or HTTPS, Browsing instance is not swapped
[14792:3716:0914/204153.215:VERBOSE1:extensions\renderer\script_context.cc:150] Created context:
  extension id:           (none)
  frame:                  (nil)
  URL:                    
  context_type:           UNSPECIFIED
  effective extension id: (none)
  effective context type: UNSPECIFIED
[14792:3716:0914/204153.216:VERBOSE1:extensions\renderer\dispatcher.cc:487] Num tracked contexts: 1
[14792:3716:0914/204153.218:VERBOSE1:extensions\renderer\script_context.cc:163] Destroyed context for extension
  extension id: 
  effective extension id: 
[14792:3716:0914/204153.218:VERBOSE1:extensions\renderer\script_context.cc:163] Destroyed context for extension
  extension id: 
  effective extension id: 
[11124:15784:0914/204153.224:VERBOSE1:chrome\browser\ui\views\omnibox\omnibox_popup_closer.cc:63] Closing omnibox popup with reason: kRevertAll
[11124:15784:0914/204153.243:VERBOSE1:chrome\browser\enterprise\data_protection\data_protection_navigation_observer.cc:229] enterprise.data_protection: same document navigation: 0
[11124:15784:0914/204153.243:VERBOSE1:chrome\browser\enterprise\data_protection\data_protection_navigation_observer.cc:231] enterprise.data_protection: URL to scan: http://localhost:8080/employee/dashboard
[11124:15784:0914/204153.244:VERBOSE1:components\signin\internal\identity_manager\mutable_profile_oauth2_token_service_delegate.cc:461] MutablePO2TS::RefreshTokenIsAvailable
[17712:3096:0914/204153.244:VERBOSE1:net\base\network_delegate.cc:38] NetworkDelegate::NotifyBeforeURLRequest: http://localhost:8080/employee/dashboard
[14792:3716:0914/204153.272:VERBOSE1:extensions\renderer\dispatcher.cc:682] Num tracked contexts: 0
[14792:3716:0914/204153.277:VERBOSE1:extensions\renderer\script_context.cc:150] Created context:
  extension id:           (none)
  frame:                  0x3f0c0215db20
  URL:                    
  context_type:           WEB_PAGE
  effective extension id: (none)
  effective context type: WEB_PAGE
[14792:3716:0914/204153.277:VERBOSE1:extensions\renderer\script_context.cc:150] Created context:
  extension id:           (none)
  frame:                  (nil)
  URL:                    
  context_type:           UNSPECIFIED
  effective extension id: (none)
  effective context type: UNSPECIFIED
[14792:3716:0914/204153.278:VERBOSE1:extensions\renderer\dispatcher.cc:487] Num tracked contexts: 1
[11124:15784:0914/204153.278:VERBOSE1:content\browser\back_forward_cache\back_forward_cache_impl.cc:867] BackForwardCacheImpl::GetCurrentBackForwardCacheEligibility: http://localhost:8080/__boot-employee.html : No: frame is not fully loaded, blocklisted features: parser was aborted, Browsing instance is not swapped
[11124:15784:0914/204153.279:VERBOSE1:content\browser\back_forward_cache\back_forward_cache_impl.cc:867] BackForwardCacheImpl::GetCompleteBackForwardCacheEligibilityForReporting: http://localhost:8080/__boot-employee.html : No: frame is not fully loaded, blocklisted features: parser was aborted, Browsing instance is not swapped
[14792:3716:0914/204153.279:VERBOSE1:extensions\renderer\script_context.cc:163] Destroyed context for extension
  extension id: 
  effective extension id: 
[14792:3716:0914/204153.279:VERBOSE1:extensions\renderer\script_context.cc:163] Destroyed context for extension
  extension id: 
  effective extension id: 
[11124:15784:0914/204153.286:VERBOSE1:chrome\browser\ui\views\omnibox\omnibox_popup_closer.cc:63] Closing omnibox popup with reason: kRevertAll
[17712:3096:0914/204153.292:VERBOSE1:net\base\network_delegate.cc:38] NetworkDelegate::NotifyBeforeURLRequest: http://localhost:8080/assets/index-DQZ8Smm3.js
[17712:3096:0914/204153.292:VERBOSE1:net\base\network_delegate.cc:38] NetworkDelegate::NotifyBeforeURLRequest: http://localhost:8080/assets/index-C5ORTpls.css
[11124:15784:0914/204153.405:VERBOSE1:chrome\browser\enterprise\data_protection\data_protection_navigation_observer.cc:229] enterprise.data_protection: same document navigation: 1
[11124:15784:0914/204153.405:VERBOSE1:chrome\browser\enterprise\data_protection\data_protection_navigation_observer.cc:231] enterprise.data_protection: URL to scan: http://localhost:8080/employee/dashboard
[11124:15784:0914/204153.412:VERBOSE1:chrome\browser\profiles\profile_manager.cc:1405] AddKeepAlive(Default, kExtensionUpdater). keep_alives=[kBrowserWindow (1), kExtensionUpdater (2), kHeadlessCommand (1)]
[17712:3096:0914/204153.412:VERBOSE1:net\base\network_delegate.cc:38] NetworkDelegate::NotifyBeforeURLRequest: http://redirector.gvt1.com/edgedl/chromewebstore/L2Nocm9tZV9leHRlbnNpb24vYmxvYnMvNzI0QUFXNV9zT2RvdUwyMERESEZGVmJnQQ/1.0.0.6_nmmhkkegccagdldgiimedpiccmgmieda.crx
[17712:3096:0914/204153.541:VERBOSE1:net\base\network_delegate.cc:38] NetworkDelegate::NotifyBeforeURLRequest: http://localhost:8080/favicon.svg
[17712:3096:0914/204153.565:VERBOSE1:net\base\network_delegate.cc:38] NetworkDelegate::NotifyBeforeURLRequest: http://r1---sn-t5niuxa-cage.gvt1.com/edgedl/chromewebstore/L2Nocm9tZV9leHRlbnNpb24vYmxvYnMvNzI0QUFXNV9zT2RvdUwyMERESEZGVmJnQQ/1.0.0.6_nmmhkkegccagdldgiimedpiccmgmieda.crx?cms_redirect=yes&met=1789398713,&mh=e_&mip=118.151.210.202&mm=28&mn=sn-t5niuxa-cage&ms=nvh&mt=1789398180&mv=u&mvi=1&pl=24&rms=nvh,nvh&shardbypass=sd
[11124:15784:0914/204153.672:VERBOSE1:chrome\browser\profiles\profile_manager.cc:1405] AddKeepAlive(Default, kExtensionUpdater). keep_alives=[kBrowserWindow (1), kExtensionUpdater (3), kHeadlessCommand (1)]
[11124:15784:0914/204153.713:VERBOSE1:chrome\browser\profiles\profile_manager.cc:1405] AddKeepAlive(Default, kSessionDataDeleter). keep_alives=[kBrowserWindow (1), kSessionDataDeleter (1), kExtensionUpdater (3), kHeadlessCommand (1)]
[11124:15784:0914/204153.723:VERBOSE1:chrome\browser\profiles\profile_manager.cc:1466] RemoveKeepAlive(Default, kSessionDataDeleter). keep_alives=[kBrowserWindow (1), kExtensionUpdater (3), kHeadlessCommand (1)]
[13704:15592:0914/204153.743:VERBOSE1:extensions\renderer\dispatcher.cc:682] Num tracked contexts: 1
[11124:15784:0914/204153.797:VERBOSE1:chrome\browser\profiles\profile_manager.cc:1466] RemoveKeepAlive(Default, kBrowserWindow). keep_alives=[kExtensionUpdater (3), kHeadlessCommand (1)]
[11124:15784:0914/204153.831:VERBOSE1:components\actor\core\aggregated_journal.cc:145] [ActorTool]: ActorKeyedService::Shutdown: 
[11124:15784:0914/204153.831:VERBOSE1:components\signin\core\browser\account_reconcilor.cc:207] AccountReconcilor::Shutdown
[11124:15784:0914/204153.831:VERBOSE1:components\signin\core\browser\account_reconcilor.cc:662] AccountReconcilor::AbortReconcile: try again later
[11124:15784:0914/204153.831:VERBOSE1:components\signin\core\browser\account_reconcilor.cc:786] AccountReconcilor::CalculateIfMultiloginReconcileIsDone: Error was 
[11124:15784:0914/204153.831:VERBOSE1:components\signin\core\browser\account_reconcilor.cc:257] AccountReconcilor::UnregisterWithIdentityManager
[11124:15784:0914/204153.831:VERBOSE1:components\signin\core\browser\account_reconcilor.cc:234] AccountReconcilor::UnregisterWithContentSettings
[11124:15784:0914/204153.832:VERBOSE1:components\signin\internal\identity_manager\mutable_profile_oauth2_token_service_delegate.cc:1088] MutablePO2TS::Shutdown
[11124:15784:0914/204153.832:VERBOSE1:components\signin\internal\identity_manager\mutable_profile_oauth2_token_service_delegate.cc:370] MutablePO2TS::~MutablePO2TS
[11124:15784:0914/204153.835:VERBOSE1:components\sync_user_events\user_event_sync_bridge.cc:77] UserEvents during destruction: 0
[11124:15784:0914/204153.835:VERBOSE1:components\signin\core\browser\account_reconcilor.cc:151] AccountReconcilor::~AccountReconcilor
[11124:15784:0914/204153.835:VERBOSE1:chrome\browser\security_events\security_event_sync_bridge_impl.cc:66] SecurityEvents during destruction: 0
[11124:15784:0914/204153.835:VERBOSE1:components\consent_auditor\consent_sync_bridge_impl.cc:77] UserConsents during destruction: 0
[11124:15784:0914/204153.856:VERBOSE1:components\component_updater\component_updater_service.cc:194] CrxUpdateService stopping
[17712:3096:0914/204153.884:WARNING:components\prefs\pref_notifier_impl.cc:26] Init observer found at shutdown.
[17712:15824:0914/204153.897:WARNING:net\extras\sqlite\sqlite_persistent_store_backend_base.cc:181] Failed to post task from FlushAndNotifyInBackground@net\extras\sqlite\sqlite_persistent_store_backend_base.cc:231 to client_task_runner_.
[17712:15824:0914/204153.897:WARNING:net\extras\sqlite\sqlite_persistent_store_backend_base.cc:181] Failed to post task from FlushAndNotifyInBackground@net\extras\sqlite\sqlite_persistent_store_backend_base.cc:231 to client_task_runner_.
[14176:10944:0914/204154.290:VERBOSE1:base\allocator\scheduler_loop_quarantine_config.cc:195] No entry found for renderer/global.
[14176:10944:0914/204154.290:VERBOSE1:base\allocator\scheduler_loop_quarantine_config.cc:195] No entry found for renderer/*.
[14176:10944:0914/204154.290:VERBOSE1:base\allocator\scheduler_loop_quarantine_config.cc:195] No entry found for renderer/main.
[11124:15784:0914/204154.369:VERBOSE1:components\component_updater\component_updater_service.cc:194] CrxUpdateService stopping
[14176:10944:0914/204154.394:INFO:third_party\webrtc\rtc_base\cpu_info.cc:77] Available number of cores: 4
[11124:15784:0914/204154.420:VERBOSE1:base\metrics\statistics_recorder.cc:631] Collections of all histograms
Histogram: Accessibility.CaptionSettingsLoadedFromSystemSettings recorded 5 samples, mean = 0.0 (flags = 0x1)
0  -----O                                                                    (5 = 100.0%)
1  ... 

Histogram: Accessibility.ImageLabels2 recorded 1 samples, mean = 0.0 (flags = 0x1)
0  -O                                                                        (1 = 100.0%)
1  ... 

Histogram: Accessibility.InlineTextBoxes.PresentInUpdate recorded 90 samples, mean = 0.0 (flags = 0x1)
0  ------------------------------------------------------------------------O (90 = 100.0%)
1  ... 

Histogram: Accessibility.LiveCaption.FeatureEnabled2 recorded 1 samples, mean = 1.0 (flags = 0x1)
0  O                                                                         (0 = 0.0%)
1  -O                                                                        (1 = 100.0%) {0.0%}
2  O                                                                         (0 = 0.0%) {100.0%}

Histogram: Accessibility.LiveCaption2 recorded 1 samples, mean = 0.0 (flags = 0x1)
0  -O                                                                        (1 = 100.0%)
1  ... 

Histogram: Accessibility.ManuallyEnabled recorded 1 samples, mean = 0.0 (flags = 0x1)
0  -O                                                                        (1 = 100.0%)
1  ... 

Histogram: Accessibility.Performance.AXTree.Destroy2 recorded 90 samples, mean = 0.0 (flags = 0x1)
0  ------------------------------------------------------------------------O (90 = 100.0%)
1  ... 

Histogram: Accessibility.Performance.Tree.Unserialize2 recorded 90 samples, mean = 9.7 (flags = 0x1)
0   ... 
2   -----O                                                                    (5 = 5.6%) {0.0%}
3   --------------O                                                           (14 = 15.6%) {5.6%}
4   --------------O                                                           (14 = 15.6%) {21.1%}
5   ------------O                                                             (12 = 13.3%) {36.7%}
7   -------------O                                                            (13 = 14.4%) {50.0%}
9   -------O                                                                  (7 = 7.8%) {64.4%}
12  --------O                                                                 (8 = 8.9%) {72.2%}
16  ---------O                                                                (9 = 10.0%) {81.1%}
21  -----O                                                                    (5 = 5.6%) {91.1%}
28  --O                                                                       (2 = 2.2%) {96.7%}
37  ... 
86  -O                                                                        (1 = 1.1%) {98.9%}
113 ... 

Histogram: Accessibility.ScreenAI.DeviceCompatible recorded 1 samples, mean = 1.0 (flags = 0x1)
0  O                                                                         (0 = 0.0%)
1  -O                                                                        (1 = 100.0%) {0.0%}
2  O                                                                         (0 = 0.0%) {100.0%}

Histogram: Accessibility.WebSpeech.IsOnDeviceSpeechRecognitionSupported recorded 1 samples, mean = 1.0 (flags = 0x1)
0  O                                                                         (0 = 0.0%)
1  -O                                                                        (1 = 100.0%) {0.0%}
2  O                                                                         (0 = 0.0%) {100.0%}

Histogram: Accessibility.WinHighContrastTheme recorded 1 samples, mean = 0.0 (flags = 0x1)
0  -O                                                                        (1 = 100.0%)
1  ... 

Histogram: Actor.MayOriginGatePageTransition recorded 2 samples, mean = 0.0 (flags = 0x1)
0  --O                                                                       (2 = 100.0%)
1  ... 

Histogram: AppBanners.InstallableStatusCode recorded 2 samples (flags = 0x1)
6  --O                                                                       (2 = 100.0%)

Histogram: Autofill.Address.IsEnabled.Startup recorded 1 samples, mean = 1.0 (flags = 0x1)
0  O                                                                         (0 = 0.0%)
1  -O                                                                        (1 = 100.0%) {0.0%}
2  O                                                                         (0 = 0.0%) {100.0%}

Histogram: Autofill.Ai.Deduplication.NumberOfLocalEntitiesConsidered.AllEntities recorded 1 samples, mean = 0.0 (flags = 0x1)
0  -O                                                                        (1 = 100.0%)
1  ... 

Histogram: Autofill.Ai.Deduplication.NumberOfLocalEntitiesDeduped.AllEntities recorded 1 samples, mean = 0.0 (flags = 0x1)
0  -O                                                                        (1 = 100.0%)
1  ... 

Histogram: Autofill.Ai.OptIn.Status.Startup recorded 1 samples, mean = 0.0 (flags = 0x1)
0  -O                                                                        (1 = 100.0%)
1  ... 

Histogram: Autofill.Ai.StoredEntitiesCount.DriversLicense recorded 1 samples, mean = 0.0 (flags = 0x1)
0  -O                                                                        (1 = 100.0%)
1  ... 

Histogram: Autofill.Ai.StoredEntitiesCount.DriversLicense.Local recorded 1 samples, mean = 0.0 (flags = 0x1)
0  -O                                                                        (1 = 100.0%)
1  ... 

Histogram: Autofill.Ai.StoredEntitiesCount.DriversLicense.PersonalContext recorded 1 samples, mean = 0.0 (flags = 0x1)
0  -O                                                                        (1 = 100.0%)
1  ... 

Histogram: Autofill.Ai.StoredEntitiesCount.DriversLicense.ServerWallet recorded 1 samples, mean = 0.0 (flags = 0x1)
0  -O                                                                        (1 = 100.0%)
1  ... 

Histogram: Autofill.Ai.StoredEntitiesCount.FlightReservation recorded 1 samples, mean = 0.0 (flags = 0x1)
0  -O                                                                        (1 = 100.0%)
1  ... 

Histogram: Autofill.Ai.StoredEntitiesCount.FlightReservation.Local recorded 1 samples, mean = 0.0 (flags = 0x1)
0  -O                                                                        (1 = 100.0%)
1  ... 

Histogram: Autofill.Ai.StoredEntitiesCount.FlightReservation.PersonalContext recorded 1 samples, mean = 0.0 (flags = 0x1)
0  -O                                                                        (1 = 100.0%)
1  ... 

Histogram: Autofill.Ai.StoredEntitiesCount.FlightReservation.ServerWallet recorded 1 samples, mean = 0.0 (flags = 0x1)
0  -O                                                                        (1 = 100.0%)
1  ... 

Histogram: Autofill.Ai.StoredEntitiesCount.KnownTravelerNumber recorded 1 samples, mean = 0.0 (flags = 0x1)
0  -O                                                                        (1 = 100.0%)
1  ... 

Histogram: Autofill.Ai.StoredEntitiesCount.KnownTravelerNumber.Local recorded 1 samples, mean = 0.0 (flags = 0x1)
0  -O                                                                        (1 = 100.0%)
1  ... 

Histogram: Autofill.Ai.StoredEntitiesCount.KnownTravelerNumber.PersonalContext recorded 1 samples, mean = 0.0 (flags = 0x1)
0  -O                                                                        (1 = 100.0%)
1  ... 

Histogram: Autofill.Ai.StoredEntitiesCount.KnownTravelerNumber.ServerWallet recorded 1 samples, mean = 0.0 (flags = 0x1)
0  -O                                                                        (1 = 100.0%)
1  ... 

Histogram: Autofill.Ai.StoredEntitiesCount.NationalIdCard recorded 1 samples, mean = 0.0 (flags = 0x1)
0  -O                                                                        (1 = 100.0%)
1  ... 

Histogram: Autofill.Ai.StoredEntitiesCount.NationalIdCard.Local recorded 1 samples, mean = 0.0 (flags = 0x1)
0  -O                                                                        (1 = 100.0%)
1  ... 

Histogram: Autofill.Ai.StoredEntitiesCount.NationalIdCard.PersonalContext recorded 1 samples, mean = 0.0 (flags = 0x1)
0  -O                                                                        (1 = 100.0%)
1  ... 

Histogram: Autofill.Ai.StoredEntitiesCount.NationalIdCard.ServerWallet recorded 1 samples, mean = 0.0 (flags = 0x1)
0  -O                                                                        (1 = 100.0%)
1  ... 

Histogram: Autofill.Ai.StoredEntitiesCount.Order recorded 1 samples, mean = 0.0 (flags = 0x1)
0  -O                                                                        (1 = 100.0%)
1  ... 

Histogram: Autofill.Ai.StoredEntitiesCount.Order.Local recorded 1 samples, mean = 0.0 (flags = 0x1)
0  -O                                                                        (1 = 100.0%)
1  ... 

Histogram: Autofill.Ai.StoredEntitiesCount.Order.PersonalContext recorded 1 samples, mean = 0.0 (flags = 0x1)
0  -O                                                                        (1 = 100.0%)
1  ... 

Histogram: Autofill.Ai.StoredEntitiesCount.Order.ServerWallet recorded 1 samples, mean = 0.0 (flags = 0x1)
0  -O                                                                        (1 = 100.0%)
1  ... 

Histogram: Autofill.Ai.StoredEntitiesCount.Passport recorded 1 samples, mean = 0.0 (flags = 0x1)
0  -O                                                                        (1 = 100.0%)
1  ... 

Histogram: Autofill.Ai.StoredEntitiesCount.Passport.Local recorded 1 samples, mean = 0.0 (flags = 0x1)
0  -O                                                                        (1 = 100.0%)
1  ... 

Histogram: Autofill.Ai.StoredEntitiesCount.Passport.PersonalContext recorded 1 samples, mean = 0.0 (flags = 0x1)
0  -O                                                                        (1 = 100.0%)
1  ... 

Histogram: Autofill.Ai.StoredEntitiesCount.Passport.ServerWallet recorded 1 samples, mean = 0.0 (flags = 0x1)
0  -O                                                                        (1 = 100.0%)
1  ... 

Histogram: Autofill.Ai.StoredEntitiesCount.RedressNumber recorded 1 samples, mean = 0.0 (flags = 0x1)
0  -O                                                                        (1 = 100.0%)
1  ... 

Histogram: Autofill.Ai.StoredEntitiesCount.RedressNumber.Local recorded 1 samples, mean = 0.0 (flags = 0x1)
0  -O                                                                        (1 = 100.0%)
1  ... 

Histogram: Autofill.Ai.StoredEntitiesCount.RedressNumber.PersonalContext recorded 1 samples, mean = 0.0 (flags = 0x1)
0  -O                                                                        (1 = 100.0%)
1  ... 

Histogram: Autofill.Ai.StoredEntitiesCount.RedressNumber.ServerWallet recorded 1 samples, mean = 0.0 (flags = 0x1)
0  -O                                                                        (1 = 100.0%)
1  ... 

Histogram: Autofill.Ai.StoredEntitiesCount.Shipment recorded 1 samples, mean = 0.0 (flags = 0x1)
0  -O                                                                        (1 = 100.0%)
1  ... 

Histogram: Autofill.Ai.StoredEntitiesCount.Shipment.Local recorded 1 samples, mean = 0.0 (flags = 0x1)
0  -O                                                                        (1 = 100.0%)
1  ... 

Histogram: Autofill.Ai.StoredEntitiesCount.Shipment.PersonalContext recorded 1 samples, mean = 0.0 (flags = 0x1)
0  -O                                                                        (1 = 100.0%)
1  ... 

Histogram: Autofill.Ai.StoredEntitiesCount.Shipment.ServerWallet recorded 1 samples, mean = 0.0 (flags = 0x1)
0  -O                                                                        (1 = 100.0%)
1  ... 

Histogram: Autofill.Ai.StoredEntitiesCount.Vehicle recorded 1 samples, mean = 0.0 (flags = 0x1)
0  -O                                                                        (1 = 100.0%)
1  ... 

Histogram: Autofill.Ai.StoredEntitiesCount.Vehicle.Local recorded 1 samples, mean = 0.0 (flags = 0x1)
0  -O                                                                        (1 = 100.0%)
1  ... 

Histogram: Autofill.Ai.StoredEntitiesCount.Vehicle.PersonalContext recorded 1 samples, mean = 0.0 (flags = 0x1)
0  -O                                                                        (1 = 100.0%)
1  ... 

Histogram: Autofill.Ai.StoredEntitiesCount.Vehicle.ServerWallet recorded 1 samples, mean = 0.0 (flags = 0x1)
0  -O                                                                        (1 = 100.0%)
1  ... 

Histogram: Autofill.Ai.WalletContextualSurfacingEnabled recorded 1 samples, mean = 0.0 (flags = 0x1)
0  -O                                                                        (1 = 100.0%)
1  ... 

Histogram: Autofill.Bnpl.IssuersSyncedCount.Startup recorded 1 samples, mean = 0.0 (flags = 0x1)
0  -O                                                                        (1 = 100.0%)
1  ... 

Histogram: Autofill.CreditCard.IsEnabled.Startup recorded 1 samples, mean = 1.0 (flags = 0x1)
0  O                                                                         (0 = 0.0%)
1  -O                                                                        (1 = 100.0%) {0.0%}
2  O                                                                         (0 = 0.0%) {100.0%}

Histogram: Autofill.Funnel.ParsedAsType.Address recorded 6 samples, mean = 0.0 (flags = 0x1)
0  ------O                                                                   (6 = 100.0%)
1  ... 

Histogram: Autofill.Funnel.ParsedAsType.CreditCard recorded 6 samples, mean = 0.0 (flags = 0x1)
0  ------O                                                                   (6 = 100.0%)
1  ... 

Histogram: Autofill.Funnel.ParsedAsType.EmailOnly recorded 6 samples, mean = 0.0 (flags = 0x1)
0  ------O                                                                   (6 = 100.0%)
1  ... 

Histogram: Autofill.Funnel.ParsedAsType.LoyaltyCard recorded 6 samples, mean = 0.0 (flags = 0x1)
0  ------O                                                                   (6 = 100.0%)
1  ... 

Histogram: Autofill.Funnel.ParsedAsType.OneTimePassword recorded 6 samples, mean = 0.0 (flags = 0x1)
0  ------O                                                                   (6 = 100.0%)
1  ... 

Histogram: Autofill.Funnel.ParsedAsType.PostalAddress recorded 6 samples, mean = 0.0 (flags = 0x1)
0  ------O                                                                   (6 = 100.0%)
1  ... 

Histogram: Autofill.Funnel.ParsedAsType.StandaloneCvc recorded 6 samples, mean = 0.0 (flags = 0x1)
0  ------O                                                                   (6 = 100.0%)
1  ... 

Histogram: Autofill.HomeAndWork.SilentUpdates.Lost recorded 1 samples, mean = 0.0 (flags = 0x1)
0  -O                                                                        (1 = 100.0%)
1  ... 

Histogram: Autofill.IsEnabled.Startup recorded 1 samples, mean = 1.0 (flags = 0x1)
0  O                                                                         (0 = 0.0%)
1  -O                                                                        (1 = 100.0%) {0.0%}
2  O                                                                         (0 = 0.0%) {100.0%}

Histogram: Autofill.LoyaltyCard.StoredCardsCount recorded 1 samples, mean = 0.0 (flags = 0x1)
0  -O                                                                        (1 = 100.0%)
1  ... 

Histogram: Autofill.NumberOfDriversPerFactory recorded 1 samples, mean = 2.0 (flags = 0x1)
0  ... 
2  -O                                                                        (1 = 100.0%) {0.0%}
3  ... 

Histogram: Autofill.NumberOfFramesPerFormForest recorded 1 samples, mean = 0.0 (flags = 0x1)
0  -O                                                                        (1 = 100.0%)
1  ... 

Histogram: Autofill.PaymentMethods.CardBenefitsIsEnabled.Startup recorded 1 samples, mean = 1.0 (flags = 0x1)
0  O                                                                         (0 = 0.0%)
1  -O                                                                        (1 = 100.0%) {0.0%}
2  O                                                                         (0 = 0.0%) {100.0%}

Histogram: Autofill.PaymentMethods.CvcStorageIsEnabled.Startup recorded 1 samples, mean = 1.0 (flags = 0x1)
0  O                                                                         (0 = 0.0%)
1  -O                                                                        (1 = 100.0%) {0.0%}
2  O                                                                         (0 = 0.0%) {100.0%}

Histogram: Autofill.StoredCreditCardCount recorded 1 samples, mean = 0.0 (flags = 0x1)
0  -O                                                                        (1 = 100.0%)
1  ... 

Histogram: Autofill.StoredCreditCardCount.Local recorded 1 samples, mean = 0.0 (flags = 0x1)
0  -O                                                                        (1 = 100.0%)
1  ... 

Histogram: Autofill.StoredCreditCardCount.Local.WithInvalidCardNumber recorded 1 samples, mean = 0.0 (flags = 0x1)
0  -O                                                                        (1 = 100.0%)
1  ... 

Histogram: Autofill.StoredCreditCardCount.Local.WithNickname recorded 1 samples, mean = 0.0 (flags = 0x1)
0  -O                                                                        (1 = 100.0%)
1  ... 

Histogram: Autofill.StoredCreditCardCount.Server recorded 1 samples, mean = 0.0 (flags = 0x1)
0  -O                                                                        (1 = 100.0%)
1  ... 

Histogram: Autofill.StoredCreditCardCount.Server.WithCardArtImage recorded 1 samples, mean = 0.0 (flags = 0x1)
0  -O                                                                        (1 = 100.0%)
1  ... 

Histogram: Autofill.StoredCreditCardCount.Server.WithNickname recorded 1 samples, mean = 0.0 (flags = 0x1)
0  -O                                                                        (1 = 100.0%)
1  ... 

Histogram: Autofill.StoredCreditCardCount.Server.WithVirtualCardMetadata recorded 1 samples, mean = 0.0 (flags = 0x1)
0  -O                                                                        (1 = 100.0%)
1  ... 

Histogram: Autofill.StoredIbanCount recorded 1 samples, mean = 0.0 (flags = 0x1)
0  -O                                                                        (1 = 100.0%)
1  ... 

Histogram: Autofill.StoredProfileCount.AccountChrome recorded 1 samples, mean = 0.0 (flags = 0x1)
0  -O                                                                        (1 = 100.0%)
1  ... 

Histogram: Autofill.StoredProfileCount.AccountHome recorded 1 samples, mean = 0.0 (flags = 0x1)
0  -O                                                                        (1 = 100.0%)
1  ... 

Histogram: Autofill.StoredProfileCount.AccountNameEmail recorded 1 samples, mean = 0.0 (flags = 0x1)
0  -O                                                                        (1 = 100.0%)
1  ... 

Histogram: Autofill.StoredProfileCount.AccountNonChrome recorded 1 samples, mean = 0.0 (flags = 0x1)
0  -O                                                                        (1 = 100.0%)
1  ... 

Histogram: Autofill.StoredProfileCount.AccountWork recorded 1 samples, mean = 0.0 (flags = 0x1)
0  -O                                                                        (1 = 100.0%)
1  ... 

Histogram: Autofill.StoredProfileCount.Legacy recorded 1 samples, mean = 0.0 (flags = 0x1)
0  -O                                                                        (1 = 100.0%)
1  ... 

Histogram: Autofill.StoredProfileCount.Total recorded 1 samples, mean = 0.0 (flags = 0x1)
0  -O                                                                        (1 = 100.0%)
1  ... 

Histogram: Autofill.StoredProfileCount.TotalPostalAddressProfiles recorded 1 samples, mean = 0.0 (flags = 0x1)
0  -O                                                                        (1 = 100.0%)
1  ... 

Histogram: Autofill.StoredProfileCount.WithAlternativeName recorded 1 samples, mean = 0.0 (flags = 0x1)
0  -O                                                                        (1 = 100.0%)
1  ... 

Histogram: Autofill.ValuableMetadata.OrphanEntriesRemovedCount recorded 1 samples, mean = 0.0 (flags = 0x1)
0  -O                                                                        (1 = 100.0%)
1  ... 

Histogram: Autofill.VirtualCardUsageData.StoredUsageDataCount recorded 1 samples, mean = 0.0 (flags = 0x1)
0  -O                                                                        (1 = 100.0%)
1  ... 

Histogram: BackForwardCache.CCNS.CookieChangeInfo.AllCookies recorded 2 samples, mean = 0.0 (flags = 0x1)
0  --O                                                                       (2 = 100.0%)
1  ... 

Histogram: BackForwardCache.CCNS.CookieChangeInfo.HttpOnlyCookies recorded 2 samples, mean = 0.0 (flags = 0x1)
0  --O                                                                       (2 = 100.0%)
1  ... 

Histogram: BackForwardCache.History.EntryMatch recorded 8 samples, mean = 0.0 (flags = 0x1)
0  --------O                                                                 (8 = 100.0%)
1  ... 

Histogram: BackForwardCache.NewPageNavHasPotentialMatch recorded 7 samples, mean = 0.0 (flags = 0x1)
0  -------O                                                                  (7 = 100.0%)
1  ... 

Histogram: BackForwardCache.NewPageNavHasPotentialMatchWithNoSubframes recorded 7 samples, mean = 0.0 (flags = 0x1)
0  -------O                                                                  (7 = 100.0%)
1  ... 

Histogram: Blink.UseCounter.AnimatedCSSProperties recorded 2 samples, mean = 1.0 (flags = 0x1)
0  O                                                                         (0 = 0.0%)
1  --O                                                                       (2 = 100.0%) {0.0%}
2  ... 

Histogram: Blink.UseCounter.CSSProperties recorded 54 samples, mean = 129.3 (flags = 0x1)
0    O                                                                         (0 = 0.0%)
1    --O                                                                       (2 = 3.7%) {0.0%}
2    -O                                                                        (1 = 1.9%) {3.7%}
3    O                                                                         (0 = 0.0%) {5.6%}
4    -O                                                                        (1 = 1.9%) {5.6%}
5    O                                                                         (0 = 0.0%) {7.4%}
6    -O                                                                        (1 = 1.9%) {7.4%}
7    -O                                                                        (1 = 1.9%) {9.3%}
8    ... 
10   -O                                                                        (1 = 1.9%) {11.1%}
11   ... 
14   -O                                                                        (1 = 1.9%) {13.0%}
15   ... 
20   -O                                                                        (1 = 1.9%) {14.8%}
21   -O                                                                        (1 = 1.9%) {16.7%}
22   ... 
24   -O                                                                        (1 = 1.9%) {18.5%}
25   -O                                                                        (1 = 1.9%) {20.4%}
26   ... 
33   -O                                                                        (1 = 1.9%) {22.2%}
34   -O                                                                        (1 = 1.9%) {24.1%}
35   -O                                                                        (1 = 1.9%) {25.9%}
36   -O                                                                        (1 = 1.9%) {27.8%}
37   ... 
53   -O                                                                        (1 = 1.9%) {29.6%}
54   -O                                                                        (1 = 1.9%) {31.5%}
55   ... 
60   -O                                                                        (1 = 1.9%) {33.3%}
61   ... 
69   -O                                                                        (1 = 1.9%) {35.2%}
70   ... 
77   -O                                                                        (1 = 1.9%) {37.0%}
78   ... 
81   -O                                                                        (1 = 1.9%) {38.9%}
82   O                                                                         (0 = 0.0%) {40.7%}
83   -O                                                                        (1 = 1.9%) {40.7%}
84   -O                                                                        (1 = 1.9%) {42.6%}
85   ... 
89   -O                                                                        (1 = 1.9%) {44.4%}
90   -O                                                                        (1 = 1.9%) {46.3%}
91   -O                                                                        (1 = 1.9%) {48.1%}
92   O                                                                         (0 = 0.0%) {50.0%}
93   -O                                                                        (1 = 1.9%) {50.0%}
94   O                                                                         (0 = 0.0%) {51.9%}
95   -O                                                                        (1 = 1.9%) {51.9%}
96   -O                                                                        (1 = 1.9%) {53.7%}
97   ... 
105  -O                                                                        (1 = 1.9%) {55.6%}
106  ... 
109  -O                                                                        (1 = 1.9%) {57.4%}
110  O                                                                         (0 = 0.0%) {59.3%}
111  -O                                                                        (1 = 1.9%) {59.3%}
112  -O                                                                        (1 = 1.9%) {61.1%}
113  ... 
119  -O                                                                        (1 = 1.9%) {63.0%}
120  ... 
129  -O                                                                        (1 = 1.9%) {64.8%}
130  ... 
149  -O                                                                        (1 = 1.9%) {66.7%}
150  -O                                                                        (1 = 1.9%) {68.5%}
151  ... 
159  -O                                                                        (1 = 1.9%) {70.4%}
160  O                                                                         (0 = 0.0%) {72.2%}
161  -O                                                                        (1 = 1.9%) {72.2%}
162  -O                                                                        (1 = 1.9%) {74.1%}
163  ... 
165  -O                                                                        (1 = 1.9%) {75.9%}
166  ... 
231  -O                                                                        (1 = 1.9%) {77.8%}
232  O                                                                         (0 = 0.0%) {79.6%}
233  -O                                                                        (1 = 1.9%) {79.6%}
234  O                                                                         (0 = 0.0%) {81.5%}
235  -O                                                                        (1 = 1.9%) {81.5%}
236  ... 
238  -O                                                                        (1 = 1.9%) {83.3%}
239  -O                                                                        (1 = 1.9%) {85.2%}
240  -O                                                                        (1 = 1.9%) {87.0%}
241  O                                                                         (0 = 0.0%) {88.9%}
242  -O                                                                        (1 = 1.9%) {88.9%}
243  ... 
369  -O                                                                        (1 = 1.9%) {90.7%}
370  ... 
385  -O                                                                        (1 = 1.9%) {92.6%}
386  ... 
444  -O                                                                        (1 = 1.9%) {94.4%}
445  ... 
515  -O                                                                        (1 = 1.9%) {96.3%}
516  ... 
592  -O                                                                        (1 = 1.9%) {98.1%}
593  ... 

Histogram: Blink.UseCounter.Features recorded 41 samples, mean = 2120.9 (flags = 0x1)
0     ... 
52    --O                                                                       (2 = 4.9%) {0.0%}
53    ... 
69    -O                                                                        (1 = 2.4%) {4.9%}
70    ... 
138   -O                                                                        (1 = 2.4%) {7.3%}
139   ... 
250   -O                                                                        (1 = 2.4%) {9.8%}
251   ... 
587   -O                                                                        (1 = 2.4%) {12.2%}
588   -O                                                                        (1 = 2.4%) {14.6%}
589   ... 
780   -O                                                                        (1 = 2.4%) {17.1%}
781   -O                                                                        (1 = 2.4%) {19.5%}
782   ... 
973   -O                                                                        (1 = 2.4%) {22.0%}
974   ... 
1076  -O                                                                        (1 = 2.4%) {24.4%}
1077  ... 
1347  -O                                                                        (1 = 2.4%) {26.8%}
1348  ... 
1417  -O                                                                        (1 = 2.4%) {29.3%}
1418  ... 
1441  --O                                                                       (2 = 4.9%) {31.7%}
1442  ... 
1467  -O                                                                        (1 = 2.4%) {36.6%}
1468  ... 
1502  -O                                                                        (1 = 2.4%) {39.0%}
1503  ... 
1692  -O                                                                        (1 = 2.4%) {41.5%}
1693  -O                                                                        (1 = 2.4%) {43.9%}
1694  ... 
1827  -O                                                                        (1 = 2.4%) {46.3%}
1828  ... 
1910  -O                                                                        (1 = 2.4%) {48.8%}
1911  ... 
2062  -O                                                                        (1 = 2.4%) {51.2%}
2063  ... 
2078  -O                                                                        (1 = 2.4%) {53.7%}
2079  ... 
2092  -O                                                                        (1 = 2.4%) {56.1%}
2093  ... 
2355  -O                                                                        (1 = 2.4%) {58.5%}
2356  ... 
2361  -O                                                                        (1 = 2.4%) {61.0%}
2362  ... 
2387  -O                                                                        (1 = 2.4%) {63.4%}
2388  -O                                                                        (1 = 2.4%) {65.9%}
2389  ... 
2615  -O                                                                        (1 = 2.4%) {68.3%}
2616  ... 
2618  -O                                                                        (1 = 2.4%) {70.7%}
2619  ... 
2900  -O                                                                        (1 = 2.4%) {73.2%}
2901  ... 
2903  -O                                                                        (1 = 2.4%) {75.6%}
2904  -O                                                                        (1 = 2.4%) {78.0%}
2905  ... 
3019  -O                                                                        (1 = 2.4%) {80.5%}
3020  -O                                                                        (1 = 2.4%) {82.9%}
3021  ... 
4238  -O                                                                        (1 = 2.4%) {85.4%}
4239  ... 
4419  -O                                                                        (1 = 2.4%) {87.8%}
4420  ... 
5130  -O                                                                        (1 = 2.4%) {90.2%}
5131  ... 
5284  --O                                                                       (2 = 4.9%) {92.7%}
5285  ... 
5817  -O                                                                        (1 = 2.4%) {97.6%}
5818  ... 

Histogram: Blink.UseCounter.MainFrame.Features recorded 41 samples, mean = 2120.9 (flags = 0x1)
0     ... 
52    --O                                                                       (2 = 4.9%) {0.0%}
53    ... 
69    -O                                                                        (1 = 2.4%) {4.9%}
70    ... 
138   -O                                                                        (1 = 2.4%) {7.3%}
139   ... 
250   -O                                                                        (1 = 2.4%) {9.8%}
251   ... 
587   -O                                                                        (1 = 2.4%) {12.2%}
588   -O                                                                        (1 = 2.4%) {14.6%}
589   ... 
780   -O                                                                        (1 = 2.4%) {17.1%}
781   -O                                                                        (1 = 2.4%) {19.5%}
782   ... 
973   -O                                                                        (1 = 2.4%) {22.0%}
974   ... 
1076  -O                                                                        (1 = 2.4%) {24.4%}
1077  ... 
1347  -O                                                                        (1 = 2.4%) {26.8%}
1348  ... 
1417  -O                                                                        (1 = 2.4%) {29.3%}
1418  ... 
1441  --O                                                                       (2 = 4.9%) {31.7%}
1442  ... 
1467  -O                                                                        (1 = 2.4%) {36.6%}
1468  ... 
1502  -O                                                                        (1 = 2.4%) {39.0%}
1503  ... 
1692  -O                                                                        (1 = 2.4%) {41.5%}
1693  -O                                                                        (1 = 2.4%) {43.9%}
1694  ... 
1827  -O                                                                        (1 = 2.4%) {46.3%}
1828  ... 
1910  -O                                                                        (1 = 2.4%) {48.8%}
1911  ... 
2062  -O                                                                        (1 = 2.4%) {51.2%}
2063  ... 
2078  -O                                                                        (1 = 2.4%) {53.7%}
2079  ... 
2092  -O                                                                        (1 = 2.4%) {56.1%}
2093  ... 
2355  -O                                                                        (1 = 2.4%) {58.5%}
2356  ... 
2361  -O                                                                        (1 = 2.4%) {61.0%}
2362  ... 
2387  -O                                                                        (1 = 2.4%) {63.4%}
2388  -O                                                                        (1 = 2.4%) {65.9%}
2389  ... 
2615  -O                                                                        (1 = 2.4%) {68.3%}
2616  ... 
2618  -O                                                                        (1 = 2.4%) {70.7%}
2619  ... 
2900  -O                                                                        (1 = 2.4%) {73.2%}
2901  ... 
2903  -O                                                                        (1 = 2.4%) {75.6%}
2904  -O                                                                        (1 = 2.4%) {78.0%}
2905  ... 
3019  -O                                                                        (1 = 2.4%) {80.5%}
3020  -O                                                                        (1 = 2.4%) {82.9%}
3021  ... 
4238  -O                                                                        (1 = 2.4%) {85.4%}
4239  ... 
4419  -O                                                                        (1 = 2.4%) {87.8%}
4420  ... 
5130  -O                                                                        (1 = 2.4%) {90.2%}
5131  ... 
5284  --O                                                                       (2 = 4.9%) {92.7%}
5285  ... 
5817  -O                                                                        (1 = 2.4%) {97.6%}
5818  ... 

Histogram: Blink.UseCounter.PermissionsPolicy.Allow2 recorded 0 samples (flags = 0x1)
0 ... 

Histogram: Blink.UseCounter.PermissionsPolicy.Header2 recorded 0 samples (flags = 0x1)
0 ... 

Histogram: Blink.UseCounter.PermissionsPolicy.PrivacySensitive.Enabled recorded 0 samples (flags = 0x1)
0 ... 

Histogram: Blink.UseCounter.PermissionsPolicy.Violation.Enforce recorded 0 samples (flags = 0x1)
0 ... 

Histogram: Blink.UseCounter.WebDXFeatures recorded 12 samples, mean = 111.5 (flags = 0x1)
0    --O                                                                       (2 = 16.7%)
1    ... 
28   -O                                                                        (1 = 8.3%) {16.7%}
29   -O                                                                        (1 = 8.3%) {25.0%}
30   ... 
38   -O                                                                        (1 = 8.3%) {33.3%}
39   ... 
47   -O                                                                        (1 = 8.3%) {41.7%}
48   ... 
58   -O                                                                        (1 = 8.3%) {50.0%}
59   ... 
112  -O                                                                        (1 = 8.3%) {58.3%}
113  ... 
124  -O                                                                        (1 = 8.3%) {66.7%}
125  ... 
145  -O                                                                        (1 = 8.3%) {75.0%}
146  ... 
378  -O                                                                        (1 = 8.3%) {83.3%}
379  -O                                                                        (1 = 8.3%) {91.7%}
380  ... 

Histogram: Bookmarks.BookmarkBar.Shown recorded 1 samples, mean = 0.0 (flags = 0x1)
0  -O                                                                        (1 = 100.0%)
1  ... 

Histogram: Bookmarks.BookmarksFileLoadResult.Account.ClearText recorded 1 samples, mean = 1.0 (flags = 0x1)
0  O                                                                         (0 = 0.0%)
1  -O                                                                        (1 = 100.0%) {0.0%}
2  ... 

Histogram: Bookmarks.BookmarksFileLoadResult.LocalOrSyncable.ClearText recorded 1 samples, mean = 1.0 (flags = 0x1)
0  O                                                                         (0 = 0.0%)
1  -O                                                                        (1 = 100.0%) {0.0%}
2  ... 

Histogram: Bookmarks.Count.OnProfileLoad3 recorded 1 samples, mean = 0.0 (flags = 0x1)
0  -O                                                                        (1 = 100.0%)
1  ... 

Histogram: Bookmarks.Storage.TimeToLoadAtStartup2 recorded 1 samples, mean = 395.0 (flags = 0x1)
0    ... 
378  -O                                                                        (1 = 100.0%) {0.0%}
449  ... 

Histogram: Bookmarks.Times.OnProfileLoad.TimeSinceAdded3 recorded 1 samples, mean = 0.0 (flags = 0x1)
0  -O                                                                        (1 = 100.0%)
1  ... 

Histogram: Bookmarks.UserFolder.OnProfileLoad.BookmarkBarTopLevelItems recorded 1 samples, mean = 0.0 (flags = 0x1)
0  -O                                                                        (1 = 100.0%)
1  ... 

Histogram: Bookmarks.UserFolder.OnProfileLoad.Count recorded 1 samples, mean = 0.0 (flags = 0x1)
0  -O                                                                        (1 = 100.0%)
1  ... 

Histogram: Bookmarks.UserFolder.OnProfileLoad.TopLevelCount recorded 1 samples, mean = 0.0 (flags = 0x1)
0  -O                                                                        (1 = 100.0%)
1  ... 

Histogram: Bookmarks.Utilization.OnProfileLoad.PercentageUsed recorded 1 samples, mean = 0.0 (flags = 0x1)
0  -O                                                                        (1 = 100.0%)
1  ... 

Histogram: Bookmarks.Utilization.OnProfileLoad.TotalUnused recorded 1 samples, mean = 0.0 (flags = 0x1)
0  -O                                                                        (1 = 100.0%)
1  ... 

Histogram: Bookmarks.Utilization.OnProfileLoad.TotalUsed recorded 1 samples, mean = 0.0 (flags = 0x1)
0  -O                                                                        (1 = 100.0%)
1  ... 

Histogram: BrowserRenderProcessHost.Cleanup.DelayReason recorded 21 samples, mean = 6.0 (flags = 0x1)
0  -------O                                                                  (7 = 33.3%)
1  ... 
9  --------------O                                                           (14 = 66.7%) {33.3%}
10 ... 

Histogram: BrowserRenderProcessHost.Cleanup.Total recorded 21 samples, mean = 1.0 (flags = 0x1)
0  O                                                                         (0 = 0.0%)
1  ---------------------O                                                    (21 = 100.0%) {0.0%}
2  O                                                                         (0 = 0.0%) {100.0%}

Histogram: BrowserRenderProcessHost.ExistingRendererIsInitializedAndNotDead recorded 3 samples, mean = 1.0 (flags = 0x1)
0  O                                                                         (0 = 0.0%)
1  ---O                                                                      (3 = 100.0%) {0.0%}
2  O                                                                         (0 = 0.0%) {100.0%}

Histogram: BrowserRenderProcessHost.FastShutdownIfPossible.DelayReason recorded 1 samples, mean = 0.0 (flags = 0x1)
0  -O                                                                        (1 = 100.0%)
1  ... 

Histogram: BrowserRenderProcessHost.FastShutdownIfPossible.Total recorded 1 samples, mean = 1.0 (flags = 0x1)
0  O                                                                         (0 = 0.0%)
1  -O                                                                        (1 = 100.0%) {0.0%}
2  O                                                                         (0 = 0.0%) {100.0%}

Histogram: BrowserRenderProcessHost.MaxOutermostMainFrames recorded 4 samples, mean = 1.5 (flags = 0x1)
0  O                                                                         (0 = 0.0%)
1  --O                                                                       (2 = 50.0%) {0.0%}
2  --O                                                                       (2 = 50.0%) {50.0%}
3  ... 

Histogram: BrowserRenderProcessHost.NoSparePresentReason2 recorded 2 samples, mean = 8.0 (flags = 0x1)
0  ... 
8  --O                                                                       (2 = 100.0%) {0.0%}
9  ... 

Histogram: BrowserRenderProcessHost.NoSpareRenderer.AllocationSource.NotYetCreatedFirstLaunch recorded 2 samples, mean = 0.0 (flags = 0x1)
0  --O                                                                       (2 = 100.0%)
1  ... 

Histogram: BrowserRenderProcessHost.ReuseExistingProcess.ReusePolicy recorded 1 samples, mean = 0.0 (flags = 0x1)
0  -O                                                                        (1 = 100.0%)
1  ... 

Histogram: BrowserRenderProcessHost.SiteInstanceRenderProcessAssignment recorded 7 samples, mean = 2.4 (flags = 0x1)
0  O                                                                         (0 = 0.0%)
1  -O                                                                        (1 = 14.3%) {0.0%}
2  --O                                                                       (2 = 28.6%) {14.3%}
3  ----O                                                                     (4 = 57.1%) {42.9%}
4  O                                                                         (0 = 0.0%) {100.0%}

Histogram: BrowserRenderProcessHost.SpareProcessDelayTime recorded 4 samples, mean = 61.0 (flags = 0x1)
0    -O                                                                        (1 = 25.0%)
1    -O                                                                        (1 = 25.0%) {25.0%}
2    ... 
81   -O                                                                        (1 = 25.0%) {50.0%}
96   ... 
135  -O                                                                        (1 = 25.0%) {75.0%}
160  ... 

Histogram: BrowserRenderProcessHost.SpareProcessEvictedOtherSpare recorded 3 samples, mean = 0.0 (flags = 0x1)
0  ---O                                                                      (3 = 100.0%)
1  ... 

Histogram: BrowserRenderProcessHost.SpareProcessMaybeTakeAction recorded 6 samples, mean = 2.3 (flags = 0x1)
0  --O                                                                       (2 = 33.3%)
1  ... 
3  --O                                                                       (2 = 33.3%) {33.3%}
4  --O                                                                       (2 = 33.3%) {66.7%}
5  ... 

Histogram: BrowserRenderProcessHost.SpareProcessMaybeTakeAction.NavigationRequest recorded 1 samples, mean = 3.0 (flags = 0x1)
0  ... 
3  -O                                                                        (1 = 100.0%) {0.0%}
4  ... 

Histogram: BrowserRenderProcessHost.SpareProcessMaybeTakeTime recorded 4 samples, mean = 197.2 (flags = 0x1)
0    ... 
5    -O                                                                        (1 = 25.0%) {0.0%}
7    ... 
26   -O                                                                        (1 = 25.0%) {25.0%}
35   ... 
118  -O                                                                        (1 = 25.0%) {50.0%}
160  ... 
539  -O                                                                        (1 = 25.0%) {75.0%}
730  ... 

Histogram: BrowserRenderProcessHost.SpareProcessMaybeTakeTime.RefusedByEmbedder recorded 2 samples, mean = 78.5 (flags = 0x1)
0    ... 
5    -O                                                                        (1 = 50.0%) {0.0%}
7    ... 
118  -O                                                                        (1 = 50.0%) {50.0%}
160  ... 

Histogram: BrowserRenderProcessHost.SpareProcessMaybeTakeTime.SpareTaken recorded 2 samples, mean = 316.0 (flags = 0x1)
0    ... 
26   -O                                                                        (1 = 50.0%) {0.0%}
35   ... 
539  -O                                                                        (1 = 50.0%) {50.0%}
730  ... 

Histogram: BrowserRenderProcessHost.SpareProcessRefusedByEmbedderReason recorded 2 samples, mean = 4.0 (flags = 0x1)
0  ... 
4  --O                                                                       (2 = 100.0%) {0.0%}
5  ... 

Histogram: BrowserRenderProcessHost.SpareRendererDispatchResult recorded 3 samples, mean = 1.7 (flags = 0x1)
0  --O                                                                       (2 = 66.7%)
1  ... 
5  -O                                                                        (1 = 33.3%) {66.7%}
6  ... 

Histogram: BrowserRenderProcessHost.SpareRendererTaken.IsReady recorded 2 samples, mean = 0.0 (flags = 0x1)
0  --O                                                                       (2 = 100.0%)
1  ... 

Histogram: BrowserRenderProcessHost.SpareRendererTaken.TimeSinceCreation recorded 2 samples, mean = 314.0 (flags = 0x1)
0    ... 
26   -O                                                                        (1 = 50.0%) {0.0%}
35   ... 
539  -O                                                                        (1 = 50.0%) {50.0%}
730  ... 

Histogram: BrowserScheduler.UIThread.TaskOffCpuDuration recorded 2 samples, mean = 3.0 (flags = 0x1)
0  O                                                                         (0 = 0.0%)
1  -O                                                                        (1 = 50.0%) {0.0%}
2  ... 
5  -O                                                                        (1 = 50.0%) {50.0%}
6  ... 

Histogram: BrowserScheduler.UIThread.TaskOnCpuDuration recorded 2 samples, mean = 30.5 (flags = 0x1)
0   ... 
16  -O                                                                        (1 = 50.0%) {0.0%}
20  ... 
39  -O                                                                        (1 = 50.0%) {50.0%}
49  ... 

Histogram: BrowserScheduler.UIThread.TaskOnCpuPercentage recorded 2 samples, mean = 87.5 (flags = 0x1)
0   ... 
78  -O                                                                        (1 = 50.0%) {0.0%}
79  ... 
97  -O                                                                        (1 = 50.0%) {50.0%}
98  ... 

Histogram: BrowserSwitcher.ExternalGreylistSize recorded 1 samples, mean = 0.0 (flags = 0x1)
0  -O                                                                        (1 = 100.0%)
1  ... 

Histogram: BrowserSwitcher.ExternalSitelistSize recorded 1 samples, mean = 0.0 (flags = 0x1)
0  -O                                                                        (1 = 100.0%)
1  ... 

Histogram: BrowserSwitcher.IeemSitelistSize recorded 1 samples, mean = 0.0 (flags = 0x1)
0  -O                                                                        (1 = 100.0%)
1  ... 

Histogram: CertificateType2.BR.Leaf.ECDSA recorded 8 samples, mean = 256.0 (flags = 0x1)
0    ... 
256  --------O                                                                 (8 = 100.0%) {0.0%}
257  ... 

Histogram: CertificateType2.BR.Root.RSA recorded 8 samples, mean = 2048.0 (flags = 0x1)
0     ... 
2048  --------O                                                                 (8 = 100.0%) {0.0%}
2049  ... 

Histogram: ChildProcess.Launched.UtilityProcessHash recorded 3 samples (flags = 0x1)
-2043041185-O                                                                        (1 = 33.3%)
-1468742076-O                                                                        (1 = 33.3%)
331504207  -O                                                                        (1 = 33.3%)

Histogram: ChildProcess.ProcessLifetime.Utility recorded 3 samples, mean = 2103.7 (flags = 0x1)
0     ... 
1340  -O                                                                        (1 = 33.3%) {0.0%}
1816  --O                                                                       (2 = 66.7%) {33.3%}
2460  ... 

Histogram: Chrome.FontDataService.CreateResult recorded 15 samples, mean = 1.2 (flags = 0x1)
0  ---------O                                                                (9 = 60.0%)
1  ... 
3  ------O                                                                   (6 = 40.0%) {60.0%}
4  ... 

Histogram: Chrome.FontDataService.EmptyPathOnGetFileHandle recorded 6 samples, mean = 0.0 (flags = 0x1)
0  ------O                                                                   (6 = 100.0%)
1  ... 

Histogram: Chrome.FontDataService.FileHandlePathReferencesParent recorded 6 samples, mean = 0.0 (flags = 0x1)
0  ------O                                                                   (6 = 100.0%)
1  ... 

Histogram: Chrome.FontDataService.InvokedIPC recorded 15 samples, mean = 0.0 (flags = 0x1)
0  ---------------O                                                          (15 = 100.0%)
1  ... 

Histogram: Chrome.Headless.Action recorded 1 samples, mean = 3.0 (flags = 0x1)
0  ... 
3  -O                                                                        (1 = 100.0%) {0.0%}
4  ... 

Histogram: Chrome.ProcessSingleton.CreateLockFileWithTimeout.Result recorded 1 samples, mean = 0.0 (flags = 0x1)
0  -O                                                                        (1 = 100.0%)
1  ... 

Histogram: Chrome.ProcessSingleton.CreateLockFileWithTimeout.RetryCount recorded 1 samples, mean = 0.0 (flags = 0x1)
0  -O                                                                        (1 = 100.0%)
1  ... 

Histogram: Chrome.ProcessSingleton.NotifyResult recorded 1 samples, mean = 0.0 (flags = 0x1)
0  -O                                                                        (1 = 100.0%)
1  ... 

Histogram: Chrome.ProcessSingleton.TimeToCreate recorded 1 samples, mean = 1.0 (flags = 0x1)
0  -O                                                                        (1 = 100.0%)
10 ... 

Histogram: Chrome.SystemNetworkContextManager.NetworkSandboxState recorded 4 samples, mean = 0.0 (flags = 0x1)
0  ----O                                                                     (4 = 100.0%)
1  ... 

Histogram: ChromeColors.ColorSchemeOnLoad recorded 1 samples, mean = 0.0 (flags = 0x1)
0  -O                                                                        (1 = 100.0%)
1  ... 

Histogram: ChromeElf.Beacon.SetupStatus recorded 1 samples, mean = 5.0 (flags = 0x1)
0  ... 
5  -O                                                                        (1 = 100.0%) {0.0%}
6  O                                                                         (0 = 0.0%) {100.0%}

Histogram: ChromeElf.ExtensionPoint.EnableState recorded 1 samples, mean = 1.0 (flags = 0x1)
0  O                                                                         (0 = 0.0%)
1  -O                                                                        (1 = 100.0%) {0.0%}
2  O                                                                         (0 = 0.0%) {100.0%}

Histogram: ClientHints.CriticalCHRestart recorded 6 samples, mean = 0.0 (flags = 0x1)
0  ------O                                                                   (6 = 100.0%)
1  ... 

Histogram: ClientHints.FetchLatency_PrefRead recorded 12 samples, mean = 13.8 (flags = 0x1)
0   ... 
3   -O                                                                        (1 = 8.3%) {0.0%}
4   --O                                                                       (2 = 16.7%) {8.3%}
6   O                                                                         (0 = 0.0%) {25.0%}
8   ----O                                                                     (4 = 33.3%) {25.0%}
11  ---O                                                                      (3 = 25.0%) {58.3%}
15  ... 
29  -O                                                                        (1 = 8.3%) {83.3%}
40  -O                                                                        (1 = 8.3%) {91.7%}
55  ... 

Histogram: ClientHints.FetchLatency_PrerenderHost recorded 12 samples, mean = 0.2 (flags = 0x1)
0  ----------O                                                               (10 = 83.3%)
1  --O                                                                       (2 = 16.7%) {83.3%}
2  ... 

Histogram: ClientHints.FetchLatency_Total recorded 12 samples, mean = 14.0 (flags = 0x1)
0   ... 
3   -O                                                                        (1 = 8.3%) {0.0%}
4   --O                                                                       (2 = 16.7%) {8.3%}
6   O                                                                         (0 = 0.0%) {25.0%}
8   ----O                                                                     (4 = 33.3%) {25.0%}
11  ---O                                                                      (3 = 25.0%) {58.3%}
15  ... 
29  -O                                                                        (1 = 8.3%) {83.3%}
40  -O                                                                        (1 = 8.3%) {91.7%}
55  ... 

Histogram: ComponentUpdater.PlatformRuntime.RequestHeaderIntegrityResult recorded 7 samples, mean = 1.0 (flags = 0x1)
0  O                                                                         (0 = 0.0%)
1  -------O                                                                  (7 = 100.0%) {0.0%}
2  ... 

Histogram: Compositing.Browser.CompositorFrame.Quads recorded 67 samples, mean = 21.2 (flags = 0x1)
0   ... 
16  ----O                                                                     (4 = 6.0%) {0.0%}
18  O                                                                         (0 = 0.0%) {6.0%}
20  ---------------------------------------------------------------O          (63 = 94.0%) {6.0%}
23  ... 

Histogram: Compositing.Browser.LayersUpdateTime recorded 68 samples, mean = 469.6 (flags = 0x1)
0     ... 
40    --O                                                                       (2 = 2.9%) {0.0%}
55    -O                                                                        (1 = 1.5%) {2.9%}
76    O                                                                         (0 = 0.0%) {4.4%}
105   -------O                                                                  (7 = 10.3%) {4.4%}
146   -----------O                                                              (11 = 16.2%) {14.7%}
203   ----------------------------O                                             (28 = 41.2%) {30.9%}
282   ------O                                                                   (6 = 8.8%) {72.1%}
391   ----O                                                                     (4 = 5.9%) {80.9%}
542   -O                                                                        (1 = 1.5%) {86.8%}
752   --O                                                                       (2 = 2.9%) {88.2%}
1043  --O                                                                       (2 = 2.9%) {91.2%}
1447  -O                                                                        (1 = 1.5%) {94.1%}
2008  --O                                                                       (2 = 2.9%) {95.6%}
2786  ... 
7439  -O                                                                        (1 = 1.5%) {98.5%}
10321 ... 

Histogram: Compositing.ResourcePool.PeakMemoryUsage recorded 1 samples, mean = 3.0 (flags = 0x1)
0  ... 
3  -O                                                                        (1 = 100.0%) {0.0%}
4  ... 

Histogram: Compositing.ResourcePool.PeakMemoryUsage.NonZero recorded 1 samples, mean = 3.0 (flags = 0x1)
0  ... 
3  -O                                                                        (1 = 100.0%) {0.0%}
4  ... 

Histogram: Compositing.ResourcePool.PeakResourceCount recorded 1 samples, mean = 31.0 (flags = 0x1)
0   ... 
29  -O                                                                        (1 = 100.0%) {0.0%}
34  ... 

Histogram: Compositing.Scheduler.HighFramerateRequested recorded 1 samples, mean = 0.0 (flags = 0x1)
0  -O                                                                        (1 = 100.0%)
1  ... 

Histogram: Compositing.TileManager.RasterTasksDuration recorded 2 samples, mean = 6390.5 (flags = 0x1)
0     ... 
4820  -O                                                                        (1 = 50.0%) {0.0%}
5928  O                                                                         (0 = 0.0%) {50.0%}
7291  -O                                                                        (1 = 50.0%) {50.0%}
8968  ... 

Histogram: Content.SharedWorker.Service.LastClientCheckTime recorded 4 samples, mean = 0.0 (flags = 0x1)
0  ----O                                                                     (4 = 100.0%)
1  ... 

Histogram: ContentSettings.GetCookieSettingInternal.Duration recorded 1 samples, mean = 18.0 (flags = 0x1)
0   ... 
16  -O                                                                        (1 = 100.0%) {0.0%}
21  ... 

Histogram: ContentSettings.NumberOfExceptions recorded 1 samples, mean = 0.0 (flags = 0x1)
0  -O                                                                        (1 = 100.0%)
1  ... 

Histogram: ContentSettings.Popups.StrongBlockerActions recorded 3 samples, mean = 0.0 (flags = 0x1)
0  ---O                                                                      (3 = 100.0%)
1  ... 

Histogram: ContentSettings.RegularProfile.DefaultAutoVerifySetting recorded 1 samples, mean = 1.0 (flags = 0x1)
0  O                                                                         (0 = 0.0%)
1  -O                                                                        (1 = 100.0%) {0.0%}
2  ... 

Histogram: ContentSettings.RegularProfile.DefaultAutoplaySetting recorded 1 samples, mean = 1.0 (flags = 0x1)
0  O                                                                         (0 = 0.0%)
1  -O                                                                        (1 = 100.0%) {0.0%}
2  ... 

Histogram: ContentSettings.RegularProfile.DefaultBackgroundSyncSetting recorded 1 samples, mean = 1.0 (flags = 0x1)
0  O                                                                         (0 = 0.0%)
1  -O                                                                        (1 = 100.0%) {0.0%}
2  ... 

Histogram: ContentSettings.RegularProfile.DefaultCookiesSetting recorded 1 samples, mean = 1.0 (flags = 0x1)
0  O                                                                         (0 = 0.0%)
1  -O                                                                        (1 = 100.0%) {0.0%}
2  ... 

Histogram: ContentSettings.RegularProfile.DefaultIdleDetectionSetting recorded 1 samples, mean = 3.0 (flags = 0x1)
0  ... 
3  -O                                                                        (1 = 100.0%) {0.0%}
4  ... 

Histogram: ContentSettings.RegularProfile.DefaultImagesSetting recorded 1 samples, mean = 1.0 (flags = 0x1)
0  O                                                                         (0 = 0.0%)
1  -O                                                                        (1 = 100.0%) {0.0%}
2  ... 

Histogram: ContentSettings.RegularProfile.DefaultJavaScriptOptimizationSetting recorded 1 samples, mean = 1.0 (flags = 0x1)
0  O                                                                         (0 = 0.0%)
1  -O                                                                        (1 = 100.0%) {0.0%}
2  ... 

Histogram: ContentSettings.RegularProfile.DefaultJavaScriptSetting recorded 1 samples, mean = 1.0 (flags = 0x1)
0  O                                                                         (0 = 0.0%)
1  -O                                                                        (1 = 100.0%) {0.0%}
2  ... 

Histogram: ContentSettings.RegularProfile.DefaultLocationSetting recorded 1 samples, mean = 3.0 (flags = 0x1)
0  ... 
3  -O                                                                        (1 = 100.0%) {0.0%}
4  ... 

Histogram: ContentSettings.RegularProfile.DefaultMIDISysExSetting recorded 1 samples, mean = 3.0 (flags = 0x1)
0  ... 
3  -O                                                                        (1 = 100.0%) {0.0%}
4  ... 

Histogram: ContentSettings.RegularProfile.DefaultMediaStreamCameraSetting recorded 1 samples, mean = 3.0 (flags = 0x1)
0  ... 
3  -O                                                                        (1 = 100.0%) {0.0%}
4  ... 

Histogram: ContentSettings.RegularProfile.DefaultMediaStreamMicSetting recorded 1 samples, mean = 3.0 (flags = 0x1)
0  ... 
3  -O                                                                        (1 = 100.0%) {0.0%}
4  ... 

Histogram: ContentSettings.RegularProfile.DefaultNotificationsSetting recorded 1 samples, mean = 3.0 (flags = 0x1)
0  ... 
3  -O                                                                        (1 = 100.0%) {0.0%}
4  ... 

Histogram: ContentSettings.RegularProfile.DefaultPopupsSetting recorded 1 samples, mean = 2.0 (flags = 0x1)
0  ... 
2  -O                                                                        (1 = 100.0%) {0.0%}
3  ... 

Histogram: ContentSettings.RegularProfile.DefaultSensorsSetting recorded 1 samples, mean = 1.0 (flags = 0x1)
0  O                                                                         (0 = 0.0%)
1  -O                                                                        (1 = 100.0%) {0.0%}
2  ... 

Histogram: ContentSettings.RegularProfile.DefaultSoundSetting recorded 1 samples, mean = 1.0 (flags = 0x1)
0  O                                                                         (0 = 0.0%)
1  -O                                                                        (1 = 100.0%) {0.0%}
2  ... 

Histogram: ContentSettings.RegularProfile.DefaultStorageAccessSetting recorded 1 samples, mean = 3.0 (flags = 0x1)
0  ... 
3  -O                                                                        (1 = 100.0%) {0.0%}
4  ... 

Histogram: ContentSettings.RegularProfile.DefaultSubresourceFilterSetting recorded 1 samples, mean = 2.0 (flags = 0x1)
0  ... 
2  -O                                                                        (1 = 100.0%) {0.0%}
3  ... 

Histogram: ContentSettings.RegularProfile.DefaultUsbGuardSetting recorded 1 samples, mean = 3.0 (flags = 0x1)
0  ... 
3  -O                                                                        (1 = 100.0%) {0.0%}
4  ... 

Histogram: ContentSettings.RegularProfile.DefaultWebBluetoothGuardSetting recorded 1 samples, mean = 3.0 (flags = 0x1)
0  ... 
3  -O                                                                        (1 = 100.0%) {0.0%}
4  ... 

Histogram: ContentSettings.RegularProfile.Exceptions.abusive-notification-permissions recorded 1 samples, mean = 0.0 (flags = 0x1)
0  -O                                                                        (1 = 100.0%)
1  ... 

Histogram: ContentSettings.RegularProfile.Exceptions.access-to-get-all-screens-media-in-session recorded 1 samples, mean = 0.0 (flags = 0x1)
0  -O                                                                        (1 = 100.0%)
1  ... 

Histogram: ContentSettings.RegularProfile.Exceptions.anti-abuse recorded 1 samples, mean = 0.0 (flags = 0x1)
0  -O                                                                        (1 = 100.0%)
1  ... 

Histogram: ContentSettings.RegularProfile.Exceptions.app-banner recorded 1 samples, mean = 0.0 (flags = 0x1)
0  -O                                                                        (1 = 100.0%)
1  ... 

Histogram: ContentSettings.RegularProfile.Exceptions.ar recorded 1 samples, mean = 0.0 (flags = 0x1)
0  -O                                                                        (1 = 100.0%)
1  ... 

Histogram: ContentSettings.RegularProfile.Exceptions.are-suspicious-notifications-allowlisted-by-user recorded 1 samples, mean = 0.0 (flags = 0x1)
0  -O                                                                        (1 = 100.0%)
1  ... 

Histogram: ContentSettings.RegularProfile.Exceptions.auto-picture-in-picture recorded 1 samples, mean = 0.0 (flags = 0x1)
0  -O                                                                        (1 = 100.0%)
1  ... 

Histogram: ContentSettings.RegularProfile.Exceptions.auto-select-certificate recorded 1 samples, mean = 0.0 (flags = 0x1)
0  -O                                                                        (1 = 100.0%)
1  ... 

Histogram: ContentSettings.RegularProfile.Exceptions.automatic-downloads recorded 1 samples, mean = 0.0 (flags = 0x1)
0  -O                                                                        (1 = 100.0%)
1  ... 

Histogram: ContentSettings.RegularProfile.Exceptions.automatic-fullscreen recorded 1 samples, mean = 0.0 (flags = 0x1)
0  -O                                                                        (1 = 100.0%)
1  ... 

Histogram: ContentSettings.RegularProfile.Exceptions.autoplay recorded 1 samples, mean = 0.0 (flags = 0x1)
0  -O                                                                        (1 = 100.0%)
1  ... 

Histogram: ContentSettings.RegularProfile.Exceptions.background-sync recorded 1 samples, mean = 0.0 (flags = 0x1)
0  -O                                                                        (1 = 100.0%)
1  ... 

Histogram: ContentSettings.RegularProfile.Exceptions.bluetooth-chooser-data recorded 1 samples, mean = 0.0 (flags = 0x1)
0  -O                                                                        (1 = 100.0%)
1  ... 

Histogram: ContentSettings.RegularProfile.Exceptions.bluetooth-guard recorded 1 samples, mean = 0.0 (flags = 0x1)
0  -O                                                                        (1 = 100.0%)
1  ... 

Histogram: ContentSettings.RegularProfile.Exceptions.bluetooth-scanning recorded 1 samples, mean = 0.0 (flags = 0x1)
0  -O                                                                        (1 = 100.0%)
1  ... 

Histogram: ContentSettings.RegularProfile.Exceptions.camera-pan-tilt-zoom recorded 1 samples, mean = 0.0 (flags = 0x1)
0  -O                                                                        (1 = 100.0%)
1  ... 

Histogram: ContentSettings.RegularProfile.Exceptions.captured-surface-control recorded 1 samples, mean = 0.0 (flags = 0x1)
0  -O                                                                        (1 = 100.0%)
1  ... 

Histogram: ContentSettings.RegularProfile.Exceptions.client-hints recorded 1 samples, mean = 0.0 (flags = 0x1)
0  -O                                                                        (1 = 100.0%)
1  ... 

Histogram: ContentSettings.RegularProfile.Exceptions.clipboard recorded 1 samples, mean = 0.0 (flags = 0x1)
0  -O                                                                        (1 = 100.0%)
1  ... 

Histogram: ContentSettings.RegularProfile.Exceptions.controlled-frame recorded 1 samples, mean = 0.0 (flags = 0x1)
0  -O                                                                        (1 = 100.0%)
1  ... 

Histogram: ContentSettings.RegularProfile.Exceptions.cookie-controls-metadata recorded 1 samples, mean = 0.0 (flags = 0x1)
0  -O                                                                        (1 = 100.0%)
1  ... 

Histogram: ContentSettings.RegularProfile.Exceptions.cookies recorded 1 samples, mean = 0.0 (flags = 0x1)
0  -O                                                                        (1 = 100.0%)
1  ... 

Histogram: ContentSettings.RegularProfile.Exceptions.cookies.Allow recorded 1 samples, mean = 0.0 (flags = 0x1)
0  -O                                                                        (1 = 100.0%)
1  ... 

Histogram: ContentSettings.RegularProfile.Exceptions.cookies.AllowThirdParty recorded 1 samples, mean = 0.0 (flags = 0x1)
0  -O                                                                        (1 = 100.0%)
1  ... 

Histogram: ContentSettings.RegularProfile.Exceptions.cookies.Block recorded 1 samples, mean = 0.0 (flags = 0x1)
0  -O                                                                        (1 = 100.0%)
1  ... 

Histogram: ContentSettings.RegularProfile.Exceptions.cookies.DomainWildcardAllowThirdParty recorded 1 samples, mean = 0.0 (flags = 0x1)
0  -O                                                                        (1 = 100.0%)
1  ... 

Histogram: ContentSettings.RegularProfile.Exceptions.cookies.SessionOnly recorded 1 samples, mean = 0.0 (flags = 0x1)
0  -O                                                                        (1 = 100.0%)
1  ... 

Histogram: ContentSettings.RegularProfile.Exceptions.cookies.TemporaryAllowThirdParty recorded 1 samples, mean = 0.0 (flags = 0x1)
0  -O                                                                        (1 = 100.0%)
1  ... 

Histogram: ContentSettings.RegularProfile.Exceptions.direct-sockets recorded 1 samples, mean = 0.0 (flags = 0x1)
0  -O                                                                        (1 = 100.0%)
1  ... 

Histogram: ContentSettings.RegularProfile.Exceptions.direct-sockets-private-network-access recorded 1 samples, mean = 0.0 (flags = 0x1)
0  -O                                                                        (1 = 100.0%)
1  ... 

Histogram: ContentSettings.RegularProfile.Exceptions.display-media-system-audio recorded 1 samples, mean = 0.0 (flags = 0x1)
0  -O                                                                        (1 = 100.0%)
1  ... 

Histogram: ContentSettings.RegularProfile.Exceptions.disruptive-notification-permissions recorded 1 samples, mean = 0.0 (flags = 0x1)
0  -O                                                                        (1 = 100.0%)
1  ... 

Histogram: ContentSettings.RegularProfile.Exceptions.durable-storage recorded 1 samples, mean = 0.0 (flags = 0x1)
0  -O                                                                        (1 = 100.0%)
1  ... 

Histogram: ContentSettings.RegularProfile.Exceptions.fedcm-idp-registration recorded 1 samples, mean = 0.0 (flags = 0x1)
0  -O                                                                        (1 = 100.0%)
1  ... 

Histogram: ContentSettings.RegularProfile.Exceptions.fedcm-idp-signin recorded 1 samples, mean = 0.0 (flags = 0x1)
0  -O                                                                        (1 = 100.0%)
1  ... 

Histogram: ContentSettings.RegularProfile.Exceptions.fedcm-share recorded 1 samples, mean = 0.0 (flags = 0x1)
0  -O                                                                        (1 = 100.0%)
1  ... 

Histogram: ContentSettings.RegularProfile.Exceptions.file-system-access-chooser-data recorded 1 samples, mean = 0.0 (flags = 0x1)
0  -O                                                                        (1 = 100.0%)
1  ... 

Histogram: ContentSettings.RegularProfile.Exceptions.file-system-access-extended-permission recorded 1 samples, mean = 0.0 (flags = 0x1)
0  -O                                                                        (1 = 100.0%)
1  ... 

Histogram: ContentSettings.RegularProfile.Exceptions.file-system-access-restore-permission recorded 1 samples, mean = 0.0 (flags = 0x1)
0  -O                                                                        (1 = 100.0%)
1  ... 

Histogram: ContentSettings.RegularProfile.Exceptions.file-system-last-picked-directory recorded 1 samples, mean = 0.0 (flags = 0x1)
0  -O                                                                        (1 = 100.0%)
1  ... 

Histogram: ContentSettings.RegularProfile.Exceptions.file-system-read-guard recorded 1 samples, mean = 0.0 (flags = 0x1)
0  -O                                                                        (1 = 100.0%)
1  ... 

Histogram: ContentSettings.RegularProfile.Exceptions.file-system-write-guard recorded 1 samples, mean = 0.0 (flags = 0x1)
0  -O                                                                        (1 = 100.0%)
1  ... 

Histogram: ContentSettings.RegularProfile.Exceptions.formfill-metadata recorded 1 samples, mean = 0.0 (flags = 0x1)
0  -O                                                                        (1 = 100.0%)
1  ... 

Histogram: ContentSettings.RegularProfile.Exceptions.geolocation recorded 1 samples, mean = 0.0 (flags = 0x1)
0  -O                                                                        (1 = 100.0%)
1  ... 

Histogram: ContentSettings.RegularProfile.Exceptions.geolocation-with-options recorded 1 samples, mean = 0.0 (flags = 0x1)
0  -O                                                                        (1 = 100.0%)
1  ... 

Histogram: ContentSettings.RegularProfile.Exceptions.hand-tracking recorded 1 samples, mean = 0.0 (flags = 0x1)
0  -O                                                                        (1 = 100.0%)
1  ... 

Histogram: ContentSettings.RegularProfile.Exceptions.hid-chooser-data recorded 1 samples, mean = 0.0 (flags = 0x1)
0  -O                                                                        (1 = 100.0%)
1  ... 

Histogram: ContentSettings.RegularProfile.Exceptions.hid-guard recorded 1 samples, mean = 0.0 (flags = 0x1)
0  -O                                                                        (1 = 100.0%)
1  ... 

Histogram: ContentSettings.RegularProfile.Exceptions.http-allowed recorded 1 samples, mean = 0.0 (flags = 0x1)
0  -O                                                                        (1 = 100.0%)
1  ... 

Histogram: ContentSettings.RegularProfile.Exceptions.https-enforced recorded 1 samples, mean = 0.0 (flags = 0x1)
0  -O                                                                        (1 = 100.0%)
1  ... 

Histogram: ContentSettings.RegularProfile.Exceptions.idle-detection recorded 1 samples, mean = 0.0 (flags = 0x1)
0  -O                                                                        (1 = 100.0%)
1  ... 

Histogram: ContentSettings.RegularProfile.Exceptions.images recorded 1 samples, mean = 0.0 (flags = 0x1)
0  -O                                                                        (1 = 100.0%)
1  ... 

Histogram: ContentSettings.RegularProfile.Exceptions.important-site-info recorded 1 samples, mean = 0.0 (flags = 0x1)
0  -O                                                                        (1 = 100.0%)
1  ... 

Histogram: ContentSettings.RegularProfile.Exceptions.initialized-translations recorded 1 samples, mean = 0.0 (flags = 0x1)
0  -O                                                                        (1 = 100.0%)
1  ... 

Histogram: ContentSettings.RegularProfile.Exceptions.inline-cue-menu recorded 1 samples, mean = 0.0 (flags = 0x1)
0  -O                                                                        (1 = 100.0%)
1  ... 

Histogram: ContentSettings.RegularProfile.Exceptions.intent-picker-auto-display recorded 1 samples, mean = 0.0 (flags = 0x1)
0  -O                                                                        (1 = 100.0%)
1  ... 

Histogram: ContentSettings.RegularProfile.Exceptions.javascript recorded 1 samples, mean = 0.0 (flags = 0x1)
0  -O                                                                        (1 = 100.0%)
1  ... 

Histogram: ContentSettings.RegularProfile.Exceptions.javascript-jit recorded 1 samples, mean = 0.0 (flags = 0x1)
0  -O                                                                        (1 = 100.0%)
1  ... 

Histogram: ContentSettings.RegularProfile.Exceptions.javascript-jit.Allow recorded 1 samples, mean = 0.0 (flags = 0x1)
0  -O                                                                        (1 = 100.0%)
1  ... 

Histogram: ContentSettings.RegularProfile.Exceptions.javascript-jit.Block recorded 1 samples, mean = 0.0 (flags = 0x1)
0  -O                                                                        (1 = 100.0%)
1  ... 

Histogram: ContentSettings.RegularProfile.Exceptions.javascript-optimizer recorded 1 samples, mean = 0.0 (flags = 0x1)
0  -O                                                                        (1 = 100.0%)
1  ... 

Histogram: ContentSettings.RegularProfile.Exceptions.javascript-optimizer.Allow recorded 1 samples, mean = 0.0 (flags = 0x1)
0  -O                                                                        (1 = 100.0%)
1  ... 

Histogram: ContentSettings.RegularProfile.Exceptions.javascript-optimizer.Block recorded 1 samples, mean = 0.0 (flags = 0x1)
0  -O                                                                        (1 = 100.0%)
1  ... 

Histogram: ContentSettings.RegularProfile.Exceptions.keyboard-lock recorded 1 samples, mean = 0.0 (flags = 0x1)
0  -O                                                                        (1 = 100.0%)
1  ... 

Histogram: ContentSettings.RegularProfile.Exceptions.legacy-cookie-access recorded 1 samples, mean = 0.0 (flags = 0x1)
0  -O                                                                        (1 = 100.0%)
1  ... 

Histogram: ContentSettings.RegularProfile.Exceptions.legacy-cookie-scope recorded 1 samples, mean = 0.0 (flags = 0x1)
0  -O                                                                        (1 = 100.0%)
1  ... 

Histogram: ContentSettings.RegularProfile.Exceptions.local-fonts recorded 1 samples, mean = 0.0 (flags = 0x1)
0  -O                                                                        (1 = 100.0%)
1  ... 

Histogram: ContentSettings.RegularProfile.Exceptions.local-network recorded 1 samples, mean = 0.0 (flags = 0x1)
0  -O                                                                        (1 = 100.0%)
1  ... 

Histogram: ContentSettings.RegularProfile.Exceptions.local-network-access recorded 1 samples, mean = 0.0 (flags = 0x1)
0  -O                                                                        (1 = 100.0%)
1  ... 

Histogram: ContentSettings.RegularProfile.Exceptions.loopback-network recorded 1 samples, mean = 0.0 (flags = 0x1)
0  -O                                                                        (1 = 100.0%)
1  ... 

Histogram: ContentSettings.RegularProfile.Exceptions.media-engagement recorded 1 samples, mean = 0.0 (flags = 0x1)
0  -O                                                                        (1 = 100.0%)
1  ... 

Histogram: ContentSettings.RegularProfile.Exceptions.media-stream-camera recorded 1 samples, mean = 0.0 (flags = 0x1)
0  -O                                                                        (1 = 100.0%)
1  ... 

Histogram: ContentSettings.RegularProfile.Exceptions.media-stream-mic recorded 1 samples, mean = 0.0 (flags = 0x1)
0  -O                                                                        (1 = 100.0%)
1  ... 

Histogram: ContentSettings.RegularProfile.Exceptions.midi-sysex recorded 1 samples, mean = 0.0 (flags = 0x1)
0  -O                                                                        (1 = 100.0%)
1  ... 

Histogram: ContentSettings.RegularProfile.Exceptions.mixed-script recorded 1 samples, mean = 0.0 (flags = 0x1)
0  -O                                                                        (1 = 100.0%)
1  ... 

Histogram: ContentSettings.RegularProfile.Exceptions.nfc-devices recorded 1 samples, mean = 0.0 (flags = 0x1)
0  -O                                                                        (1 = 100.0%)
1  ... 

Histogram: ContentSettings.RegularProfile.Exceptions.notification-interactions recorded 1 samples, mean = 0.0 (flags = 0x1)
0  -O                                                                        (1 = 100.0%)
1  ... 

Histogram: ContentSettings.RegularProfile.Exceptions.notification-permission-review recorded 1 samples, mean = 0.0 (flags = 0x1)
0  -O                                                                        (1 = 100.0%)
1  ... 

Histogram: ContentSettings.RegularProfile.Exceptions.notifications recorded 1 samples, mean = 0.0 (flags = 0x1)
0  -O                                                                        (1 = 100.0%)
1  ... 

Histogram: ContentSettings.RegularProfile.Exceptions.ondevice-languages-downloaded recorded 1 samples, mean = 0.0 (flags = 0x1)
0  -O                                                                        (1 = 100.0%)
1  ... 

Histogram: ContentSettings.RegularProfile.Exceptions.password-protection recorded 1 samples, mean = 0.0 (flags = 0x1)
0  -O                                                                        (1 = 100.0%)
1  ... 

Histogram: ContentSettings.RegularProfile.Exceptions.payment-handler recorded 1 samples, mean = 0.0 (flags = 0x1)
0  -O                                                                        (1 = 100.0%)
1  ... 

Histogram: ContentSettings.RegularProfile.Exceptions.permission-actions-history recorded 1 samples, mean = 0.0 (flags = 0x1)
0  -O                                                                        (1 = 100.0%)
1  ... 

Histogram: ContentSettings.RegularProfile.Exceptions.permission-autoblocking-data recorded 1 samples, mean = 0.0 (flags = 0x1)
0  -O                                                                        (1 = 100.0%)
1  ... 

Histogram: ContentSettings.RegularProfile.Exceptions.permission-autorevocation-data recorded 1 samples, mean = 0.0 (flags = 0x1)
0  -O                                                                        (1 = 100.0%)
1  ... 

Histogram: ContentSettings.RegularProfile.Exceptions.pointer-lock recorded 1 samples, mean = 0.0 (flags = 0x1)
0  -O                                                                        (1 = 100.0%)
1  ... 

Histogram: ContentSettings.RegularProfile.Exceptions.popups recorded 1 samples, mean = 0.0 (flags = 0x1)
0  -O                                                                        (1 = 100.0%)
1  ... 

Histogram: ContentSettings.RegularProfile.Exceptions.popups.Allow recorded 1 samples, mean = 0.0 (flags = 0x1)
0  -O                                                                        (1 = 100.0%)
1  ... 

Histogram: ContentSettings.RegularProfile.Exceptions.popups.Block recorded 1 samples, mean = 0.0 (flags = 0x1)
0  -O                                                                        (1 = 100.0%)
1  ... 

Histogram: ContentSettings.RegularProfile.Exceptions.protected-media-identifier recorded 1 samples, mean = 0.0 (flags = 0x1)
0  -O                                                                        (1 = 100.0%)
1  ... 

Histogram: ContentSettings.RegularProfile.Exceptions.protocol-handler recorded 1 samples, mean = 0.0 (flags = 0x1)
0  -O                                                                        (1 = 100.0%)
1  ... 

Histogram: ContentSettings.RegularProfile.Exceptions.reduced-accept-language recorded 1 samples, mean = 0.0 (flags = 0x1)
0  -O                                                                        (1 = 100.0%)
1  ... 

Histogram: ContentSettings.RegularProfile.Exceptions.safe-browsing-url-check-data recorded 1 samples, mean = 0.0 (flags = 0x1)
0  -O                                                                        (1 = 100.0%)
1  ... 

Histogram: ContentSettings.RegularProfile.Exceptions.sensors recorded 1 samples, mean = 0.0 (flags = 0x1)
0  -O                                                                        (1 = 100.0%)
1  ... 

Histogram: ContentSettings.RegularProfile.Exceptions.serial-chooser-data recorded 1 samples, mean = 0.0 (flags = 0x1)
0  -O                                                                        (1 = 100.0%)
1  ... 

Histogram: ContentSettings.RegularProfile.Exceptions.serial-guard recorded 1 samples, mean = 0.0 (flags = 0x1)
0  -O                                                                        (1 = 100.0%)
1  ... 

Histogram: ContentSettings.RegularProfile.Exceptions.site-engagement recorded 1 samples, mean = 0.0 (flags = 0x1)
0  -O                                                                        (1 = 100.0%)
1  ... 

Histogram: ContentSettings.RegularProfile.Exceptions.sound recorded 1 samples, mean = 0.0 (flags = 0x1)
0  -O                                                                        (1 = 100.0%)
1  ... 

Histogram: ContentSettings.RegularProfile.Exceptions.speaker-selection recorded 1 samples, mean = 0.0 (flags = 0x1)
0  -O                                                                        (1 = 100.0%)
1  ... 

Histogram: ContentSettings.RegularProfile.Exceptions.ssl-cert-decisions recorded 1 samples, mean = 0.0 (flags = 0x1)
0  -O                                                                        (1 = 100.0%)
1  ... 

Histogram: ContentSettings.RegularProfile.Exceptions.storage-access recorded 1 samples, mean = 0.0 (flags = 0x1)
0  -O                                                                        (1 = 100.0%)
1  ... 

Histogram: ContentSettings.RegularProfile.Exceptions.storage-access-header-origin-trial recorded 1 samples, mean = 0.0 (flags = 0x1)
0  -O                                                                        (1 = 100.0%)
1  ... 

Histogram: ContentSettings.RegularProfile.Exceptions.storage-access.Allow recorded 1 samples, mean = 0.0 (flags = 0x1)
0  -O                                                                        (1 = 100.0%)
1  ... 

Histogram: ContentSettings.RegularProfile.Exceptions.storage-access.Ask recorded 1 samples, mean = 0.0 (flags = 0x1)
0  -O                                                                        (1 = 100.0%)
1  ... 

Histogram: ContentSettings.RegularProfile.Exceptions.storage-access.Block recorded 1 samples, mean = 0.0 (flags = 0x1)
0  -O                                                                        (1 = 100.0%)
1  ... 

Histogram: ContentSettings.RegularProfile.Exceptions.storage-access.MaxRequester recorded 1 samples, mean = 0.0 (flags = 0x1)
0  -O                                                                        (1 = 100.0%)
1  ... 

Histogram: ContentSettings.RegularProfile.Exceptions.storage-access.MaxTopLevel recorded 1 samples, mean = 0.0 (flags = 0x1)
0  -O                                                                        (1 = 100.0%)
1  ... 

Histogram: ContentSettings.RegularProfile.Exceptions.sub-apps-without-prompts recorded 1 samples, mean = 0.0 (flags = 0x1)
0  -O                                                                        (1 = 100.0%)
1  ... 

Histogram: ContentSettings.RegularProfile.Exceptions.subresource-filter recorded 1 samples, mean = 0.0 (flags = 0x1)
0  -O                                                                        (1 = 100.0%)
1  ... 

Histogram: ContentSettings.RegularProfile.Exceptions.subresource-filter-data recorded 1 samples, mean = 0.0 (flags = 0x1)
0  -O                                                                        (1 = 100.0%)
1  ... 

Histogram: ContentSettings.RegularProfile.Exceptions.subresource-filter.Allow recorded 1 samples, mean = 0.0 (flags = 0x1)
0  -O                                                                        (1 = 100.0%)
1  ... 

Histogram: ContentSettings.RegularProfile.Exceptions.subresource-filter.Block recorded 1 samples, mean = 0.0 (flags = 0x1)
0  -O                                                                        (1 = 100.0%)
1  ... 

Histogram: ContentSettings.RegularProfile.Exceptions.suspicious-notification-ids recorded 1 samples, mean = 0.0 (flags = 0x1)
0  -O                                                                        (1 = 100.0%)
1  ... 

Histogram: ContentSettings.RegularProfile.Exceptions.suspicious-notification-show-original recorded 1 samples, mean = 0.0 (flags = 0x1)
0  -O                                                                        (1 = 100.0%)
1  ... 

Histogram: ContentSettings.RegularProfile.Exceptions.suspicious-site-warning-data recorded 1 samples, mean = 0.0 (flags = 0x1)
0  -O                                                                        (1 = 100.0%)
1  ... 

Histogram: ContentSettings.RegularProfile.Exceptions.top-level-storage-access recorded 1 samples, mean = 0.0 (flags = 0x1)
0  -O                                                                        (1 = 100.0%)
1  ... 

Histogram: ContentSettings.RegularProfile.Exceptions.unused-site-permissions recorded 1 samples, mean = 0.0 (flags = 0x1)
0  -O                                                                        (1 = 100.0%)
1  ... 

Histogram: ContentSettings.RegularProfile.Exceptions.usb-chooser-data recorded 1 samples, mean = 0.0 (flags = 0x1)
0  -O                                                                        (1 = 100.0%)
1  ... 

Histogram: ContentSettings.RegularProfile.Exceptions.usb-guard recorded 1 samples, mean = 0.0 (flags = 0x1)
0  -O                                                                        (1 = 100.0%)
1  ... 

Histogram: ContentSettings.RegularProfile.Exceptions.vr recorded 1 samples, mean = 0.0 (flags = 0x1)
0  -O                                                                        (1 = 100.0%)
1  ... 

Histogram: ContentSettings.RegularProfile.Exceptions.web-app-installation recorded 1 samples, mean = 0.0 (flags = 0x1)
0  -O                                                                        (1 = 100.0%)
1  ... 

Histogram: ContentSettings.RegularProfile.Exceptions.webid-api recorded 1 samples, mean = 0.0 (flags = 0x1)
0  -O                                                                        (1 = 100.0%)
1  ... 

Histogram: ContentSettings.RegularProfile.Exceptions.webid-auto-reauthn recorded 1 samples, mean = 0.0 (flags = 0x1)
0  -O                                                                        (1 = 100.0%)
1  ... 

Histogram: ContentSettings.RegularProfile.Exceptions.window-placement recorded 1 samples, mean = 0.0 (flags = 0x1)
0  -O                                                                        (1 = 100.0%)
1  ... 

Histogram: ContextualCueing.NudgeDecision.GlicContextualCueing recorded 2 samples, mean = 2.0 (flags = 0x1)
0  ... 
2  --O                                                                       (2 = 100.0%) {0.0%}
3  ... 

Histogram: ContextualSearch.ActiveTabsCountOnContextMenuOpen.Omnibox recorded 3 samples, mean = 1.0 (flags = 0x1)
0  O                                                                         (0 = 0.0%)
1  ---O                                                                      (3 = 100.0%) {0.0%}
2  ... 

Histogram: ContextualSearch.DuplicateTabTitlesShownCount.Omnibox recorded 3 samples, mean = 0.0 (flags = 0x1)
0  ---O                                                                      (3 = 100.0%)
1  ... 

Histogram: ContextualSearch.Session.Duration.Abandoned.Omnibox recorded 1 samples, mean = 1031.0 (flags = 0x1)
0    ... 
926  -O                                                                        (1 = 100.0%) {0.0%}
1177 ... 

Histogram: ContextualSearch.Session.Duration.Total.Omnibox recorded 1 samples, mean = 1031.0 (flags = 0x1)
0    ... 
926  -O                                                                        (1 = 100.0%) {0.0%}
1177 ... 

Histogram: ContextualSearch.Session.File.Browser.UploadAttemptCount.Omnibox recorded 1 samples, mean = 0.0 (flags = 0x1)
0  -O                                                                        (1 = 100.0%)
1  ... 

Histogram: ContextualSearch.Session.File.Browser.UploadFailureCount.Omnibox recorded 1 samples, mean = 0.0 (flags = 0x1)
0  -O                                                                        (1 = 100.0%)
1  ... 

Histogram: ContextualSearch.Session.File.Browser.UploadSuccessCount.Omnibox recorded 1 samples, mean = 0.0 (flags = 0x1)
0  -O                                                                        (1 = 100.0%)
1  ... 

Histogram: ContextualSearch.Session.QueryCount.Omnibox recorded 1 samples, mean = 0.0 (flags = 0x1)
0  -O                                                                        (1 = 100.0%)
1  ... 

Histogram: ContextualSearch.TabContextAdded.V2.Omnibox recorded 1 samples, mean = 0.0 (flags = 0x1)
0  -O                                                                        (1 = 100.0%)
1  ... 

Histogram: ContextualSearch.TabContextAddedFromPlusButton.Omnibox recorded 1 samples, mean = 0.0 (flags = 0x1)
0  -O                                                                        (1 = 100.0%)
1  ... 

Histogram: ContextualSearch.TabContextAddedFromTabSuggestionChip.Omnibox recorded 1 samples, mean = 0.0 (flags = 0x1)
0  -O                                                                        (1 = 100.0%)
1  ... 

Histogram: ContextualSearch.TabWithDuplicateTitleClicked.V2.Omnibox recorded 1 samples, mean = 0.0 (flags = 0x1)
0  -O                                                                        (1 = 100.0%)
1  ... 

Histogram: DevTools.CDPCommandFromDevTools recorded 6 samples (flags = 0x1)
-1357267098 -O                                                                        (1 = 16.7%)
-1258931033 -O                                                                        (1 = 16.7%)
-1173653183 -O                                                                        (1 = 16.7%)
-275022964  -O                                                                        (1 = 16.7%)
1510866078  -O                                                                        (1 = 16.7%)
1722263252  -O                                                                        (1 = 16.7%)

Histogram: DevTools.CDPCommandFromOther recorded 57 samples (flags = 0x1)
-1455930618 -O                                                                        (1 = 1.8%)
-1357267098 ------------------------------------------------O                         (48 = 84.2%)
-1079235489 -O                                                                        (1 = 1.8%)
-986068555  -O                                                                        (1 = 1.8%)
-603976241  -O                                                                        (1 = 1.8%)
-275022964  -O                                                                        (1 = 1.8%)
23568337    -O                                                                        (1 = 1.8%)
834356206   -O                                                                        (1 = 1.8%)
916698928   -O                                                                        (1 = 1.8%)
1818737395  -O                                                                        (1 = 1.8%)

Histogram: Download.Database.IsAvailable recorded 1 samples, mean = 1.0 (flags = 0x1)
0  O                                                                         (0 = 0.0%)
1  -O                                                                        (1 = 100.0%) {0.0%}
2  O                                                                         (0 = 0.0%) {100.0%}

Histogram: Enterprise.CacheEncryptionPolicyEnabled recorded 2 samples, mean = 0.0 (flags = 0x1)
0  --O                                                                       (2 = 100.0%)
1  ... 

Histogram: Enterprise.CertificateStore.LevelDB.InitStatus.NoRetry recorded 1 samples (flags = 0x1)
1  -O                                                                        (1 = 100.0%)

Histogram: Enterprise.CloudPolicy.HasPreferenceMappingErrors recorded 4 samples, mean = 0.0 (flags = 0x1)
0  ----O                                                                     (4 = 100.0%)
1  ... 

Histogram: Enterprise.Policies recorded 1 samples (flags = 0x1)
1371  -O                                                                        (1 = 100.0%)

Histogram: Enterprise.Policies.Mandatory recorded 1 samples (flags = 0x1)
1371  -O                                                                        (1 = 100.0%)

Histogram: Enterprise.Policies.Sources recorded 1 samples, mean = 2.0 (flags = 0x1)
0  ... 
2  -O                                                                        (1 = 100.0%) {0.0%}
3  ... 

Histogram: Enterprise.PolicyServiceInitTime.Machine recorded 1 samples, mean = 0.0 (flags = 0x1)
0  -O                                                                        (1 = 100.0%)
1  ... 

Histogram: Enterprise.PolicyServiceInitTime.Machine.WithPolicies recorded 1 samples, mean = 0.0 (flags = 0x1)
0  -O                                                                        (1 = 100.0%)
1  ... 

Histogram: Enterprise.PolicyServiceInitTime.Machine.With_1_to_50_Policies recorded 1 samples, mean = 0.0 (flags = 0x1)
0  -O                                                                        (1 = 100.0%)
1  ... 

Histogram: Enterprise.PolicyServiceInitTime.User recorded 1 samples, mean = 0.0 (flags = 0x1)
0  -O                                                                        (1 = 100.0%)
1  ... 

Histogram: Enterprise.PolicyServiceInitTime.User.WithPolicies recorded 1 samples, mean = 0.0 (flags = 0x1)
0  -O                                                                        (1 = 100.0%)
1  ... 

Histogram: Enterprise.PolicyServiceInitTime.User.With_1_to_50_Policies recorded 1 samples, mean = 0.0 (flags = 0x1)
0  -O                                                                        (1 = 100.0%)
1  ... 

Histogram: Enterprise.RefreshTokenLoadResult recorded 1 samples, mean = 1.0 (flags = 0x1)
0  O                                                                         (0 = 0.0%)
1  -O                                                                        (1 = 100.0%) {0.0%}
2  O                                                                         (0 = 0.0%) {100.0%}

Histogram: EnterpriseCheck.AzureADJoinStatusCheckTime recorded 1 samples, mean = 8.0 (flags = 0x1)
0  ... 
8  -O                                                                        (1 = 100.0%) {0.0%}
10 ... 

Histogram: EnterpriseCheck.InDomain recorded 1 samples, mean = 0.0 (flags = 0x1)
0  -O                                                                        (1 = 100.0%)
1  ... 

Histogram: EnterpriseCheck.InvalidPoliciesDetected recorded 4 samples, mean = 0.0 (flags = 0x1)
0  ----O                                                                     (4 = 100.0%)
1  ... 

Histogram: EnterpriseCheck.IsDomainJoined recorded 1 samples, mean = 0.0 (flags = 0x1)
0  -O                                                                        (1 = 100.0%)
1  ... 

Histogram: EnterpriseCheck.IsEnterpriseUser recorded 1 samples, mean = 0.0 (flags = 0x1)
0  -O                                                                        (1 = 100.0%)
1  ... 

Histogram: EnterpriseCheck.IsEnterpriseUser2 recorded 1 samples, mean = 0.0 (flags = 0x1)
0  -O                                                                        (1 = 100.0%)
1  ... 

Histogram: EnterpriseCheck.IsJoinedToAzureAD recorded 1 samples, mean = 0.0 (flags = 0x1)
0  -O                                                                        (1 = 100.0%)
1  ... 

Histogram: EnterpriseCheck.IsJoinedToAzureAD2 recorded 1 samples, mean = 0.0 (flags = 0x1)
0  -O                                                                        (1 = 100.0%)
1  ... 

Histogram: EnterpriseCheck.IsLocalMachine recorded 1 samples, mean = 1.0 (flags = 0x1)
0  O                                                                         (0 = 0.0%)
1  -O                                                                        (1 = 100.0%) {0.0%}
2  O                                                                         (0 = 0.0%) {100.0%}

Histogram: EnterpriseCheck.IsLocalUser recorded 1 samples, mean = 0.0 (flags = 0x1)
0  -O                                                                        (1 = 100.0%)
1  ... 

Histogram: EnterpriseCheck.IsManaged2 recorded 1 samples, mean = 0.0 (flags = 0x1)
0  -O                                                                        (1 = 100.0%)
1  ... 

Histogram: EnterpriseCheck.IsManagedOrEnterpriseDevice recorded 1 samples, mean = 0.0 (flags = 0x1)
0  -O                                                                        (1 = 100.0%)
1  ... 

Histogram: EnterpriseCheck.IsManagedOrEnterpriseDevice2 recorded 1 samples, mean = 0.0 (flags = 0x1)
0  -O                                                                        (1 = 100.0%)
1  ... 

Histogram: EnterpriseCheck.IsManagedOrEnterpriseDeviceAndCBCM recorded 1 samples, mean = 0.0 (flags = 0x1)
0  -O                                                                        (1 = 100.0%)
1  ... 

Histogram: EnterpriseCheck.IsManagedOrEnterpriseDeviceAndCBCM2 recorded 1 samples, mean = 0.0 (flags = 0x1)
0  -O                                                                        (1 = 100.0%)
1  ... 

Histogram: EnterpriseCheck.OSType recorded 1 samples, mean = 1.0 (flags = 0x1)
0  O                                                                         (0 = 0.0%)
1  -O                                                                        (1 = 100.0%) {0.0%}
2  ... 

Histogram: EnterpriseCheck.WindowsProfileType recorded 1 samples, mean = 2.0 (flags = 0x1)
0  ... 
2  -O                                                                        (1 = 100.0%) {0.0%}
3  ... 

Histogram: Extension.Toolbar.BrowserActionsCount2 recorded 1 samples, mean = 0.0 (flags = 0x1)
0  -O                                                                        (1 = 100.0%)
1  ... 

Histogram: ExtensionInstall.ExtensionMustRemainDisabled.Result recorded 18 samples, mean = 0.0 (flags = 0x1)
0  ------------------O                                                       (18 = 100.0%)
1  ... 

Histogram: ExtensionInstall.IsExtensionAllowed.Result recorded 39 samples, mean = 1.0 (flags = 0x1)
0  O                                                                         (0 = 0.0%)
1  ---------------------------------------O                                  (39 = 100.0%) {0.0%}
2  ... 

Histogram: ExtensionInstall.UserMayLoadExtension.Result recorded 21 samples, mean = 1.0 (flags = 0x1)
0  O                                                                         (0 = 0.0%)
1  ---------------------O                                                    (21 = 100.0%) {0.0%}
2  O                                                                         (0 = 0.0%) {100.0%}

Histogram: Extensions.BackgroundHostCreatedForExtension recorded 1 samples, mean = 0.0 (flags = 0x1)
0  -O                                                                        (1 = 100.0%)
1  ... 

Histogram: Extensions.CorruptExtensionTotalDisables2 recorded 1 samples, mean = 0.0 (flags = 0x1)
0  -O                                                                        (1 = 100.0%)
1  ... 

Histogram: Extensions.CrxFetchSuccessRetryCountOtherUrl recorded 2 samples, mean = 0.0 (flags = 0x1)
0  --O                                                                       (2 = 100.0%)
1  ... 

Histogram: Extensions.Database.Open.Rules recorded 1 samples, mean = 0.0 (flags = 0x1)
0  -O                                                                        (1 = 100.0%)
1  ... 

Histogram: Extensions.Database.Open.Scripts recorded 1 samples, mean = 0.0 (flags = 0x1)
0  -O                                                                        (1 = 100.0%)
1  ... 

Histogram: Extensions.Database.Open.State recorded 1 samples, mean = 0.0 (flags = 0x1)
0  -O                                                                        (1 = 100.0%)
1  ... 

Histogram: Extensions.DaysSinceInstall recorded 3 samples, mean = 0.0 (flags = 0x1)
0  ---O                                                                      (3 = 100.0%)
1  ... 

Histogram: Extensions.DaysSinceLastUpdate recorded 3 samples, mean = 0.0 (flags = 0x1)
0  ---O                                                                      (3 = 100.0%)
1  ... 

Histogram: Extensions.DeveloperModeEnabled recorded 3 samples, mean = 0.0 (flags = 0x1)
0  ---O                                                                      (3 = 100.0%)
1  ... 

Histogram: Extensions.Disabled2 recorded 1 samples, mean = 0.0 (flags = 0x1)
0  -O                                                                        (1 = 100.0%)
1  ... 

Histogram: Extensions.DisabledForPermissions2 recorded 1 samples, mean = 0.0 (flags = 0x1)
0  -O                                                                        (1 = 100.0%)
1  ... 

Histogram: Extensions.EventPageActiveTime2 recorded 1 samples, mean = 2442.0 (flags = 0x1)
0     ... 
1816  -O                                                                        (1 = 100.0%) {0.0%}
2460  ... 

Histogram: Extensions.EventPageLoadTime2 recorded 1 samples, mean = 668.0 (flags = 0x1)
0    ... 
585  -O                                                                        (1 = 100.0%) {0.0%}
718  ... 

Histogram: Extensions.Events.DidDispatchToAckSucceed.ExtensionPage recorded 1 samples, mean = 1.0 (flags = 0x1)
0  O                                                                         (0 = 0.0%)
1  -O                                                                        (1 = 100.0%) {0.0%}
2  O                                                                         (0 = 0.0%) {100.0%}

Histogram: Extensions.Events.Dispatch recorded 2 samples, mean = 221.0 (flags = 0x1)
0    ... 
221  --O                                                                       (2 = 100.0%) {0.0%}
222  ... 

Histogram: Extensions.Events.DispatchToComponent recorded 2 samples, mean = 221.0 (flags = 0x1)
0    ... 
221  --O                                                                       (2 = 100.0%) {0.0%}
222  ... 

Histogram: Extensions.Events.DispatchWithServiceWorkerBackground recorded 1 samples, mean = 221.0 (flags = 0x1)
0    ... 
221  -O                                                                        (1 = 100.0%) {0.0%}
222  ... 

Histogram: Extensions.Events.DispatchWithSuspendedEventPage recorded 1 samples, mean = 221.0 (flags = 0x1)
0    ... 
221  -O                                                                        (1 = 100.0%) {0.0%}
222  ... 

Histogram: Extensions.ExtensionLocation2 recorded 3 samples, mean = 5.0 (flags = 0x1)
0  ... 
5  ---O                                                                      (3 = 100.0%) {0.0%}
6  ... 

Histogram: Extensions.ExternalRegistryLoaderWin recorded 1 samples, mean = 0.0
0  -O                                                                        (1 = 100.0%)
1  ... 

Histogram: Extensions.HomepageOverrides2 recorded 1 samples, mean = 0.0 (flags = 0x1)
0  -O                                                                        (1 = 100.0%)
1  ... 

Histogram: Extensions.LoadAll2 recorded 1 samples, mean = 3.0 (flags = 0x1)
0  ... 
3  -O                                                                        (1 = 100.0%) {0.0%}
4  ... 

Histogram: Extensions.LoadAllComponentTime recorded 1 samples, mean = 6.0 (flags = 0x1)
0  ... 
6  -O                                                                        (1 = 100.0%) {0.0%}
7  ... 

Histogram: Extensions.LoadAllComponentTime.User recorded 1 samples, mean = 6.0 (flags = 0x1)
0  ... 
6  -O                                                                        (1 = 100.0%) {0.0%}
7  ... 

Histogram: Extensions.LoadAllTime2.User recorded 1 samples, mean = 0.0 (flags = 0x1)
0  -O                                                                        (1 = 100.0%)
1  ... 

Histogram: Extensions.LoadApp2 recorded 1 samples, mean = 0.0 (flags = 0x1)
0  -O                                                                        (1 = 100.0%)
1  ... 

Histogram: Extensions.LoadAppExternal2 recorded 1 samples, mean = 0.0 (flags = 0x1)
0  -O                                                                        (1 = 100.0%)
1  ... 

Histogram: Extensions.LoadAppUser2 recorded 1 samples, mean = 0.0 (flags = 0x1)
0  -O                                                                        (1 = 100.0%)
1  ... 

Histogram: Extensions.LoadBrowserAction2 recorded 1 samples, mean = 0.0 (flags = 0x1)
0  -O                                                                        (1 = 100.0%)
1  ... 

Histogram: Extensions.LoadExtension2 recorded 1 samples, mean = 0.0 (flags = 0x1)
0  -O                                                                        (1 = 100.0%)
1  ... 

Histogram: Extensions.LoadExtensionExternal2 recorded 1 samples, mean = 0.0 (flags = 0x1)
0  -O                                                                        (1 = 100.0%)
1  ... 

Histogram: Extensions.LoadExtensionUser2 recorded 1 samples, mean = 0.0 (flags = 0x1)
0  -O                                                                        (1 = 100.0%)
1  ... 

Histogram: Extensions.LoadHostedApp2 recorded 1 samples, mean = 0.0 (flags = 0x1)
0  -O                                                                        (1 = 100.0%)
1  ... 

Histogram: Extensions.LoadNoExtensionAction2 recorded 1 samples, mean = 0.0 (flags = 0x1)
0  -O                                                                        (1 = 100.0%)
1  ... 

Histogram: Extensions.LoadOffStoreItems2 recorded 1 samples, mean = 0.0 (flags = 0x1)
0  -O                                                                        (1 = 100.0%)
1  ... 

Histogram: Extensions.LoadPackagedApp2 recorded 1 samples, mean = 0.0 (flags = 0x1)
0  -O                                                                        (1 = 100.0%)
1  ... 

Histogram: Extensions.LoadPlatformApp2 recorded 1 samples, mean = 0.0 (flags = 0x1)
0  -O                                                                        (1 = 100.0%)
1  ... 

Histogram: Extensions.LoadTheme2 recorded 1 samples, mean = 0.0 (flags = 0x1)
0  -O                                                                        (1 = 100.0%)
1  ... 

Histogram: Extensions.MV2Deprecation.MV2ExtensionState.Component recorded 2 samples, mean = 0.0 (flags = 0x1)
0  --O                                                                       (2 = 100.0%)
1  ... 

Histogram: Extensions.Management_Refresh recorded 1 samples, mean = 0.0 (flags = 0x1)
0  -O                                                                        (1 = 100.0%)
1  ... 

Histogram: Extensions.ManifestFetchSuccessRetryCountGoogleUrl recorded 1 samples, mean = 0.0 (flags = 0x1)
0  -O                                                                        (1 = 100.0%)
1  ... 

Histogram: Extensions.ManifestVersion2Count.Component recorded 1 samples, mean = 2.0 (flags = 0x1)
0  ... 
2  -O                                                                        (1 = 100.0%) {0.0%}
3  ... 

Histogram: Extensions.ManifestVersion2Count.External recorded 1 samples, mean = 0.0 (flags = 0x1)
0  -O                                                                        (1 = 100.0%)
1  ... 

Histogram: Extensions.ManifestVersion2Count.Internal recorded 1 samples, mean = 0.0 (flags = 0x1)
0  -O                                                                        (1 = 100.0%)
1  ... 

Histogram: Extensions.ManifestVersion2Count.Policy recorded 1 samples, mean = 0.0 (flags = 0x1)
0  -O                                                                        (1 = 100.0%)
1  ... 

Histogram: Extensions.ManifestVersion2Count.Unpacked recorded 1 samples, mean = 0.0 (flags = 0x1)
0  -O                                                                        (1 = 100.0%)
1  ... 

Histogram: Extensions.ManifestVersion3Count.Component recorded 1 samples, mean = 1.0 (flags = 0x1)
0  O                                                                         (0 = 0.0%)
1  -O                                                                        (1 = 100.0%) {0.0%}
2  ... 

Histogram: Extensions.ManifestVersion3Count.External recorded 1 samples, mean = 0.0 (flags = 0x1)
0  -O                                                                        (1 = 100.0%)
1  ... 

Histogram: Extensions.ManifestVersion3Count.Internal recorded 1 samples, mean = 0.0 (flags = 0x1)
0  -O                                                                        (1 = 100.0%)
1  ... 

Histogram: Extensions.ManifestVersion3Count.Policy recorded 1 samples, mean = 0.0 (flags = 0x1)
0  -O                                                                        (1 = 100.0%)
1  ... 

Histogram: Extensions.ManifestVersion3Count.Unpacked recorded 1 samples, mean = 0.0 (flags = 0x1)
0  -O                                                                        (1 = 100.0%)
1  ... 

Histogram: Extensions.ManifestVersionByLocation.Component recorded 3 samples, mean = 2.3 (flags = 0x1)
0  ... 
2  --O                                                                       (2 = 66.7%) {0.0%}
3  -O                                                                        (1 = 33.3%) {66.7%}
4  ... 

Histogram: Extensions.Messaging.NativeMessagingCount recorded 1 samples, mean = 0.0 (flags = 0x1)
0  -O                                                                        (1 = 100.0%)
1  ... 

Histogram: Extensions.NewTabPageOverrides2 recorded 1 samples, mean = 0.0 (flags = 0x1)
0  -O                                                                        (1 = 100.0%)
1  ... 

Histogram: Extensions.NonWebStoreNewTabPageOverrides2 recorded 1 samples, mean = 0.0 (flags = 0x1)
0  -O                                                                        (1 = 100.0%)
1  ... 

Histogram: Extensions.NonWebstoreLocation2 recorded 3 samples, mean = 5.0 (flags = 0x1)
0  ... 
5  ---O                                                                      (3 = 100.0%) {0.0%}
6  ... 

Histogram: Extensions.NonWebstoreLocationWithDeveloperModeOff.Enabled3 recorded 3 samples, mean = 5.0 (flags = 0x1)
0  ... 
5  ---O                                                                      (3 = 100.0%) {0.0%}
6  ... 

Histogram: Extensions.NotAllowlistedDisabled2 recorded 1 samples, mean = 0.0 (flags = 0x1)
0  -O                                                                        (1 = 100.0%)
1  ... 

Histogram: Extensions.NotAllowlistedEnabled2 recorded 1 samples, mean = 0.0 (flags = 0x1)
0  -O                                                                        (1 = 100.0%)
1  ... 

Histogram: Extensions.SearchEngineOverrides2 recorded 1 samples, mean = 0.0 (flags = 0x1)
0  -O                                                                        (1 = 100.0%)
1  ... 

Histogram: Extensions.ServiceWorkerBackground.AddPendingTaskForRunningWorker3 recorded 2 samples, mean = 0.0 (flags = 0x1)
0  --O                                                                       (2 = 100.0%)
1  ... 

Histogram: Extensions.ServiceWorkerBackground.RegistrationTime recorded 1 samples, mean = 1310.0 (flags = 0x1)
0     ... 
1262  -O                                                                        (1 = 100.0%) {0.0%}
1500  ... 

Histogram: Extensions.ServiceWorkerBackground.RequestedWorkerStartForStartedWorker3 recorded 1 samples, mean = 0.0 (flags = 0x1)
0  -O                                                                        (1 = 100.0%)
1  ... 

Histogram: Extensions.ServiceWorkerBackground.StartWorkerStatus recorded 1 samples, mean = 1.0 (flags = 0x1)
0  O                                                                         (0 = 0.0%)
1  -O                                                                        (1 = 100.0%) {0.0%}
2  O                                                                         (0 = 0.0%) {100.0%}

Histogram: Extensions.ServiceWorkerBackground.StartWorkerTime recorded 1 samples, mean = 0.0 (flags = 0x1)
0  -O                                                                        (1 = 100.0%)
1  ... 

Histogram: Extensions.ServiceWorkerBackground.StartingExternalRequest_Result recorded 1 samples, mean = 0.0 (flags = 0x1)
0  -O                                                                        (1 = 100.0%)
1  ... 

Histogram: Extensions.ServiceWorkerBackground.WorkerCountAfterAdd recorded 1 samples, mean = 1.0 (flags = 0x1)
0  O                                                                         (0 = 0.0%)
1  -O                                                                        (1 = 100.0%) {0.0%}
2  ... 

Histogram: Extensions.ServiceWorkerBackground.WorkerCountAfterRemove recorded 1 samples, mean = 0.0 (flags = 0x1)
0  -O                                                                        (1 = 100.0%)
1  ... 

Histogram: Extensions.ServiceWorkerBackground.WorkerRegistrationState recorded 1 samples, mean = 1.0 (flags = 0x1)
0  O                                                                         (0 = 0.0%)
1  -O                                                                        (1 = 100.0%) {0.0%}
2  O                                                                         (0 = 0.0%) {100.0%}

Histogram: Extensions.ServiceWorkerBackground.WorkerRegistrationState2 recorded 1 samples, mean = 1.0 (flags = 0x1)
0  O                                                                         (0 = 0.0%)
1  -O                                                                        (1 = 100.0%) {0.0%}
2  O                                                                         (0 = 0.0%) {100.0%}

Histogram: Extensions.WebRequest.DeclarativeRequestDependentExtensionCount recorded 50 samples, mean = 0.0 (flags = 0x1)
0  --------------------------------------------------O                       (50 = 100.0%)
1  ... 

Histogram: Extensions.WebRequest.ProxyDecision2 recorded 50 samples, mean = 0.0 (flags = 0x1)
0  --------------------------------------------------O                       (50 = 100.0%)
1  ... 

Histogram: Extensions.WebRequest.WebRequestDependentExtensionCount recorded 50 samples, mean = 0.0 (flags = 0x1)
0  --------------------------------------------------O                       (50 = 100.0%)
1  ... 

Histogram: Extensions.WebRequest.WebViewDependentExtensionCount recorded 50 samples, mean = 0.0 (flags = 0x1)
0  --------------------------------------------------O                       (50 = 100.0%)
1  ... 

Histogram: Extensions.WebRequestBlockingCount2 recorded 1 samples, mean = 0.0 (flags = 0x1)
0  -O                                                                        (1 = 100.0%)
1  ... 

Histogram: Extensions.WebRequestCount2 recorded 1 samples, mean = 0.0 (flags = 0x1)
0  -O                                                                        (1 = 100.0%)
1  ... 

Histogram: GCM.ClientStartDelay recorded 4 samples, mean = 0.0 (flags = 0x1)
0  ----O                                                                     (4 = 100.0%)
1  ... 

Histogram: GPU.BlocklistEntriesApplied recorded 1 samples (flags = 0x1)
0  -O                                                                        (1 = 100.0%)

Histogram: GPU.BlocklistFeatureTestResults.Accelerated2dCanvas recorded 1 samples, mean = 3.0 (flags = 0x1)
0  ... 
3  -O                                                                        (1 = 100.0%) {0.0%}
4  ... 

Histogram: GPU.BlocklistFeatureTestResults.GpuCompositing recorded 1 samples, mean = 2.0 (flags = 0x1)
0  ... 
2  -O                                                                        (1 = 100.0%) {0.0%}
3  ... 

Histogram: GPU.BlocklistFeatureTestResults.GpuRasterization recorded 1 samples, mean = 2.0 (flags = 0x1)
0  ... 
2  -O                                                                        (1 = 100.0%) {0.0%}
3  ... 

Histogram: GPU.BlocklistFeatureTestResults.Webgl recorded 1 samples, mean = 3.0 (flags = 0x1)
0  ... 
3  -O                                                                        (1 = 100.0%) {0.0%}
4  ... 

Histogram: GPU.BlocklistFeatureTestResults.Webgl2 recorded 1 samples, mean = 3.0 (flags = 0x1)
0  ... 
3  -O                                                                        (1 = 100.0%) {0.0%}
4  ... 

Histogram: GPU.BlocklistFeatureTestResults.Webgpu recorded 1 samples, mean = 3.0 (flags = 0x1)
0  ... 
3  -O                                                                        (1 = 100.0%) {0.0%}
4  ... 

Histogram: GPU.CanvasOopRaster.OopRasterAndGpuAcceleration recorded 1 samples, mean = 3.0 (flags = 0x1)
0  ... 
3  -O                                                                        (1 = 100.0%) {0.0%}
4  O                                                                         (0 = 0.0%) {100.0%}

Histogram: GPU.DriverBugTestResultsPerEntry recorded 1 samples (flags = 0x1)
0  -O                                                                        (1 = 100.0%)

Histogram: GPU.EstablishGpuChannel.Browser.InitAsyncLatency recorded 6 samples, mean = 81.8 (flags = 0x1)
0    ... 
3    -O                                                                        (1 = 16.7%) {0.0%}
4    ... 
41   --O                                                                       (2 = 33.3%) {16.7%}
52   -O                                                                        (1 = 16.7%) {50.0%}
66   -O                                                                        (1 = 16.7%) {66.7%}
84   ... 
220  -O                                                                        (1 = 16.7%) {83.3%}
280  ... 

Histogram: GPU.GPUProcessLaunchTime recorded 1 samples, mean = 479.0 (flags = 0x1)
0    ... 
449  -O                                                                        (1 = 100.0%) {0.0%}
533  ... 

Histogram: GPU.GPUProcessTerminationStatus2 recorded 1 samples, mean = 4.0 (flags = 0x1)
0  ... 
4  -O                                                                        (1 = 100.0%) {0.0%}
5  ... 

Histogram: GPU.HardwareAccelerationModeEnabled recorded 1 samples, mean = 1.0 (flags = 0x1)
0  O                                                                         (0 = 0.0%)
1  -O                                                                        (1 = 100.0%) {0.0%}
2  O                                                                         (0 = 0.0%) {100.0%}

Histogram: GPU.PersistentCache.StaleCacheDeleted recorded 1 samples, mean = 0.0 (flags = 0x1)
0  -O                                                                        (1 = 100.0%)
1  ... 

Histogram: GPU.ProcessLifetime2 recorded 1 samples, mean = 2.0 (flags = 0x1)
0  ... 
2  -O                                                                        (1 = 100.0%) {0.0%}
3  ... 

Histogram: GPU.ProcessLifetimeEvents.SwiftShader recorded 1 samples, mean = 0.0 (flags = 0x1)
0  -O                                                                        (1 = 100.0%)
1  ... 

Histogram: Gaia.AuthFetcher.ListAccounts.NetErrorCodes recorded 1 samples (flags = 0x1)
0  -O                                                                        (1 = 100.0%)

Histogram: Glic.CountryFilteringResult2 recorded 1 samples, mean = 3.0 (flags = 0x1)
0  ... 
3  -O                                                                        (1 = 100.0%) {0.0%}
4  ... 

Histogram: Glic.LocaleFilteringResult recorded 1 samples, mean = 3.0 (flags = 0x1)
0  ... 
3  -O                                                                        (1 = 100.0%) {0.0%}
4  ... 

Histogram: Glic.Preferences.ActuationOnWeb recorded 1 samples, mean = 0.0 (flags = 0x1)
0  -O                                                                        (1 = 100.0%)
1  ... 

Histogram: Glic.Preferences.DefaultTabContextEnabled recorded 1 samples, mean = 1.0 (flags = 0x1)
0  O                                                                         (0 = 0.0%)
1  -O                                                                        (1 = 100.0%) {0.0%}
2  O                                                                         (0 = 0.0%) {100.0%}

Histogram: Glic.Preferences.GeolocationEnabled recorded 1 samples, mean = 0.0 (flags = 0x1)
0  -O                                                                        (1 = 100.0%)
1  ... 

Histogram: Glic.Preferences.KeepSidepanelOpenOnNewTabsEnabled recorded 1 samples, mean = 1.0 (flags = 0x1)
0  O                                                                         (0 = 0.0%)
1  -O                                                                        (1 = 100.0%) {0.0%}
2  O                                                                         (0 = 0.0%) {100.0%}

Histogram: Glic.Preferences.LauncherEnabled recorded 1 samples, mean = 0.0 (flags = 0x1)
0  -O                                                                        (1 = 100.0%)
1  ... 

Histogram: Glic.Preferences.MicrophoneEnabled recorded 1 samples, mean = 0.0 (flags = 0x1)
0  -O                                                                        (1 = 100.0%)
1  ... 

Histogram: Glic.Preferences.PinnedToTabstrip recorded 1 samples, mean = 1.0 (flags = 0x1)
0  O                                                                         (0 = 0.0%)
1  -O                                                                        (1 = 100.0%) {0.0%}
2  O                                                                         (0 = 0.0%) {100.0%}

Histogram: Glic.ProfileEnablement.DisabledReason.Startup recorded 1 samples, mean = 3.0 (flags = 0x1)
0  ... 
3  -O                                                                        (1 = 100.0%) {0.0%}
4  ... 

Histogram: Glic.ProfileEnablement.EligibleForLive.Startup recorded 1 samples, mean = 0.0 (flags = 0x1)
0  -O                                                                        (1 = 100.0%)
1  ... 

Histogram: Glic.ProfileEnablement.IsEnabled.Startup recorded 1 samples, mean = 0.0 (flags = 0x1)
0  -O                                                                        (1 = 100.0%)
1  ... 

Histogram: Glic.ProfileEnablement.IsPrimaryAccountFullySignedIn.Startup recorded 1 samples, mean = 1.0 (flags = 0x1)
0  O                                                                         (0 = 0.0%)
1  -O                                                                        (1 = 100.0%) {0.0%}
2  O                                                                         (0 = 0.0%) {100.0%}

Histogram: Glic.ProfileEnablement.IsPrimaryAccountNeedsSignedIn.Startup recorded 1 samples, mean = 0.0 (flags = 0x1)
0  -O                                                                        (1 = 100.0%)
1  ... 

Histogram: GoogleUpdate.InstallDetails.UpdateCohortId recorded 1 samples (flags = 0x1)
-968086989-O                                                                        (1 = 100.0%)

Histogram: Graphics.Paint.UI.NormalizedInvalidatedArea recorded 64 samples, mean = 6733.2 (flags = 0x1)
0       ... 
78      -O                                                                        (1 = 1.6%) {0.0%}
101     ------------------------------------------------------O                   (54 = 84.4%) {1.6%}
131     ... 
2370    ---O                                                                      (3 = 4.7%) {85.9%}
3085    O                                                                         (0 = 0.0%) {90.6%}
4015    -O                                                                        (1 = 1.6%) {90.6%}
5226    O                                                                         (0 = 0.0%) {92.2%}
6802    ---O                                                                      (3 = 4.7%) {92.2%}
8853    ... 
160672  --O                                                                       (2 = 3.1%) {96.9%}
209114  ... 

Histogram: Hardware.Display.Count.OnStartup recorded 1 samples, mean = 1.0 (flags = 0x1)
0  O                                                                         (0 = 0.0%)
1  -O                                                                        (1 = 100.0%) {0.0%}
2  ... 

Histogram: Hardware.Display.SupportsHDR recorded 1 samples, mean = 0.0 (flags = 0x1)
0  -O                                                                        (1 = 100.0%)
1  ... 

Histogram: HeapProfiling.InProcess.Enabled recorded 1 samples, mean = 0.0 (flags = 0x1)
0  -O                                                                        (1 = 100.0%)
1  ... 

Histogram: HeapProfiling.InProcess.Enabled.Browser recorded 1 samples, mean = 0.0 (flags = 0x1)
0  -O                                                                        (1 = 100.0%)
1  ... 

Histogram: Histogram.TooManyBuckets.1000 recorded 4 samples (flags = 0x1)
-2140283801 --O                                                                       (2 = 50.0%)
1721222685  --O                                                                       (2 = 50.0%)

Histogram: History.ClearBrowsingData.TaskQueueAtShutdown recorded 1 samples, mean = 0.0 (flags = 0x1)
0  -O                                                                        (1 = 100.0%)
1  ... 

Histogram: History.Clusters.ContextClusterer.VisitProcessingLatency.UrlVisited recorded 2 samples, mean = 0.0 (flags = 0x1)
0  --O                                                                       (2 = 100.0%)
1  ... 

Histogram: History.Clusters.JourneysEligibleAndEnabledAtSessionStart recorded 1 samples, mean = 1.0 (flags = 0x1)
0  O                                                                         (0 = 0.0%)
1  -O                                                                        (1 = 100.0%) {0.0%}
2  O                                                                         (0 = 0.0%) {100.0%}

Histogram: History.Clusters.KeywordCache.LoadCachesFromPrefs.Latency recorded 1 samples, mean = 0.0 (flags = 0x1)
0  -O                                                                        (1 = 100.0%)
1  ... 

Histogram: History.DomainCount1Day_V3 recorded 7 samples, mean = 0.0 (flags = 0x1)
0  -------O                                                                  (7 = 100.0%)
1  ... 

Histogram: History.DomainCount1Day_V4 recorded 7 samples, mean = 0.0 (flags = 0x1)
0  -------O                                                                  (7 = 100.0%)
1  ... 

Histogram: History.DomainCount28Day_V3 recorded 7 samples, mean = 0.0 (flags = 0x1)
0  -------O                                                                  (7 = 100.0%)
1  ... 

Histogram: History.DomainCount28Day_V4 recorded 7 samples, mean = 0.0 (flags = 0x1)
0  -------O                                                                  (7 = 100.0%)
1  ... 

Histogram: History.DomainCount7Day_V3 recorded 7 samples, mean = 0.0 (flags = 0x1)
0  -------O                                                                  (7 = 100.0%)
1  ... 

Histogram: History.DomainCount7Day_V4 recorded 7 samples, mean = 0.0 (flags = 0x1)
0  -------O                                                                  (7 = 100.0%)
1  ... 

Histogram: History.InMemoryDBItemCount recorded 1 samples, mean = 0.0 (flags = 0x1)
0  -O                                                                        (1 = 100.0%)
1  ... 

Histogram: History.InMemoryURLHistoryItems recorded 1 samples, mean = 0.0 (flags = 0x1)
0  -O                                                                        (1 = 100.0%)
1  ... 

Histogram: History.Is4XXOr5XXStatusCode recorded 4 samples, mean = 0.0 (flags = 0x1)
0  ----O                                                                     (4 = 100.0%)
1  ... 

Histogram: History.ShouldUpdateHistory recorded 4 samples, mean = 0.8 (flags = 0x1)
0  -O                                                                        (1 = 25.0%)
1  ---O                                                                      (3 = 75.0%) {25.0%}
2  O                                                                         (0 = 0.0%) {100.0%}

Histogram: History.URLRowAddedAsHidden recorded 2 samples, mean = 0.0 (flags = 0x1)
0  --O                                                                       (2 = 100.0%)
1  ... 

Histogram: History.VisitAddedDueTo404 recorded 2 samples, mean = 0.0 (flags = 0x1)
0  --O                                                                       (2 = 100.0%)
1  ... 

Histogram: History.VisitedLinks.AdditionCausedBy404 recorded 2 samples, mean = 0.0 (flags = 0x1)
0  --O                                                                       (2 = 100.0%)
1  ... 

Histogram: History.VisitedLinks.HashTableSizeOnTableCreate recorded 2 samples, mean = 0.0 (flags = 0x1)
0  --O                                                                       (2 = 100.0%)
1  ... 

Histogram: History.VisitedLinks.HashTableUsageOnLinkAdded recorded 2 samples, mean = 0.5 (flags = 0x1)
0  -O                                                                        (1 = 50.0%)
1  -O                                                                        (1 = 50.0%) {50.0%}
2  ... 

Histogram: History.VisitedLinks.NumSaltsForNavigationsDuringBuild recorded 4 samples, mean = 0.8 (flags = 0x1)
0  -O                                                                        (1 = 25.0%)
1  ---O                                                                      (3 = 75.0%) {25.0%}
2  ... 

Histogram: History.VisitedLinks.TryToAddFingerprint recorded 2 samples, mean = 0.0 (flags = 0x1)
0  --O                                                                       (2 = 100.0%)
1  ... 

Histogram: History.VisitedLinks.VisitLoggedFromMainFrame recorded 2 samples, mean = 1.0 (flags = 0x1)
0  O                                                                         (0 = 0.0%)
1  --O                                                                       (2 = 100.0%) {0.0%}
2  O                                                                         (0 = 0.0%) {100.0%}

Histogram: History.VisitedLinks.VisitLoggedFromTransition recorded 2 samples, mean = 1.5 (flags = 0x1)
0  O                                                                         (0 = 0.0%)
1  -O                                                                        (1 = 50.0%) {0.0%}
2  -O                                                                        (1 = 50.0%) {50.0%}
3  ... 

Histogram: ImportantFile.FileReplaceResult recorded 1 samples, mean = 0.0 (flags = 0x1)
0  -O                                                                        (1 = 100.0%)
1  ... 

Histogram: ImportantFile.FileReplaceResult.All recorded 11 samples, mean = 0.0 (flags = 0x1)
0  -----------O                                                              (11 = 100.0%)
1  ... 

Histogram: ImportantFile.FileReplaceResult.BookmarkMergedSurfaceOrderingStorage recorded 1 samples, mean = 0.0 (flags = 0x1)
0  -O                                                                        (1 = 100.0%)
1  ... 

Histogram: ImportantFile.FileReplaceResult.Local_State recorded 3 samples, mean = 0.0 (flags = 0x1)
0  ---O                                                                      (3 = 100.0%)
1  ... 

Histogram: ImportantFile.FileReplaceResult.Preferences recorded 1 samples, mean = 0.0 (flags = 0x1)
0  -O                                                                        (1 = 100.0%)
1  ... 

Histogram: ImportantFile.FileReplaceResult.Secure_Preferences recorded 1 samples, mean = 0.0 (flags = 0x1)
0  -O                                                                        (1 = 100.0%)
1  ... 

Histogram: ImportantFile.FileReplaceResult.TrustedVault recorded 1 samples, mean = 0.0 (flags = 0x1)
0  -O                                                                        (1 = 100.0%)
1  ... 

Histogram: ImportantFile.FileReplaceResult.VariationsSeedsV2 recorded 3 samples, mean = 0.0 (flags = 0x1)
0  ---O                                                                      (3 = 100.0%)
1  ... 

Histogram: ImportantFile.FileReplaceRetryCount recorded 11 samples, mean = 0.0 (flags = 0x1)
0  -----------O                                                              (11 = 100.0%)
1  ... 

Histogram: ImportantFile.SerializationDuration recorded 1 samples, mean = 0.0 (flags = 0x1)
0  -O                                                                        (1 = 100.0%)
1  ... 

Histogram: ImportantFile.SerializationDuration.All recorded 10 samples, mean = 0.3 (flags = 0x1)
0  ---------O                                                                (9 = 90.0%)
1  ... 
3  -O                                                                        (1 = 10.0%) {90.0%}
4  ... 

Histogram: ImportantFile.SerializationDuration.BookmarkMergedSurfaceOrderingStorage recorded 1 samples, mean = 0.0 (flags = 0x1)
0  -O                                                                        (1 = 100.0%)
1  ... 

Histogram: ImportantFile.SerializationDuration.Local_State recorded 3 samples, mean = 0.0 (flags = 0x1)
0  ---O                                                                      (3 = 100.0%)
1  ... 

Histogram: ImportantFile.SerializationDuration.Preferences recorded 1 samples, mean = 0.0 (flags = 0x1)
0  -O                                                                        (1 = 100.0%)
1  ... 

Histogram: ImportantFile.SerializationDuration.Secure_Preferences recorded 1 samples, mean = 3.0 (flags = 0x1)
0  ... 
3  -O                                                                        (1 = 100.0%) {0.0%}
4  ... 

Histogram: ImportantFile.SerializationDuration.VariationsSeedsV2 recorded 3 samples, mean = 0.0 (flags = 0x1)
0  ---O                                                                      (3 = 100.0%)
1  ... 

Histogram: ImportantFile.SerializationSize.All recorded 3 samples, mean = 5111.7 (flags = 0x1)
0     ... 
1043  -O                                                                        (1 = 33.3%) {0.0%}
1447  ... 
3865  -O                                                                        (1 = 33.3%) {33.3%}
5362  O                                                                         (0 = 0.0%) {66.7%}
7439  -O                                                                        (1 = 33.3%) {66.7%}
10321 ... 

Histogram: ImportantFile.SerializationSize.Local_State recorded 2 samples, mean = 2552.5 (flags = 0x1)
0     ... 
1043  -O                                                                        (1 = 50.0%) {0.0%}
1447  ... 
3865  -O                                                                        (1 = 50.0%) {50.0%}
5362  ... 

Histogram: ImportantFile.SerializationSize.Preferences recorded 1 samples, mean = 10230.0 (flags = 0x1)
0     ... 
7439  -O                                                                        (1 = 100.0%) {0.0%}
10321 ... 

Histogram: ImportantFile.WriteDuration recorded 1 samples, mean = 25.0 (flags = 0x1)
0   ... 
24  -O                                                                        (1 = 100.0%) {0.0%}
29  ... 

Histogram: ImportantFile.WriteDuration.All recorded 11 samples, mean = 16.3 (flags = 0x1)
0   ... 
5   -O                                                                        (1 = 9.1%) {0.0%}
6   O                                                                         (0 = 0.0%) {9.1%}
7   --O                                                                       (2 = 18.2%) {9.1%}
8   -O                                                                        (1 = 9.1%) {27.3%}
10  O                                                                         (0 = 0.0%) {36.4%}
12  -O                                                                        (1 = 9.1%) {36.4%}
14  --O                                                                       (2 = 18.2%) {45.5%}
17  -O                                                                        (1 = 9.1%) {63.6%}
20  -O                                                                        (1 = 9.1%) {72.7%}
24  -O                                                                        (1 = 9.1%) {81.8%}
29  ... 
40  -O                                                                        (1 = 9.1%) {90.9%}
48  ... 

Histogram: ImportantFile.WriteDuration.BookmarkMergedSurfaceOrderingStorage recorded 1 samples, mean = 9.0 (flags = 0x1)
0  ... 
8  -O                                                                        (1 = 100.0%) {0.0%}
10 ... 

Histogram: ImportantFile.WriteDuration.Local_State recorded 3 samples, mean = 22.3 (flags = 0x1)
0   ... 
5   -O                                                                        (1 = 33.3%) {0.0%}
6   ... 
17  -O                                                                        (1 = 33.3%) {33.3%}
20  ... 
40  -O                                                                        (1 = 33.3%) {66.7%}
48  ... 

Histogram: ImportantFile.WriteDuration.Preferences recorded 1 samples, mean = 15.0 (flags = 0x1)
0   ... 
14  -O                                                                        (1 = 100.0%) {0.0%}
17  ... 

Histogram: ImportantFile.WriteDuration.Secure_Preferences recorded 1 samples, mean = 22.0 (flags = 0x1)
0   ... 
20  -O                                                                        (1 = 100.0%) {0.0%}
24  ... 

Histogram: ImportantFile.WriteDuration.TrustedVault recorded 1 samples, mean = 12.0 (flags = 0x1)
0   ... 
12  -O                                                                        (1 = 100.0%) {0.0%}
14  ... 

Histogram: ImportantFile.WriteDuration.VariationsSeedsV2 recorded 3 samples, mean = 9.7 (flags = 0x1)
0   ... 
7   --O                                                                       (2 = 66.7%) {0.0%}
8   ... 
14  -O                                                                        (1 = 33.3%) {66.7%}
17  ... 

Histogram: IndexedDB.ContextShutdownDuration2 recorded 1 samples, mean = 10.0 (flags = 0x1)
0   ... 
10  -O                                                                        (1 = 100.0%) {0.0%}
12  ... 

Histogram: InfoBar.CountAtShow recorded 1 samples, mean = 1.0 (flags = 0x1)
0  O                                                                         (0 = 0.0%)
1  -O                                                                        (1 = 100.0%) {0.0%}
2  ... 

Histogram: InfoBar.Prioritization.QueueSize recorded 1 samples, mean = 0.0 (flags = 0x1)
0  -O                                                                        (1 = 100.0%)
1  ... 

Histogram: InfoBar.Shown recorded 1 samples (flags = 0x1)
43  -O                                                                        (1 = 100.0%)

Histogram: InitialWebUI.Startup.BrowserWindow.FirstPaint recorded 1 samples, mean = 784.0 (flags = 0x1)
0    ... 
761  -O                                                                        (1 = 100.0%) {0.0%}
878  ... 

Histogram: InitialWebUI.Startup.BrowserWindow.FirstPaint.Temperature.WarmStartup recorded 1 samples, mean = 784.0 (flags = 0x1)
0    ... 
761  -O                                                                        (1 = 100.0%) {0.0%}
878  ... 

Histogram: InitialWebUI.Startup.BrowserWindow.ShowRequestedToFirstPaint recorded 1 samples, mean = 118.0 (flags = 0x1)
0    ... 
103  -O                                                                        (1 = 100.0%) {0.0%}
119  ... 

Histogram: InitialWebUI.Startup.BrowserWindow.ShowRequestedToFirstPaint.Temperature.WarmStartup recorded 1 samples, mean = 118.0 (flags = 0x1)
0    ... 
103  -O                                                                        (1 = 100.0%) {0.0%}
119  ... 

Histogram: InitialWebUI.Startup.BrowserWindowToReloadButton.FirstPaintGap recorded 1 samples, mean = 0.0 (flags = 0x1)
0  -O                                                                        (1 = 100.0%)
1  ... 

Histogram: InitialWebUI.Startup.BrowserWindowToReloadButton.FirstPaintGap.Temperature.WarmStartup recorded 1 samples, mean = 0.0 (flags = 0x1)
0  -O                                                                        (1 = 100.0%)
1  ... 

Histogram: InitialWebUI.Startup.ReloadButton.FirstContentfulPaint recorded 1 samples, mean = 784.0 (flags = 0x1)
0    ... 
761  -O                                                                        (1 = 100.0%) {0.0%}
878  ... 

Histogram: InitialWebUI.Startup.ReloadButton.FirstContentfulPaint.Temperature.WarmStartup recorded 1 samples, mean = 784.0 (flags = 0x1)
0    ... 
761  -O                                                                        (1 = 100.0%) {0.0%}
878  ... 

Histogram: InitialWebUI.Startup.ReloadButton.FirstPaint recorded 1 samples, mean = 784.0 (flags = 0x1)
0    ... 
761  -O                                                                        (1 = 100.0%) {0.0%}
878  ... 

Histogram: InitialWebUI.Startup.ReloadButton.FirstPaint.Temperature.WarmStartup recorded 1 samples, mean = 784.0 (flags = 0x1)
0    ... 
761  -O                                                                        (1 = 100.0%) {0.0%}
878  ... 

Histogram: InitialWebUI.Toolbar.ProcessAlreadyExistsForTheSameProfileOnCreation recorded 1 samples, mean = 0.0 (flags = 0x1)
0  -O                                                                        (1 = 100.0%)
1  ... 

Histogram: InitialWebUI.View.Creation recorded 2 samples, mean = 0.5 (flags = 0x1)
0  -O                                                                        (1 = 50.0%)
1  -O                                                                        (1 = 50.0%) {50.0%}
2  O                                                                         (0 = 0.0%) {100.0%}

Histogram: Input.Digitizer.MaxTouchPointsSupportedBySystemAtStartup recorded 1 samples, mean = 0.0 (flags = 0x1)
0  -O                                                                        (1 = 100.0%)
1  ... 

Histogram: Input.PointerTypePrimary recorded 1 samples, mean = 2.0 (flags = 0x1)
0  ... 
2  -O                                                                        (1 = 100.0%) {0.0%}
3  O                                                                         (0 = 0.0%) {100.0%}

Histogram: Input.PointerTypesAll recorded 1 samples, mean = 2.0 (flags = 0x1)
0  ... 
2  -O                                                                        (1 = 100.0%) {0.0%}
3  ... 

Histogram: LanguageUsage.AcceptLanguage recorded 1 samples (flags = 0x1)
25966  -O                                                                        (1 = 100.0%)

Histogram: LanguageUsage.AcceptLanguage.Count recorded 1 samples, mean = 1.0 (flags = 0x1)
0  O                                                                         (0 = 0.0%)
1  -O                                                                        (1 = 100.0%) {0.0%}
2  ... 

Histogram: LanguageUsage.AcceptLanguage.Count2 recorded 7 samples, mean = 2.0 (flags = 0x1)
0  ... 
2  -------O                                                                  (7 = 100.0%) {0.0%}
3  ... 

Histogram: LanguageUsage.AcceptLanguage.FirstAcceptLanguage recorded 1 samples (flags = 0x1)
25966  -O                                                                        (1 = 100.0%)

Histogram: LevelDBEnv.DeleteTableBackupFile recorded 0 samples (flags = 0x1)
0 ... 

Histogram: LevelDBEnv.SyncResult recorded 16 samples, mean = 0.0 (flags = 0x1)
0  ----------------O                                                         (16 = 100.0%)
1  ... 

Histogram: LoadingPredictor.OptimizationHintsReceiveStatus recorded 1 samples, mean = 1.0 (flags = 0x1)
0  O                                                                         (0 = 0.0%)
1  -O                                                                        (1 = 100.0%) {0.0%}
2  ... 

Histogram: Login.PageLoad.DetectionType recorded 2 samples, mean = 0.0 (flags = 0x1)
0  --O                                                                       (2 = 100.0%)
1  ... 

Histogram: MPArch.ChildProcessLaunchFirst recorded 1 samples, mean = 25.0 (flags = 0x1)
0   ... 
24  -O                                                                        (1 = 100.0%) {0.0%}
29  ... 

Histogram: MPArch.ChildProcessLaunchSubsequent recorded 10 samples, mean = 25.7 (flags = 0x1)
0   ... 
10  -O                                                                        (1 = 10.0%) {0.0%}
12  --O                                                                       (2 = 20.0%) {10.0%}
14  ---O                                                                      (3 = 30.0%) {30.0%}
17  -O                                                                        (1 = 10.0%) {60.0%}
20  -O                                                                        (1 = 10.0%) {70.0%}
24  O                                                                         (0 = 0.0%) {80.0%}
29  -O                                                                        (1 = 10.0%) {80.0%}
34  ... 
96  -O                                                                        (1 = 10.0%) {90.0%}
114 ... 

Histogram: MPArch.ChildProcessLauncher.Notify recorded 11 samples, mean = 189.6 (flags = 0x1)
0    ... 
12   -O                                                                        (1 = 9.1%) {0.0%}
14   -O                                                                        (1 = 9.1%) {9.1%}
17   ... 
57   --O                                                                       (2 = 18.2%) {18.2%}
68   -O                                                                        (1 = 9.1%) {36.4%}
81   ... 
114  -O                                                                        (1 = 9.1%) {45.5%}
135  -O                                                                        (1 = 9.1%) {54.5%}
160  ... 
226  -O                                                                        (1 = 9.1%) {63.6%}
268  ... 
378  -O                                                                        (1 = 9.1%) {72.7%}
449  --O                                                                       (2 = 18.2%) {81.8%}
533  ... 

Histogram: MPArch.ChildProcessLauncher.PreLaunchDelay recorded 11 samples, mean = 18.0 (flags = 0x1)
0    -----O                                                                    (5 = 45.5%)
1    -O                                                                        (1 = 9.1%) {45.5%}
2    ... 
12   -O                                                                        (1 = 9.1%) {54.5%}
14   -O                                                                        (1 = 9.1%) {63.6%}
17   O                                                                         (0 = 0.0%) {72.7%}
20   -O                                                                        (1 = 9.1%) {72.7%}
24   -O                                                                        (1 = 9.1%) {81.8%}
29   ... 
114  -O                                                                        (1 = 9.1%) {90.9%}
135  ... 

Histogram: ManagedUsers.BlockedIframeCount recorded 3 samples, mean = 0.0 (flags = 0x1)
0  ---O                                                                      (3 = 100.0%)
1  ... 

Histogram: Memory.GPU.PeakMemoryAllocationSource2.PageLoad.SharedImageStub recorded 7 samples, mean = 7.4 (flags = 0x1)
0   O                                                                         (0 = 0.0%)
1   --O                                                                       (2 = 28.6%) {0.0%}
2   -O                                                                        (1 = 14.3%) {28.6%}
3   ... 
9   --O                                                                       (2 = 28.6%) {42.9%}
10  ... 
15  --O                                                                       (2 = 28.6%) {71.4%}
17  ... 

Histogram: Memory.GPU.PeakMemoryUsage2.PageLoad recorded 7 samples, mean = 7.4 (flags = 0x1)
0   O                                                                         (0 = 0.0%)
1   --O                                                                       (2 = 28.6%) {0.0%}
2   -O                                                                        (1 = 14.3%) {28.6%}
3   ... 
9   --O                                                                       (2 = 28.6%) {42.9%}
10  ... 
15  --O                                                                       (2 = 28.6%) {71.4%}
17  ... 

Histogram: Memory.PartitionAlloc.PartitionRoot.ExtrasSize recorded 1 samples, mean = 4.0 (flags = 0x1)
0  ... 
4  -O                                                                        (1 = 100.0%) {0.0%}
5  ... 

Histogram: Memory.PressureLevel2 recorded 2 samples, mean = 0.0 (flags = 0x1)
0  --O                                                                       (2 = 100.0%)
1  ... 

Histogram: Mojo.Channel.WriteMessageSize recorded 4 samples, mean = 258.0 (flags = 0x1)
0    ... 
186  ---O                                                                      (3 = 75.0%) {0.0%}
233  O                                                                         (0 = 0.0%) {75.0%}
292  -O                                                                        (1 = 25.0%) {75.0%}
365  ... 

Histogram: Mojo.Channel.WriteSendMessageProcessType recorded 4 samples, mean = 1.0 (flags = 0x1)
0  O                                                                         (0 = 0.0%)
1  ----O                                                                     (4 = 100.0%) {0.0%}
2  ... 

Histogram: Mojo.Channel.WriteToReadLatencyUs recorded 3 samples, mean = 98.0 (flags = 0x1)
0    ... 
32   --O                                                                       (2 = 66.7%) {0.0%}
36   ... 
217  -O                                                                        (1 = 33.3%) {66.7%}
247  ... 

Histogram: Mojo.EndToEndLatencyUs.BrowserIO recorded 1 samples, mean = 91.0 (flags = 0x1)
0   ... 
88  -O                                                                        (1 = 100.0%) {0.0%}
100 ... 

Histogram: Mojo.EndToEndLatencyUs.BrowserMain recorded 3 samples, mean = 18524.3 (flags = 0x1)
0      ... 
100    -O                                                                        (1 = 33.3%) {0.0%}
114    ... 
20328  -O                                                                        (1 = 33.3%) {33.3%}
23147  ... 
34174  -O                                                                        (1 = 33.3%) {66.7%}
38913  ... 

Histogram: NQE.ContentObserver.NetworkQualityMeaningfullyChanged recorded 3 samples, mean = 0.7
0  -O                                                                        (1 = 33.3%)
1  --O                                                                       (2 = 66.7%) {33.3%}
2  O                                                                         (0 = 0.0%) {100.0%}

Histogram: Navigation.AgentSchedulingGroupHost.RemoveRoute recorded 16 samples, mean = 0.2 (flags = 0x1)
0  --------------O                                                           (14 = 87.5%)
1  O                                                                         (0 = 0.0%) {87.5%}
2  --O                                                                       (2 = 12.5%) {87.5%}
3  ... 

Histogram: Navigation.All.WastedSpeculativeRFHCase recorded 14 samples, mean = 0.8 (flags = 0x1)
0  -------O                                                                  (7 = 50.0%)
1  -----O                                                                    (5 = 35.7%) {50.0%}
2  O                                                                         (0 = 0.0%) {85.7%}
3  --O                                                                       (2 = 14.3%) {85.7%}
4  ... 

Histogram: Navigation.BeforeUnloadExecutionMode.IsInOutermostMainFrame recorded 2 samples, mean = 0.5 (flags = 0x1)
0  -O                                                                        (1 = 50.0%)
1  -O                                                                        (1 = 50.0%) {50.0%}
2  ... 

Histogram: Navigation.BeforeUnloadExecutionMode.IsInOutermostMainFrame.CrossOrigin recorded 1 samples, mean = 1.0 (flags = 0x1)
0  O                                                                         (0 = 0.0%)
1  -O                                                                        (1 = 100.0%) {0.0%}
2  ... 

Histogram: Navigation.BeforeUnloadExecutionMode.IsInOutermostMainFrame.SameOrigin recorded 1 samples, mean = 0.0 (flags = 0x1)
0  -O                                                                        (1 = 100.0%)
1  ... 

Histogram: Navigation.BeginNavigationImpl.MainFrame recorded 6 samples, mean = 0.2 (flags = 0x1)
0  -----O                                                                    (5 = 83.3%)
1  -O                                                                        (1 = 16.7%) {83.3%}
2  ... 

Histogram: Navigation.BrowserInitiated.IsDuplicateWithoutThresholdCheck2 recorded 6 samples, mean = 0.0 (flags = 0x1)
0  ------O                                                                   (6 = 100.0%)
1  ... 

Histogram: Navigation.BrowserInitiated.ShouldDispatchBeforeUnload recorded 6 samples, mean = 0.2 (flags = 0x1)
0  -----O                                                                    (5 = 83.3%)
1  -O                                                                        (1 = 16.7%) {83.3%}
2  O                                                                         (0 = 0.0%) {100.0%}

Histogram: Navigation.CommitToCompositorCreation recorded 2 samples, mean = 33.5 (flags = 0x1)
0   ... 
21  -O                                                                        (1 = 50.0%) {0.0%}
27  O                                                                         (0 = 0.0%) {50.0%}
35  -O                                                                        (1 = 50.0%) {50.0%}
46  ... 

Histogram: Navigation.CompositorRequestedBeforeCommit2 recorded 2 samples, mean = 0.0 (flags = 0x1)
0  --O                                                                       (2 = 100.0%)
1  ... 

Histogram: Navigation.CompositorRequestedBeforeSwapRFH2 recorded 2 samples, mean = 0.0 (flags = 0x1)
0  --O                                                                       (2 = 100.0%)
1  ... 

Histogram: Navigation.CreateSpeculativeRFH recorded 3 samples, mean = 4.0 (flags = 0x1)
0  ... 
3  -O                                                                        (1 = 33.3%) {0.0%}
4  -O                                                                        (1 = 33.3%) {33.3%}
5  -O                                                                        (1 = 33.3%) {66.7%}
6  ... 

Histogram: Navigation.DeferSpeculativeRFHAction recorded 7 samples, mean = 0.0 (flags = 0x1)
0  -------O                                                                  (7 = 100.0%)
1  ... 

Histogram: Navigation.DelayedCurrentProcessInitByLaunchingSpareFirst recorded 14 samples, mean = 0.2 (flags = 0x1)
0  -----------O                                                              (11 = 78.6%)
1  ---O                                                                      (3 = 21.4%) {78.6%}
2  O                                                                         (0 = 0.0%) {100.0%}

Histogram: Navigation.DidCommitSameDocumentNavigation.Duration recorded 1 samples, mean = 6.0 (flags = 0x1)
0  ... 
6  -O                                                                        (1 = 100.0%) {0.0%}
7  ... 

Histogram: Navigation.DidStartLoading.MainFrame recorded 8 samples, mean = 0.2 (flags = 0x1)
0  ------O                                                                   (6 = 75.0%)
1  --O                                                                       (2 = 25.0%) {75.0%}
2  ... 

Histogram: Navigation.DocumentAssociatedDataDestructor recorded 12 samples, mean = 0.0 (flags = 0x1)
0  ------------O                                                             (12 = 100.0%)
1  ... 

Histogram: Navigation.EarlyRenderFrameHostSwap.HasCommitted recorded 1 samples, mean = 1.0 (flags = 0x1)
0  O                                                                         (0 = 0.0%)
1  -O                                                                        (1 = 100.0%) {0.0%}
2  O                                                                         (0 = 0.0%) {100.0%}

Histogram: Navigation.EarlyRenderFrameHostSwap.IsInOutermostMainFrame recorded 1 samples, mean = 1.0 (flags = 0x1)
0  O                                                                         (0 = 0.0%)
1  -O                                                                        (1 = 100.0%) {0.0%}
2  O                                                                         (0 = 0.0%) {100.0%}

Histogram: Navigation.EarlyRenderFrameHostSwapType recorded 8 samples, mean = 0.1 (flags = 0x1)
0  -------O                                                                  (7 = 87.5%)
1  -O                                                                        (1 = 12.5%) {87.5%}
2  ... 

Histogram: Navigation.EngagementTime.HTTP recorded 2 samples, mean = 339.5 (flags = 0x1)
0    ... 
210  -O                                                                        (1 = 50.0%) {0.0%}
242  ... 
429  -O                                                                        (1 = 50.0%) {50.0%}
495  ... 

Histogram: Navigation.Experimental.FastFetch.EligibilityCheckDuration recorded 7 samples, mean = 0.4 (flags = 0x1)
0  ----O                                                                     (4 = 57.1%)
1  ---O                                                                      (3 = 42.9%) {57.1%}
2  ... 

Histogram: Navigation.Experimental.FastFetch.EligibilityReason recorded 7 samples, mean = 3.0 (flags = 0x1)
0  ... 
3  -------O                                                                  (7 = 100.0%) {0.0%}
4  ... 

Histogram: Navigation.GetFrameHostForNavigation recorded 14 samples, mean = 3.4 (flags = 0x1)
0   -------O                                                                  (7 = 50.0%)
1   ... 
4   -O                                                                        (1 = 7.1%) {50.0%}
5   ---O                                                                      (3 = 21.4%) {57.1%}
6   -O                                                                        (1 = 7.1%) {78.6%}
7   O                                                                         (0 = 0.0%) {85.7%}
8   -O                                                                        (1 = 7.1%) {85.7%}
10  ... 
14  -O                                                                        (1 = 7.1%) {92.9%}
17  ... 

Histogram: Navigation.GetFrameHostForNavigationTime.InDidCreateNavigationRequest.IsHTTPOrHTTPS recorded 2 samples, mean = 5820.5 (flags = 0x1)
0     ... 
3865  -O                                                                        (1 = 50.0%) {0.0%}
5362  -O                                                                        (1 = 50.0%) {50.0%}
7439  ... 

Histogram: Navigation.InitiatorType.All recorded 2 samples, mean = 0.0 (flags = 0x1)
0  --O                                                                       (2 = 100.0%)
1  ... 

Histogram: Navigation.IsGuest recorded 7 samples, mean = 0.0 (flags = 0x1)
0  -------O                                                                  (7 = 100.0%)
1  ... 

Histogram: Navigation.IsLockedProcess recorded 7 samples, mean = 0.9 (flags = 0x1)
0  -O                                                                        (1 = 14.3%)
1  ------O                                                                   (6 = 85.7%) {14.3%}
2  O                                                                         (0 = 0.0%) {100.0%}

Histogram: Navigation.IsLockedProcess.HTTPOrHTTPS recorded 2 samples, mean = 1.0 (flags = 0x1)
0  O                                                                         (0 = 0.0%)
1  --O                                                                       (2 = 100.0%) {0.0%}
2  O                                                                         (0 = 0.0%) {100.0%}

Histogram: Navigation.IsProcessBackgrounded2.OnCommit recorded 2 samples, mean = 0.0 (flags = 0x1)
0  --O                                                                       (2 = 100.0%)
1  ... 

Histogram: Navigation.IsProcessBackgrounded2.OnDOMContentLoaded recorded 1 samples, mean = 0.0 (flags = 0x1)
0  -O                                                                        (1 = 100.0%)
1  ... 

Histogram: Navigation.IsSameBrowsingInstance recorded 7 samples, mean = 1.0 (flags = 0x1)
0  O                                                                         (0 = 0.0%)
1  -------O                                                                  (7 = 100.0%) {0.0%}
2  O                                                                         (0 = 0.0%) {100.0%}

Histogram: Navigation.IsSameSiteInstance recorded 7 samples, mean = 1.0 (flags = 0x1)
0  O                                                                         (0 = 0.0%)
1  -------O                                                                  (7 = 100.0%) {0.0%}
2  O                                                                         (0 = 0.0%) {100.0%}

Histogram: Navigation.IsSameSiteInstance.MainFrame recorded 7 samples, mean = 1.0 (flags = 0x1)
0  O                                                                         (0 = 0.0%)
1  -------O                                                                  (7 = 100.0%) {0.0%}
2  O                                                                         (0 = 0.0%) {100.0%}

Histogram: Navigation.LoaderCreateToRequestStart.MainFrame recorded 6 samples, mean = 0.2 (flags = 0x1)
0  -----O                                                                    (5 = 83.3%)
1  -O                                                                        (1 = 16.7%) {83.3%}
2  ... 

Histogram: Navigation.MainFrame.FrameCount recorded 7 samples, mean = 1.0 (flags = 0x1)
0  O                                                                         (0 = 0.0%)
1  -------O                                                                  (7 = 100.0%) {0.0%}
2  ... 

Histogram: Navigation.MainFrame.MaxFrameCount recorded 8 samples, mean = 1.0 (flags = 0x1)
0  O                                                                         (0 = 0.0%)
1  --------O                                                                 (8 = 100.0%) {0.0%}
2  ... 

Histogram: Navigation.MainFrame.NewNavigation.IgnoreRestore.IsHTTPOrHTTPS.BeginNavigationToLoaderStart.Time2 recorded 5 samples, mean = 1.8 (flags = 0x1)
0  O                                                                         (0 = 0.0%)
1  --O                                                                       (2 = 40.0%) {0.0%}
2  --O                                                                       (2 = 40.0%) {40.0%}
3  -O                                                                        (1 = 20.0%) {80.0%}
4  ... 

Histogram: Navigation.MainFrame.NewNavigation.IgnoreRestore.IsHTTPOrHTTPS.FetchStart.Time2 recorded 2 samples, mean = 68.0 (flags = 0x1)
0    ... 
14   -O                                                                        (1 = 50.0%) {0.0%}
17   ... 
114  -O                                                                        (1 = 50.0%) {50.0%}
135  ... 

Histogram: Navigation.MainFrame.NewNavigation.IgnoreRestore.IsHTTPOrHTTPS.LoaderStartToFetchStart.Time2 recorded 5 samples, mean = 83.2 (flags = 0x1)
0    --O                                                                       (2 = 40.0%)
1    ... 
48   -O                                                                        (1 = 20.0%) {40.0%}
57   ... 
135  -O                                                                        (1 = 20.0%) {60.0%}
160  O                                                                         (0 = 0.0%) {80.0%}
190  -O                                                                        (1 = 20.0%) {80.0%}
226  ... 

Histogram: Navigation.MainFrame.NewNavigation.IgnoreRestore.IsHTTPOrHTTPS.LoaderStartToReceiveResponse.Time2 recorded 5 samples, mean = 120.8 (flags = 0x1)
0    ... 
17   -O                                                                        (1 = 20.0%) {0.0%}
20   ... 
57   -O                                                                        (1 = 20.0%) {20.0%}
68   ... 
114  -O                                                                        (1 = 20.0%) {40.0%}
135  -O                                                                        (1 = 20.0%) {60.0%}
160  ... 
226  -O                                                                        (1 = 20.0%) {80.0%}
268  ... 

Histogram: Navigation.MainFrame.NewNavigation.IgnoreRestore.IsHTTPOrHTTPS.NavigationStartToBeginNavigation.Time2 recorded 5 samples, mean = 10.4 (flags = 0x1)
0   -O                                                                        (1 = 20.0%)
1   ... 
5   -O                                                                        (1 = 20.0%) {20.0%}
6   O                                                                         (0 = 0.0%) {40.0%}
7   -O                                                                        (1 = 20.0%) {40.0%}
8   ... 
17  -O                                                                        (1 = 20.0%) {60.0%}
20  -O                                                                        (1 = 20.0%) {80.0%}
24  ... 

Histogram: Navigation.MainFrame.NewNavigation.IgnoreRestore.IsHTTPOrHTTPS.ReceiveHeaders.Time2 recorded 2 samples, mean = 1.5 (flags = 0x1)
0  O                                                                         (0 = 0.0%)
1  -O                                                                        (1 = 50.0%) {0.0%}
2  -O                                                                        (1 = 50.0%) {50.0%}
3  ... 

Histogram: Navigation.MainFrame.NewNavigation.IgnoreRestore.IsHTTPOrHTTPS.ReceiveHeadersToReceiveResponse.Time2 recorded 5 samples, mean = 5.6 (flags = 0x1)
0   --O                                                                       (2 = 40.0%)
1   ... 
7   -O                                                                        (1 = 20.0%) {40.0%}
8   -O                                                                        (1 = 20.0%) {60.0%}
10  O                                                                         (0 = 0.0%) {80.0%}
12  -O                                                                        (1 = 20.0%) {80.0%}
14  ... 

Histogram: Navigation.MainFrame.NewNavigation.IgnoreRestore.IsHTTPOrHTTPS.ReceiveResponseToCommitNavigation.Time2 recorded 5 samples, mean = 13.6 (flags = 0x1)
0   ... 
4   -O                                                                        (1 = 20.0%) {0.0%}
5   O                                                                         (0 = 0.0%) {20.0%}
6   -O                                                                        (1 = 20.0%) {20.0%}
7   ... 
17  --O                                                                       (2 = 40.0%) {40.0%}
20  -O                                                                        (1 = 20.0%) {80.0%}
24  ... 

Histogram: Navigation.MainFrame.SiteEngagementLevel recorded 2 samples, mean = 1.0 (flags = 0x1)
0  -O                                                                        (1 = 50.0%)
1  O                                                                         (0 = 0.0%) {50.0%}
2  -O                                                                        (1 = 50.0%) {50.0%}
3  ... 

Histogram: Navigation.MainFrame.ThirdPartyCookieBlockingEnabled recorded 3 samples, mean = 0.0 (flags = 0x1)
0  ---O                                                                      (3 = 100.0%)
1  ... 

Histogram: Navigation.MainFrameHasRTLDomain2 recorded 4 samples, mean = 0.0 (flags = 0x1)
0  ----O                                                                     (4 = 100.0%)
1  ... 

Histogram: Navigation.MainFrameHasRTLDomainDifferentPage2 recorded 3 samples, mean = 0.0 (flags = 0x1)
0  ---O                                                                      (3 = 100.0%)
1  ... 

Histogram: Navigation.MainFrameProfileType2 recorded 4 samples, mean = 0.0 (flags = 0x1)
0  ----O                                                                     (4 = 100.0%)
1  ... 

Histogram: Navigation.MainFrameProfileTypeDifferentPage2 recorded 3 samples, mean = 0.0 (flags = 0x1)
0  ---O                                                                      (3 = 100.0%)
1  ... 

Histogram: Navigation.MainFrameScheme2 recorded 4 samples, mean = 2.5 (flags = 0x1)
0  O                                                                         (0 = 0.0%)
1  ---O                                                                      (3 = 75.0%) {0.0%}
2  ... 
7  -O                                                                        (1 = 25.0%) {75.0%}
8  ... 

Histogram: Navigation.MainFrameSchemeDifferentPage2 recorded 3 samples, mean = 3.0 (flags = 0x1)
0  O                                                                         (0 = 0.0%)
1  --O                                                                       (2 = 66.7%) {0.0%}
2  ... 
7  -O                                                                        (1 = 33.3%) {66.7%}
8  ... 

Histogram: Navigation.MainFrameSchemeDifferentPage2NonUniqueHostname recorded 2 samples, mean = 1.0 (flags = 0x1)
0  O                                                                         (0 = 0.0%)
1  --O                                                                       (2 = 100.0%) {0.0%}
2  ... 

Histogram: Navigation.NotFromAd.WastedSpeculativeRFHCase recorded 14 samples, mean = 0.8 (flags = 0x1)
0  -------O                                                                  (7 = 50.0%)
1  -----O                                                                    (5 = 35.7%) {50.0%}
2  O                                                                         (0 = 0.0%) {85.7%}
3  --O                                                                       (2 = 14.3%) {85.7%}
4  ... 

Histogram: Navigation.OnBeforeUnloadOverheadTime recorded 1 samples, mean = 0.0 (flags = 0x1)
0  -O                                                                        (1 = 100.0%)
1  ... 

Histogram: Navigation.OnBeforeUnloadOverheadTime.NoBeforeUnloadHandlerRegistered recorded 1 samples, mean = 0.0 (flags = 0x1)
0  -O                                                                        (1 = 100.0%)
1  ... 

Histogram: Navigation.OriginAgentCluster.Result recorded 7 samples, mean = 8.3 (flags = 0x1)
0  ... 
8  -----O                                                                    (5 = 71.4%) {0.0%}
9  --O                                                                       (2 = 28.6%) {71.4%}
10 O                                                                         (0 = 0.0%) {100.0%}

Histogram: Navigation.PendingCommit.DidBlockGetFrameHostForNavigation.Regular recorded 2 samples, mean = 0.0 (flags = 0x1)
0  --O                                                                       (2 = 100.0%)
1  ... 

Histogram: Navigation.PendingCommit.Duration.Regular recorded 2 samples, mean = 24.0 (flags = 0x1)
0   ... 
20  -O                                                                        (1 = 50.0%) {0.0%}
24  -O                                                                        (1 = 50.0%) {50.0%}
29  ... 

Histogram: Navigation.PendingDeletionCheckCompletedOnSubtree recorded 2 samples, mean = 2.5 (flags = 0x1)
0  O                                                                         (0 = 0.0%)
1  -O                                                                        (1 = 50.0%) {0.0%}
2  ... 
4  -O                                                                        (1 = 50.0%) {50.0%}
5  ... 

Histogram: Navigation.Preconnect.PreresolveJobQueueingTime recorded 8 samples, mean = 0.0 (flags = 0x1)
0  --------O                                                                 (8 = 100.0%)
1  ... 

Histogram: Navigation.Preconnect.ResolveHostCallbackQueueingTime recorded 8 samples, mean = 11.4 (flags = 0x1)
0   --O                                                                       (2 = 25.0%)
1   -O                                                                        (1 = 12.5%) {25.0%}
2   --O                                                                       (2 = 25.0%) {37.5%}
3   ... 
6   -O                                                                        (1 = 12.5%) {62.5%}
7   O                                                                         (0 = 0.0%) {75.0%}
8   -O                                                                        (1 = 12.5%) {75.0%}
10  ... 
68  -O                                                                        (1 = 12.5%) {87.5%}
81  ... 

Histogram: Navigation.Preconnect.ResolveHostLatency recorded 8 samples, mean = 11.9 (flags = 0x1)
0   --O                                                                       (2 = 25.0%)
1   -O                                                                        (1 = 12.5%) {25.0%}
2   -O                                                                        (1 = 12.5%) {37.5%}
3   -O                                                                        (1 = 12.5%) {50.0%}
4   ... 
6   -O                                                                        (1 = 12.5%) {62.5%}
7   ... 
10  -O                                                                        (1 = 12.5%) {75.0%}
12  ... 
68  -O                                                                        (1 = 12.5%) {87.5%}
81  ... 

Histogram: Navigation.ProcessNavigationThrottlesTime.WillStartRequest.MainFrame recorded 6 samples, mean = 0.7 (flags = 0x1)
0  --O                                                                       (2 = 33.3%)
1  ----O                                                                     (4 = 66.7%) {33.3%}
2  ... 

Histogram: Navigation.QueueTime.OnReceiveResponse.MainFrame recorded 6 samples, mean = 2.8 (flags = 0x1)
0  ---O                                                                      (3 = 50.0%)
1  ... 
4  -O                                                                        (1 = 16.7%) {50.0%}
5  O                                                                         (0 = 0.0%) {66.7%}
6  -O                                                                        (1 = 16.7%) {66.7%}
7  -O                                                                        (1 = 16.7%) {83.3%}
8  ... 

Histogram: Navigation.ReadyToCommitUntilCommit2 recorded 7 samples, mean = 400.9 (flags = 0x1)
0    ... 
20   -O                                                                        (1 = 14.3%) {0.0%}
25   -O                                                                        (1 = 14.3%) {14.3%}
32   ... 
280  -O                                                                        (1 = 14.3%) {28.6%}
356  --O                                                                       (2 = 28.6%) {42.9%}
452  -O                                                                        (1 = 14.3%) {71.4%}
574  ... 
926  -O                                                                        (1 = 14.3%) {85.7%}
1177 ... 

Histogram: Navigation.ReadyToCommitUntilCommit2.ForegroundProcessPriority recorded 7 samples, mean = 400.9 (flags = 0x1)
0    ... 
20   -O                                                                        (1 = 14.3%) {0.0%}
25   -O                                                                        (1 = 14.3%) {14.3%}
32   ... 
280  -O                                                                        (1 = 14.3%) {28.6%}
356  --O                                                                       (2 = 28.6%) {42.9%}
452  -O                                                                        (1 = 14.3%) {71.4%}
574  ... 
926  -O                                                                        (1 = 14.3%) {85.7%}
1177 ... 

Histogram: Navigation.ReadyToCommitUntilCommit2.NewNavigation recorded 7 samples, mean = 400.9 (flags = 0x1)
0    ... 
20   -O                                                                        (1 = 14.3%) {0.0%}
25   -O                                                                        (1 = 14.3%) {14.3%}
32   ... 
280  -O                                                                        (1 = 14.3%) {28.6%}
356  --O                                                                       (2 = 28.6%) {42.9%}
452  -O                                                                        (1 = 14.3%) {71.4%}
574  ... 
926  -O                                                                        (1 = 14.3%) {85.7%}
1177 ... 

Histogram: Navigation.RegisterNavigationThrottlesTime.MainFrame recorded 6 samples, mean = 0.0 (flags = 0x1)
0  ------O                                                                   (6 = 100.0%)
1  ... 

Histogram: Navigation.RenderFrameHostConstructor recorded 8 samples, mean = 0.0 (flags = 0x1)
0  --------O                                                                 (8 = 100.0%)
1  ... 

Histogram: Navigation.RenderFrameHostDestructor recorded 8 samples, mean = 1.9 (flags = 0x1)
0  --O                                                                       (2 = 25.0%)
1  --O                                                                       (2 = 25.0%) {25.0%}
2  -O                                                                        (1 = 12.5%) {50.0%}
3  -O                                                                        (1 = 12.5%) {62.5%}
4  --O                                                                       (2 = 25.0%) {75.0%}
5  ... 

Histogram: Navigation.RenderViewHostConstructor recorded 8 samples, mean = 0.0 (flags = 0x1)
0  --------O                                                                 (8 = 100.0%)
1  ... 

Histogram: Navigation.RenderViewHostDestructor recorded 8 samples, mean = 1.1 (flags = 0x1)
0  -----O                                                                    (5 = 62.5%)
1  O                                                                         (0 = 0.0%) {62.5%}
2  -O                                                                        (1 = 12.5%) {62.5%}
3  -O                                                                        (1 = 12.5%) {75.0%}
4  -O                                                                        (1 = 12.5%) {87.5%}
5  ... 

Histogram: Navigation.RenderWidgetHostConstructor recorded 8 samples, mean = 0.0 (flags = 0x1)
0  --------O                                                                 (8 = 100.0%)
1  ... 

Histogram: Navigation.RenderWidgetHostDestructor recorded 8 samples, mean = 0.0 (flags = 0x1)
0  --------O                                                                 (8 = 100.0%)
1  ... 

Histogram: Navigation.RendererDidNavigateTime.MainFrame recorded 7 samples, mean = 1.7 (flags = 0x1)
0  ----O                                                                     (4 = 57.1%)
1  O                                                                         (0 = 0.0%) {57.1%}
2  -O                                                                        (1 = 14.3%) {57.1%}
3  ... 
5  --O                                                                       (2 = 28.6%) {71.4%}
6  ... 

Histogram: Navigation.RendererInitiated.ShouldDispatchBeforeUnload recorded 1 samples, mean = 0.0 (flags = 0x1)
0  -O                                                                        (1 = 100.0%)
1  ... 

Histogram: Navigation.RequiresDedicatedProcess recorded 7 samples, mean = 0.9 (flags = 0x1)
0  -O                                                                        (1 = 14.3%)
1  ------O                                                                   (6 = 85.7%) {14.3%}
2  O                                                                         (0 = 0.0%) {100.0%}

Histogram: Navigation.RequiresDedicatedProcess.HTTPOrHTTPS recorded 2 samples, mean = 1.0 (flags = 0x1)
0  O                                                                         (0 = 0.0%)
1  --O                                                                       (2 = 100.0%) {0.0%}
2  O                                                                         (0 = 0.0%) {100.0%}

Histogram: Navigation.ResetChildren recorded 19 samples, mean = 0.0 (flags = 0x1)
0  -------------------O                                                      (19 = 100.0%)
1  ... 

Histogram: Navigation.SendCommitNavigationTime.MainFrame recorded 7 samples, mean = 0.6 (flags = 0x1)
0  -----O                                                                    (5 = 71.4%)
1  -O                                                                        (1 = 14.3%) {71.4%}
2  O                                                                         (0 = 0.0%) {85.7%}
3  -O                                                                        (1 = 14.3%) {85.7%}
4  ... 

Histogram: Navigation.StartAdjustment.AllFrames recorded 7 samples, mean = 0.1 (flags = 0x1)
0  ------O                                                                   (6 = 85.7%)
1  -O                                                                        (1 = 14.3%) {85.7%}
2  ... 

Histogram: Navigation.StartAdjustment.LegacyPostTask recorded 1 samples, mean = 8.0 (flags = 0x1)
0  ... 
8  -O                                                                        (1 = 100.0%) {0.0%}
10 ... 

Histogram: Navigation.StartAdjustment.LegacyPostTask.Percentage recorded 1 samples, mean = 4.0 (flags = 0x1)
0  ... 
4  -O                                                                        (1 = 100.0%) {0.0%}
5  ... 

Histogram: Navigation.StartAdjustment.MainFrameOnly recorded 7 samples, mean = 0.1 (flags = 0x1)
0  ------O                                                                   (6 = 85.7%)
1  -O                                                                        (1 = 14.3%) {85.7%}
2  ... 

Histogram: Navigation.StartPendingDeletionOnSubtree.LoopSwappedOut recorded 2 samples, mean = 0.0 (flags = 0x1)
0  --O                                                                       (2 = 100.0%)
1  ... 

Histogram: Navigation.StartPendingDeletionOnSubtree.SwappedOut recorded 2 samples, mean = 0.0 (flags = 0x1)
0  --O                                                                       (2 = 100.0%)
1  ... 

Histogram: Navigation.StartToCommit recorded 7 samples, mean = 537.3 (flags = 0x1)
0    ... 
52   -O                                                                        (1 = 14.3%) {0.0%}
66   ... 
136  -O                                                                        (1 = 14.3%) {14.3%}
173  ... 
452  -O                                                                        (1 = 14.3%) {28.6%}
574  --O                                                                       (2 = 28.6%) {42.9%}
729  -O                                                                        (1 = 14.3%) {71.4%}
926  -O                                                                        (1 = 14.3%) {85.7%}
1177 ... 

Histogram: Navigation.StartToCommit.ForegroundProcessPriority recorded 7 samples, mean = 537.3 (flags = 0x1)
0    ... 
52   -O                                                                        (1 = 14.3%) {0.0%}
66   ... 
136  -O                                                                        (1 = 14.3%) {14.3%}
173  ... 
452  -O                                                                        (1 = 14.3%) {28.6%}
574  --O                                                                       (2 = 28.6%) {42.9%}
729  -O                                                                        (1 = 14.3%) {71.4%}
926  -O                                                                        (1 = 14.3%) {85.7%}
1177 ... 

Histogram: Navigation.StartToCommit.MainFrame recorded 7 samples, mean = 537.3 (flags = 0x1)
0    ... 
52   -O                                                                        (1 = 14.3%) {0.0%}
66   ... 
136  -O                                                                        (1 = 14.3%) {14.3%}
173  ... 
452  -O                                                                        (1 = 14.3%) {28.6%}
574  --O                                                                       (2 = 28.6%) {42.9%}
729  -O                                                                        (1 = 14.3%) {71.4%}
926  -O                                                                        (1 = 14.3%) {85.7%}
1177 ... 

Histogram: Navigation.StartToCommit.MainFrame.ForegroundProcessPriority recorded 7 samples, mean = 537.3 (flags = 0x1)
0    ... 
52   -O                                                                        (1 = 14.3%) {0.0%}
66   ... 
136  -O                                                                        (1 = 14.3%) {14.3%}
173  ... 
452  -O                                                                        (1 = 14.3%) {28.6%}
574  --O                                                                       (2 = 28.6%) {42.9%}
729  -O                                                                        (1 = 14.3%) {71.4%}
926  -O                                                                        (1 = 14.3%) {85.7%}
1177 ... 

Histogram: Navigation.StartToCommit.MainFrame.NewNavigation recorded 7 samples, mean = 537.3 (flags = 0x1)
0    ... 
52   -O                                                                        (1 = 14.3%) {0.0%}
66   ... 
136  -O                                                                        (1 = 14.3%) {14.3%}
173  ... 
452  -O                                                                        (1 = 14.3%) {28.6%}
574  --O                                                                       (2 = 28.6%) {42.9%}
729  -O                                                                        (1 = 14.3%) {71.4%}
926  -O                                                                        (1 = 14.3%) {85.7%}
1177 ... 

Histogram: Navigation.StartToCommit.NewNavigation recorded 7 samples, mean = 537.3 (flags = 0x1)
0    ... 
52   -O                                                                        (1 = 14.3%) {0.0%}
66   ... 
136  -O                                                                        (1 = 14.3%) {14.3%}
173  ... 
452  -O                                                                        (1 = 14.3%) {28.6%}
574  --O                                                                       (2 = 28.6%) {42.9%}
729  -O                                                                        (1 = 14.3%) {71.4%}
926  -O                                                                        (1 = 14.3%) {85.7%}
1177 ... 

Histogram: Navigation.StartToCommit.SameProcess recorded 7 samples, mean = 537.3 (flags = 0x1)
0    ... 
52   -O                                                                        (1 = 14.3%) {0.0%}
66   ... 
136  -O                                                                        (1 = 14.3%) {14.3%}
173  ... 
452  -O                                                                        (1 = 14.3%) {28.6%}
574  --O                                                                       (2 = 28.6%) {42.9%}
729  -O                                                                        (1 = 14.3%) {71.4%}
926  -O                                                                        (1 = 14.3%) {85.7%}
1177 ... 

Histogram: Navigation.StartToCommit.SameProcess.ForegroundProcessPriority recorded 7 samples, mean = 537.3 (flags = 0x1)
0    ... 
52   -O                                                                        (1 = 14.3%) {0.0%}
66   ... 
136  -O                                                                        (1 = 14.3%) {14.3%}
173  ... 
452  -O                                                                        (1 = 14.3%) {28.6%}
574  --O                                                                       (2 = 28.6%) {42.9%}
729  -O                                                                        (1 = 14.3%) {71.4%}
926  -O                                                                        (1 = 14.3%) {85.7%}
1177 ... 

Histogram: Navigation.StartToCommit.SameProcess.MainFrame recorded 7 samples, mean = 537.3 (flags = 0x1)
0    ... 
52   -O                                                                        (1 = 14.3%) {0.0%}
66   ... 
136  -O                                                                        (1 = 14.3%) {14.3%}
173  ... 
452  -O                                                                        (1 = 14.3%) {28.6%}
574  --O                                                                       (2 = 28.6%) {42.9%}
729  -O                                                                        (1 = 14.3%) {71.4%}
926  -O                                                                        (1 = 14.3%) {85.7%}
1177 ... 

Histogram: Navigation.StartToCommit.SameProcess.MainFrame.ForegroundProcessPriority recorded 7 samples, mean = 537.3 (flags = 0x1)
0    ... 
52   -O                                                                        (1 = 14.3%) {0.0%}
66   ... 
136  -O                                                                        (1 = 14.3%) {14.3%}
173  ... 
452  -O                                                                        (1 = 14.3%) {28.6%}
574  --O                                                                       (2 = 28.6%) {42.9%}
729  -O                                                                        (1 = 14.3%) {71.4%}
926  -O                                                                        (1 = 14.3%) {85.7%}
1177 ... 

Histogram: Navigation.StartToCommit.SameProcess.MainFrame.NewNavigation recorded 7 samples, mean = 537.3 (flags = 0x1)
0    ... 
52   -O                                                                        (1 = 14.3%) {0.0%}
66   ... 
136  -O                                                                        (1 = 14.3%) {14.3%}
173  ... 
452  -O                                                                        (1 = 14.3%) {28.6%}
574  --O                                                                       (2 = 28.6%) {42.9%}
729  -O                                                                        (1 = 14.3%) {71.4%}
926  -O                                                                        (1 = 14.3%) {85.7%}
1177 ... 

Histogram: Navigation.StartToCommit.SameProcess.NewNavigation recorded 7 samples, mean = 537.3 (flags = 0x1)
0    ... 
52   -O                                                                        (1 = 14.3%) {0.0%}
66   ... 
136  -O                                                                        (1 = 14.3%) {14.3%}
173  ... 
452  -O                                                                        (1 = 14.3%) {28.6%}
574  --O                                                                       (2 = 28.6%) {42.9%}
729  -O                                                                        (1 = 14.3%) {71.4%}
926  -O                                                                        (1 = 14.3%) {85.7%}
1177 ... 

Histogram: Navigation.SuddenTerminationDisabler.AllOrigins recorded 7 samples, mean = 10.7 (flags = 0x1)
0   O                                                                         (0 = 0.0%)
1   -O                                                                        (1 = 14.3%) {0.0%}
2   ... 
9   -O                                                                        (1 = 14.3%) {14.3%}
10  ... 
13  -----O                                                                    (5 = 71.4%) {28.6%}
14  ... 

Histogram: Navigation.SuddenTerminationDisabler.SameOrigin recorded 7 samples, mean = 10.7 (flags = 0x1)
0   O                                                                         (0 = 0.0%)
1   -O                                                                        (1 = 14.3%) {0.0%}
2   ... 
9   -O                                                                        (1 = 14.3%) {14.3%}
10  ... 
13  -----O                                                                    (5 = 71.4%) {28.6%}
14  ... 

Histogram: Navigation.SwapRFHToCompositorCreation recorded 2 samples, mean = 24.5 (flags = 0x1)
0   ... 
16  -O                                                                        (1 = 50.0%) {0.0%}
21  O                                                                         (0 = 0.0%) {50.0%}
27  -O                                                                        (1 = 50.0%) {50.0%}
35  ... 

Histogram: Navigation.ThrottleCount recorded 6 samples, mean = 24.2 (flags = 0x1)
0   ... 
23  ----O                                                                     (4 = 66.7%) {0.0%}
24  ... 
26  --O                                                                       (2 = 33.3%) {66.7%}
28  ... 

Histogram: Navigation.ThrottleDeferTime.WillProcessResponse recorded 3 samples, mean = 14.0 (flags = 0x1)
0   ... 
8   -O                                                                        (1 = 33.3%) {0.0%}
10  ... 
14  -O                                                                        (1 = 33.3%) {33.3%}
17  -O                                                                        (1 = 33.3%) {66.7%}
20  ... 

Histogram: Navigation.ThrottleDeferredEvent recorded 3 samples, mean = 4.0 (flags = 0x1)
0  ... 
4  ---O                                                                      (3 = 100.0%) {0.0%}
5  ... 

Histogram: Navigation.ThrottleEventDurationTime.WillCommitWithoutUrlLoader recorded 1 samples, mean = 0.0 (flags = 0x1)
0  -O                                                                        (1 = 100.0%)
1  ... 

Histogram: Navigation.ThrottleEventDurationTime.WillProcessResponse recorded 6 samples, mean = 7.0 (flags = 0x1)
0   ---O                                                                      (3 = 50.0%)
1   ... 
8   -O                                                                        (1 = 16.7%) {50.0%}
10  ... 
14  -O                                                                        (1 = 16.7%) {66.7%}
17  -O                                                                        (1 = 16.7%) {83.3%}
20  ... 

Histogram: Navigation.ThrottleEventDurationTime.WillStartRequest recorded 6 samples, mean = 0.0 (flags = 0x1)
0  ------O                                                                   (6 = 100.0%)
1  ... 

Histogram: Navigation.ThrottleEventExecutionTime.WillCommitWithoutUrlLoader recorded 1 samples, mean = 0.0 (flags = 0x1)
0  -O                                                                        (1 = 100.0%)
1  ... 

Histogram: Navigation.ThrottleEventExecutionTime.WillProcessResponse recorded 6 samples, mean = 0.0 (flags = 0x1)
0  ------O                                                                   (6 = 100.0%)
1  ... 

Histogram: Navigation.ThrottleEventExecutionTime.WillStartRequest recorded 6 samples, mean = 0.0 (flags = 0x1)
0  ------O                                                                   (6 = 100.0%)
1  ... 

Histogram: Navigation.ThrottleExecutionTime.WillCommitWithoutUrlLoader recorded 1 samples, mean = 0.0 (flags = 0x1)
0  -O                                                                        (1 = 100.0%)
1  ... 

Histogram: Navigation.ThrottleExecutionTime.WillProcessResponse recorded 145 samples, mean = 0.0 (flags = 0x1)
0  ------------------------------------------------------------------------O (145 = 100.0%)
1  ... 

Histogram: Navigation.ThrottleExecutionTime.WillStartRequest recorded 145 samples, mean = 0.0 (flags = 0x1)
0  ------------------------------------------------------------------------O (145 = 100.0%)
1  ... 

Histogram: Navigation.ThrottleTotalDeferCount recorded 8 samples, mean = 0.4 (flags = 0x1)
0  -----O                                                                    (5 = 62.5%)
1  ---O                                                                      (3 = 37.5%) {62.5%}
2  ... 

Histogram: Navigation.ThrottleTotalDeferCount.Request recorded 8 samples, mean = 0.0 (flags = 0x1)
0  --------O                                                                 (8 = 100.0%)
1  ... 

Histogram: Navigation.ThrottleTotalDeferTime recorded 8 samples, mean = 5.2 (flags = 0x1)
0   -----O                                                                    (5 = 62.5%)
1   ... 
8   -O                                                                        (1 = 12.5%) {62.5%}
10  ... 
14  -O                                                                        (1 = 12.5%) {75.0%}
17  -O                                                                        (1 = 12.5%) {87.5%}
20  ... 

Histogram: Navigation.ThrottleTotalDeferTime.Request recorded 8 samples, mean = 0.0 (flags = 0x1)
0  --------O                                                                 (8 = 100.0%)
1  ... 

Histogram: Navigation.TimeToReadyToCommit2 recorded 7 samples, mean = 135.9 (flags = 0x1)
0    ... 
8    -O                                                                        (1 = 14.3%) {0.0%}
10   ... 
41   -O                                                                        (1 = 14.3%) {14.3%}
52   ... 
84   -O                                                                        (1 = 14.3%) {28.6%}
107  -O                                                                        (1 = 14.3%) {42.9%}
136  -O                                                                        (1 = 14.3%) {57.1%}
173  O                                                                         (0 = 0.0%) {71.4%}
220  -O                                                                        (1 = 14.3%) {71.4%}
280  -O                                                                        (1 = 14.3%) {85.7%}
356  ... 

Histogram: Navigation.TimeToReadyToCommit2.MainFrame recorded 7 samples, mean = 135.9 (flags = 0x1)
0    ... 
8    -O                                                                        (1 = 14.3%) {0.0%}
10   ... 
41   -O                                                                        (1 = 14.3%) {14.3%}
52   ... 
84   -O                                                                        (1 = 14.3%) {28.6%}
107  -O                                                                        (1 = 14.3%) {42.9%}
136  -O                                                                        (1 = 14.3%) {57.1%}
173  O                                                                         (0 = 0.0%) {71.4%}
220  -O                                                                        (1 = 14.3%) {71.4%}
280  -O                                                                        (1 = 14.3%) {85.7%}
356  ... 

Histogram: Navigation.TimeToReadyToCommit2.MainFrame.NewNavigation recorded 7 samples, mean = 135.9 (flags = 0x1)
0    ... 
8    -O                                                                        (1 = 14.3%) {0.0%}
10   ... 
41   -O                                                                        (1 = 14.3%) {14.3%}
52   ... 
84   -O                                                                        (1 = 14.3%) {28.6%}
107  -O                                                                        (1 = 14.3%) {42.9%}
136  -O                                                                        (1 = 14.3%) {57.1%}
173  O                                                                         (0 = 0.0%) {71.4%}
220  -O                                                                        (1 = 14.3%) {71.4%}
280  -O                                                                        (1 = 14.3%) {85.7%}
356  ... 

Histogram: Navigation.TimeToReadyToCommit2.NewNavigation recorded 7 samples, mean = 135.9 (flags = 0x1)
0    ... 
8    -O                                                                        (1 = 14.3%) {0.0%}
10   ... 
41   -O                                                                        (1 = 14.3%) {14.3%}
52   ... 
84   -O                                                                        (1 = 14.3%) {28.6%}
107  -O                                                                        (1 = 14.3%) {42.9%}
136  -O                                                                        (1 = 14.3%) {57.1%}
173  O                                                                         (0 = 0.0%) {71.4%}
220  -O                                                                        (1 = 14.3%) {71.4%}
280  -O                                                                        (1 = 14.3%) {85.7%}
356  ... 

Histogram: Navigation.TimeToReadyToCommit2.SameProcess recorded 7 samples, mean = 135.9 (flags = 0x1)
0    ... 
8    -O                                                                        (1 = 14.3%) {0.0%}
10   ... 
41   -O                                                                        (1 = 14.3%) {14.3%}
52   ... 
84   -O                                                                        (1 = 14.3%) {28.6%}
107  -O                                                                        (1 = 14.3%) {42.9%}
136  -O                                                                        (1 = 14.3%) {57.1%}
173  O                                                                         (0 = 0.0%) {71.4%}
220  -O                                                                        (1 = 14.3%) {71.4%}
280  -O                                                                        (1 = 14.3%) {85.7%}
356  ... 

Histogram: Navigation.TimeToReadyToCommit2.SameProcess.NewNavigation recorded 7 samples, mean = 135.9 (flags = 0x1)
0    ... 
8    -O                                                                        (1 = 14.3%) {0.0%}
10   ... 
41   -O                                                                        (1 = 14.3%) {14.3%}
52   ... 
84   -O                                                                        (1 = 14.3%) {28.6%}
107  -O                                                                        (1 = 14.3%) {42.9%}
136  -O                                                                        (1 = 14.3%) {57.1%}
173  O                                                                         (0 = 0.0%) {71.4%}
220  -O                                                                        (1 = 14.3%) {71.4%}
280  -O                                                                        (1 = 14.3%) {85.7%}
356  ... 

Histogram: Navigation.Timeline.BeforeUnloadPhase1.Duration recorded 1 samples, mean = 0.0 (flags = 0x1)
0  -O                                                                        (1 = 100.0%)
1  ... 

Histogram: Navigation.Timeline.BeforeUnloadPhase1ToNavigationRequestCreation.Duration recorded 1 samples, mean = 12.0 (flags = 0x1)
0   ... 
12  -O                                                                        (1 = 100.0%) {0.0%}
14  ... 

Histogram: Navigation.Timeline.BeginNavigationToCommit.Duration recorded 1 samples, mean = 2.0 (flags = 0x1)
0  ... 
2  -O                                                                        (1 = 100.0%) {0.0%}
3  ... 

Histogram: Navigation.Timeline.BeginNavigationToLoaderStart.Duration recorded 6 samples, mean = 1.7 (flags = 0x1)
0  O                                                                         (0 = 0.0%)
1  ---O                                                                      (3 = 50.0%) {0.0%}
2  --O                                                                       (2 = 33.3%) {50.0%}
3  -O                                                                        (1 = 16.7%) {83.3%}
4  ... 

Histogram: Navigation.Timeline.CommitToDidCommit.Duration recorded 8 samples, mean = 343.0 (flags = 0x1)
0    -O                                                                        (1 = 12.5%)
1    ... 
6    -O                                                                        (1 = 12.5%) {12.5%}
7    O                                                                         (0 = 0.0%) {25.0%}
8    -O                                                                        (1 = 12.5%) {25.0%}
10   ... 
318  -O                                                                        (1 = 12.5%) {37.5%}
378  --O                                                                       (2 = 25.0%) {50.0%}
449  -O                                                                        (1 = 12.5%) {75.0%}
533  ... 
894  -O                                                                        (1 = 12.5%) {87.5%}
1062 ... 

Histogram: Navigation.Timeline.DidCommitToFinish.Duration recorded 8 samples, mean = 7.1 (flags = 0x1)
0   ... 
2   --O                                                                       (2 = 25.0%) {0.0%}
3   -O                                                                        (1 = 12.5%) {25.0%}
4   -O                                                                        (1 = 12.5%) {37.5%}
5   O                                                                         (0 = 0.0%) {50.0%}
6   -O                                                                        (1 = 12.5%) {50.0%}
7   -O                                                                        (1 = 12.5%) {62.5%}
8   ... 
14  -O                                                                        (1 = 12.5%) {75.0%}
17  -O                                                                        (1 = 12.5%) {87.5%}
20  ... 

Histogram: Navigation.Timeline.FetchStartToReceiveHeaders.Duration recorded 5 samples, mean = 31.2 (flags = 0x1)
0    ... 
3    -O                                                                        (1 = 20.0%) {0.0%}
4    -O                                                                        (1 = 20.0%) {20.0%}
5    ... 
8    -O                                                                        (1 = 20.0%) {40.0%}
10   ... 
17   -O                                                                        (1 = 20.0%) {60.0%}
20   ... 
114  -O                                                                        (1 = 20.0%) {80.0%}
135  ... 

Histogram: Navigation.Timeline.IgnoredCorrectly.Duration recorded 8 samples, mean = 0.0 (flags = 0x1)
0  --------O                                                                 (8 = 100.0%)
1  ... 

Histogram: Navigation.Timeline.IgnoredIncorrectly.Duration recorded 8 samples, mean = 1.2 (flags = 0x1)
0  -----O                                                                    (5 = 62.5%)
1  --O                                                                       (2 = 25.0%) {62.5%}
2  ... 
8  -O                                                                        (1 = 12.5%) {87.5%}
10 ... 

Histogram: Navigation.Timeline.IgnoredIncorrectly.MainFrameOnly.Duration recorded 7 samples, mean = 1.3 (flags = 0x1)
0  -----O                                                                    (5 = 71.4%)
1  -O                                                                        (1 = 14.3%) {71.4%}
2  ... 
8  -O                                                                        (1 = 14.3%) {85.7%}
10 ... 

Histogram: Navigation.Timeline.IgnoredIncorrectly.MainFrameOnly.Percentage recorded 7 samples, mean = 0.7 (flags = 0x1)
0  -----O                                                                    (5 = 71.4%)
1  -O                                                                        (1 = 14.3%) {71.4%}
2  ... 
4  -O                                                                        (1 = 14.3%) {85.7%}
5  ... 

Histogram: Navigation.Timeline.IgnoredIncorrectly.Percentage recorded 8 samples, mean = 4.0 (flags = 0x1)
0   -----O                                                                    (5 = 62.5%)
1   -O                                                                        (1 = 12.5%) {62.5%}
2   ... 
4   -O                                                                        (1 = 12.5%) {75.0%}
5   ... 
27  -O                                                                        (1 = 12.5%) {87.5%}
28  ... 

Histogram: Navigation.Timeline.LoaderStartToFetchStart.Duration recorded 6 samples, mean = 79.0 (flags = 0x1)
0    --O                                                                       (2 = 33.3%)
1    ... 
48   -O                                                                        (1 = 16.7%) {33.3%}
57   -O                                                                        (1 = 16.7%) {50.0%}
68   ... 
135  -O                                                                        (1 = 16.7%) {66.7%}
160  O                                                                         (0 = 0.0%) {83.3%}
190  -O                                                                        (1 = 16.7%) {83.3%}
226  ... 

Histogram: Navigation.Timeline.LoaderStartToReceiveResponse.Duration recorded 6 samples, mean = 136.0 (flags = 0x1)
0    ... 
17   -O                                                                        (1 = 16.7%) {0.0%}
20   ... 
57   -O                                                                        (1 = 16.7%) {16.7%}
68   ... 
114  -O                                                                        (1 = 16.7%) {33.3%}
135  -O                                                                        (1 = 16.7%) {50.0%}
160  O                                                                         (0 = 0.0%) {66.7%}
190  -O                                                                        (1 = 16.7%) {66.7%}
226  -O                                                                        (1 = 16.7%) {83.3%}
268  ... 

Histogram: Navigation.Timeline.NavigationRequestToBeginNavigation.Duration recorded 7 samples, mean = 8.6 (flags = 0x1)
0   ... 
5   ---O                                                                      (3 = 42.9%) {0.0%}
6   O                                                                         (0 = 0.0%) {42.9%}
7   -O                                                                        (1 = 14.3%) {42.9%}
8   --O                                                                       (2 = 28.6%) {57.1%}
10  ... 
20  -O                                                                        (1 = 14.3%) {85.7%}
24  ... 

Histogram: Navigation.Timeline.ReceiveHeadersToReceiveResponse.Duration recorded 5 samples, mean = 5.6 (flags = 0x1)
0   --O                                                                       (2 = 40.0%)
1   ... 
7   -O                                                                        (1 = 20.0%) {40.0%}
8   -O                                                                        (1 = 20.0%) {60.0%}
10  O                                                                         (0 = 0.0%) {80.0%}
12  -O                                                                        (1 = 20.0%) {80.0%}
14  ... 

Histogram: Navigation.Timeline.ReceiveResponseToCommit.Duration recorded 6 samples, mean = 12.0 (flags = 0x1)
0   ... 
4   --O                                                                       (2 = 33.3%) {0.0%}
5   O                                                                         (0 = 0.0%) {33.3%}
6   -O                                                                        (1 = 16.7%) {33.3%}
7   ... 
17  --O                                                                       (2 = 33.3%) {50.0%}
20  -O                                                                        (1 = 16.7%) {83.3%}
24  ... 

Histogram: Navigation.Timeline.RendererCommitToDidCommit.Duration recorded 8 samples, mean = 5.0 (flags = 0x1)
0   -O                                                                        (1 = 12.5%)
1   O                                                                         (0 = 0.0%) {12.5%}
2   -O                                                                        (1 = 12.5%) {12.5%}
3   --O                                                                       (2 = 25.0%) {25.0%}
4   --O                                                                       (2 = 25.0%) {50.0%}
5   ... 
7   -O                                                                        (1 = 12.5%) {75.0%}
8   ... 
17  -O                                                                        (1 = 12.5%) {87.5%}
20  ... 

Histogram: Navigation.Timeline.StartToBeforeUnloadPhase1.Duration recorded 1 samples, mean = 0.0 (flags = 0x1)
0  -O                                                                        (1 = 100.0%)
1  ... 

Histogram: Navigation.Timeline.StartToNavigationRequestCreation.Duration recorded 6 samples, mean = 0.2 (flags = 0x1)
0  -----O                                                                    (5 = 83.3%)
1  -O                                                                        (1 = 16.7%) {83.3%}
2  ... 

Histogram: Navigation.Timeline.StartToSyncRendererCommit.Duration recorded 1 samples, mean = 0.0 (flags = 0x1)
0  -O                                                                        (1 = 100.0%)
1  ... 

Histogram: Navigation.Timeline.Total.Duration recorded 8 samples, mean = 474.1 (flags = 0x1)
0     ... 
7     -O                                                                        (1 = 12.5%) {0.0%}
8     ... 
68    -O                                                                        (1 = 12.5%) {12.5%}
81    ... 
160   -O                                                                        (1 = 12.5%) {25.0%}
190   ... 
533   ---O                                                                      (3 = 37.5%) {37.5%}
633   -O                                                                        (1 = 12.5%) {75.0%}
752   ... 
1062  -O                                                                        (1 = 12.5%) {87.5%}
1262  ... 

Histogram: Navigation.Timeline.TotalExcludingBeforeUnload.Duration recorded 8 samples, mean = 474.1 (flags = 0x1)
0     ... 
7     -O                                                                        (1 = 12.5%) {0.0%}
8     ... 
68    -O                                                                        (1 = 12.5%) {12.5%}
81    ... 
160   -O                                                                        (1 = 12.5%) {25.0%}
190   ... 
533   ---O                                                                      (3 = 37.5%) {37.5%}
633   -O                                                                        (1 = 12.5%) {75.0%}
752   ... 
1062  -O                                                                        (1 = 12.5%) {87.5%}
1262  ... 

Histogram: Navigation.Timeline.TotalExcludingBeforeUnload.MainFrameOnly.Duration recorded 7 samples, mean = 540.9 (flags = 0x1)
0     ... 
68    -O                                                                        (1 = 14.3%) {0.0%}
81    ... 
160   -O                                                                        (1 = 14.3%) {14.3%}
190   ... 
533   ---O                                                                      (3 = 42.9%) {28.6%}
633   -O                                                                        (1 = 14.3%) {71.4%}
752   ... 
1062  -O                                                                        (1 = 14.3%) {85.7%}
1262  ... 

Histogram: Navigation.Timeline.TotalExcludingBeforeUnloadDialog.Duration recorded 8 samples, mean = 474.1 (flags = 0x1)
0     ... 
7     -O                                                                        (1 = 12.5%) {0.0%}
8     ... 
68    -O                                                                        (1 = 12.5%) {12.5%}
81    ... 
160   -O                                                                        (1 = 12.5%) {25.0%}
190   ... 
533   ---O                                                                      (3 = 37.5%) {37.5%}
633   -O                                                                        (1 = 12.5%) {75.0%}
752   ... 
1062  -O                                                                        (1 = 12.5%) {87.5%}
1262  ... 

Histogram: Navigation.Timeline.TotalExcludingBeforeUnloadDialog.MainFrameOnly.Duration recorded 7 samples, mean = 540.9 (flags = 0x1)
0     ... 
68    -O                                                                        (1 = 14.3%) {0.0%}
81    ... 
160   -O                                                                        (1 = 14.3%) {14.3%}
190   ... 
533   ---O                                                                      (3 = 42.9%) {28.6%}
633   -O                                                                        (1 = 14.3%) {71.4%}
752   ... 
1062  -O                                                                        (1 = 14.3%) {85.7%}
1262  ... 

Histogram: Navigation.URLLoader.HasClientHintsControllerDelegate recorded 6 samples, mean = 1.0 (flags = 0x1)
0  O                                                                         (0 = 0.0%)
1  ------O                                                                   (6 = 100.0%) {0.0%}
2  O                                                                         (0 = 0.0%) {100.0%}

Histogram: Navigation.URLLoader.InMainPath recorded 6 samples, mean = 0.8 (flags = 0x1)
0  -O                                                                        (1 = 16.7%)
1  -----O                                                                    (5 = 83.3%) {16.7%}
2  O                                                                         (0 = 0.0%) {100.0%}

Histogram: Navigation.URLLoader.ParseHeaders.RoundTripTimeForNonNetworkResponse recorded 1 samples, mean = 153701.0 (flags = 0x1)
0       ... 
141691  -O                                                                        (1 = 100.0%) {0.0%}
196583  ... 

Histogram: Navigation.Unload recorded 2 samples, mean = 2.5 (flags = 0x1)
0  O                                                                         (0 = 0.0%)
1  -O                                                                        (1 = 50.0%) {0.0%}
2  ... 
4  -O                                                                        (1 = 50.0%) {50.0%}
5  ... 

Histogram: Navigation.UserAgentStringType recorded 2 samples, mean = 1.0 (flags = 0x1)
0  O                                                                         (0 = 0.0%)
1  --O                                                                       (2 = 100.0%) {0.0%}
2  ... 

Histogram: Navigation.WillStartRequestToLoaderStart.MainFrame recorded 6 samples, mean = 0.2 (flags = 0x1)
0  -----O                                                                    (5 = 83.3%)
1  -O                                                                        (1 = 16.7%) {83.3%}
2  ... 

Histogram: NavigationPredictor.SearchEnginePreconnector.IsBrowserAppLikelyInForeground recorded 6 samples, mean = 1.0 (flags = 0x1)
0  O                                                                         (0 = 0.0%)
1  ------O                                                                   (6 = 100.0%) {0.0%}
2  O                                                                         (0 = 0.0%) {100.0%}

Histogram: NavigationPredictor.SearchEnginePreconnector.PreconnectDelay recorded 1 samples, mean = 5000.0 (flags = 0x1)
0     ... 
4516  -O                                                                        (1 = 100.0%) {0.0%}
6118  ... 

Histogram: NavigationPredictor.SearchEnginePreconnector.TriggerEvent recorded 1 samples, mean = 0.0 (flags = 0x1)
0  -O                                                                        (1 = 100.0%)
1  ... 

Histogram: NavigationSuggestion.GetDomainInfoDelayBeforeAllowingNavigation recorded 6 samples, mean = 0.0 (flags = 0x1)
0  ------O                                                                   (6 = 100.0%)
1  ... 

Histogram: NavigationSuggestion.IsLookalikeUrlDelayBeforeAllowingNavigation recorded 6 samples, mean = 0.0 (flags = 0x1)
0  ------O                                                                   (6 = 100.0%)
1  ... 

Histogram: NavigationSuggestion.PerformChecksDelayBeforeAllowingNavigation recorded 6 samples, mean = 0.0 (flags = 0x1)
0  ------O                                                                   (6 = 100.0%)
1  ... 

Histogram: NavigationSuggestion.UpdateEngagedSitesDeferTime recorded 3 samples, mean = 14.0 (flags = 0x1)
0   ... 
8   -O                                                                        (1 = 33.3%) {0.0%}
10  ... 
14  -O                                                                        (1 = 33.3%) {33.3%}
17  -O                                                                        (1 = 33.3%) {66.7%}
20  ... 

Histogram: Net.CertVerifier.CTRequirementStatus recorded 8 samples, mean = 1.0 (flags = 0x1)
0  O                                                                         (0 = 0.0%)
1  --------O                                                                 (8 = 100.0%) {0.0%}
2  ... 

Histogram: Net.CertVerifier.DoVerifyOnWorkerThreadTime recorded 8 samples, mean = 1.5 (flags = 0x1)
0  O                                                                         (0 = 0.0%)
1  -----O                                                                    (5 = 62.5%) {0.0%}
2  --O                                                                       (2 = 25.0%) {62.5%}
3  -O                                                                        (1 = 12.5%) {87.5%}
4  ... 

Histogram: Net.CertVerifier.DoVerifyOnWorkerThreadTime.Google recorded 8 samples, mean = 1.5 (flags = 0x1)
0  O                                                                         (0 = 0.0%)
1  -----O                                                                    (5 = 62.5%) {0.0%}
2  --O                                                                       (2 = 25.0%) {62.5%}
3  -O                                                                        (1 = 12.5%) {87.5%}
4  ... 

Histogram: Net.CertVerifier.DoVerifyOnWorkerThreadTime.GoogleWithAlpnH3 recorded 3 samples, mean = 1.0 (flags = 0x1)
0  O                                                                         (0 = 0.0%)
1  ---O                                                                      (3 = 100.0%) {0.0%}
2  ... 

Histogram: Net.Certificate.TrustAnchor.Verify recorded 8 samples (flags = 0x1)
0  --------O                                                                 (8 = 100.0%)

Histogram: Net.Certificate.TrustAnchor.VerifyOutOfDate recorded 8 samples, mean = 1.0 (flags = 0x1)
0  O                                                                         (0 = 0.0%)
1  --------O                                                                 (8 = 100.0%) {0.0%}
2  O                                                                         (0 = 0.0%) {100.0%}

Histogram: Net.Certificate.TrustAnchor2.Verify recorded 8 samples (flags = 0x1)
36  --------O                                                                 (8 = 100.0%)

Histogram: Net.CertificateTransparency.SCTOrigin recorded 16 samples, mean = 0.0 (flags = 0x1)
0  ----------------O                                                         (16 = 100.0%)
1  ... 

Histogram: Net.DNS.DnsConfig.AdditionalDnsQueryTypesEnabled recorded 1 samples, mean = 1.0 (flags = 0x1)
0  O                                                                         (0 = 0.0%)
1  -O                                                                        (1 = 100.0%) {0.0%}
2  O                                                                         (0 = 0.0%) {100.0%}

Histogram: Net.DNS.DnsConfig.SecureDnsMode recorded 1 samples, mean = 2.0 (flags = 0x1)
0  ... 
2  -O                                                                        (1 = 100.0%) {0.0%}
3  ... 

Histogram: Net.DNS.DnsConfig.Windows.Compatibility recorded 1 samples, mean = 0.0 (flags = 0x1)
0  -O                                                                        (1 = 100.0%)
1  ... 

Histogram: Net.DNS.DnsConfig.Windows.ReadSystemSettings0 recorded 1 samples, mean = 0.0 (flags = 0x1)
0  -O                                                                        (1 = 100.0%)
1  ... 

Histogram: Net.DNS.DnsHosts.Count recorded 1 samples, mean = 3.0 (flags = 0x1)
0  ... 
3  -O                                                                        (1 = 100.0%) {0.0%}
4  ... 

Histogram: Net.DNS.DnsHosts.EstimateMemoryUsage recorded 1 samples, mean = 313.0 (flags = 0x1)
0  -O                                                                        (1 = 100.0%)
1000... 

Histogram: Net.DNS.DnsHosts.FileSize recorded 1 samples, mean = 1056.0 (flags = 0x1)
0    ... 
737  -O                                                                        (1 = 100.0%) {0.0%}
1065 ... 

Histogram: Net.HttpResponseCode2 recorded 41 samples, mean = 202.5 (flags = 0x1)
0    ... 
200  ----------------------------------------O                                 (40 = 97.6%) {0.0%}
201  ... 
302  -O                                                                        (1 = 2.4%) {97.6%}
303  ... 

Histogram: Net.MultiThreadedCertVerifier.RequestDuration recorded 8 samples, mean = 18.2 (flags = 0x1)
0   ... 
3   -O                                                                        (1 = 12.5%) {0.0%}
4   ... 
11  --O                                                                       (2 = 25.0%) {12.5%}
12  ... 
20  -O                                                                        (1 = 12.5%) {37.5%}
23  ---O                                                                      (3 = 37.5%) {50.0%}
26  O                                                                         (0 = 0.0%) {87.5%}
29  -O                                                                        (1 = 12.5%) {87.5%}
33  ... 

Histogram: Net.MultiThreadedCertVerifier.RequestDuration.Google recorded 8 samples, mean = 18.2 (flags = 0x1)
0   ... 
3   -O                                                                        (1 = 12.5%) {0.0%}
4   ... 
11  --O                                                                       (2 = 25.0%) {12.5%}
12  ... 
20  -O                                                                        (1 = 12.5%) {37.5%}
23  ---O                                                                      (3 = 37.5%) {50.0%}
26  O                                                                         (0 = 0.0%) {87.5%}
29  -O                                                                        (1 = 12.5%) {87.5%}
33  ... 

Histogram: Net.MultiThreadedCertVerifier.RequestDuration.GoogleWithAlpnH3 recorded 3 samples, mean = 17.0 (flags = 0x1)
0   ... 
3   -O                                                                        (1 = 33.3%) {0.0%}
4   ... 
23  --O                                                                       (2 = 66.7%) {33.3%}
26  ... 

Histogram: Net.URLLoaderThrottle.OnReceiveResponseTime recorded 8 samples, mean = 1.6 (flags = 0x1)
0  -----O                                                                    (5 = 62.5%)
1  ... 
3  -O                                                                        (1 = 12.5%) {62.5%}
4  -O                                                                        (1 = 12.5%) {75.0%}
5  O                                                                         (0 = 0.0%) {87.5%}
6  -O                                                                        (1 = 12.5%) {87.5%}
7  ... 

Histogram: Net.URLLoaderThrottleExecutionTime.BeforeWillProcessResponse recorded 81 samples, mean = 0.0 (flags = 0x1)
0  ------------------------------------------------------------------------O (81 = 100.0%)
1  ... 

Histogram: Net.URLLoaderThrottleExecutionTime.WillProcessResponse recorded 81 samples, mean = 0.0 (flags = 0x1)
0  ------------------------------------------------------------------------O (81 = 100.0%)
1  ... 

Histogram: Net.URLLoaderThrottleExecutionTime.WillStartRequest recorded 81 samples, mean = 0.0 (flags = 0x1)
0  ------------------------------------------------------------------------O (81 = 100.0%)
1  ... 

Histogram: NetworkService.GrantSandboxResult recorded 3 samples, mean = 2.3 (flags = 0x1)
0  --O                                                                       (2 = 66.7%)
1  ... 
7  -O                                                                        (1 = 33.3%) {66.7%}
8  ... 

Histogram: NetworkService.TimeToGrantCacheAccess recorded 1 samples, mean = 13.0 (flags = 0x1)
0   ... 
12  -O                                                                        (1 = 100.0%) {0.0%}
14  ... 

Histogram: NetworkService.TimeToGrantDataAccess recorded 2 samples, mean = 17.0 (flags = 0x1)
0   ... 
2   -O                                                                        (1 = 50.0%) {0.0%}
3   ... 
29  -O                                                                        (1 = 50.0%) {50.0%}
34  ... 

Histogram: NetworkService.TimeToGrantSharedDictionaryAccess recorded 1 samples, mean = 8.0 (flags = 0x1)
0  ... 
8  -O                                                                        (1 = 100.0%) {0.0%}
10 ... 

Histogram: NetworkService.TimeToMigrateData recorded 2 samples, mean = 3.0 (flags = 0x1)
0  O                                                                         (0 = 0.0%)
1  -O                                                                        (1 = 50.0%) {0.0%}
2  ... 
5  -O                                                                        (1 = 50.0%) {50.0%}
6  ... 

Histogram: NetworkTime.EstimatedTimeUncertainty recorded 7 samples, mean = 2978.0 (flags = 0x1)
0      ... 
1496   ------O                                                                   (6 = 85.7%) {0.0%}
1901   ... 
10165  -O                                                                        (1 = 14.3%) {85.7%}
12916  ... 

Histogram: NetworkTime.NetworkTimeUncertainty recorded 2 samples, mean = 5993.0 (flags = 0x1)
0      ... 
1496   -O                                                                        (1 = 50.0%) {0.0%}
1901   ... 
10165  -O                                                                        (1 = 50.0%) {50.0%}
12916  ... 

Histogram: NetworkedProfile.Check recorded 1 samples, mean = 4.0 (flags = 0x1)
0  ... 
4  -O                                                                        (1 = 100.0%) {0.0%}
5  ... 

Histogram: NewTabPage.MostVisited.NumberOfCustomTilesOnFirstNtp recorded 1 samples (flags = 0x1)
0  -O                                                                        (1 = 100.0%)

Histogram: Notifications.UsingSystemNotificationCenter recorded 1 samples, mean = 0.0 (flags = 0x1)
0  -O                                                                        (1 = 100.0%)
1  ... 

Histogram: Notifications.Windows.GetDisplayedStatus recorded 1 samples, mean = 0.0 (flags = 0x1)
0  -O                                                                        (1 = 100.0%)
1  ... 

Histogram: Notifications.Windows.GetSettingStatusStartup recorded 1 samples, mean = 1.0 (flags = 0x1)
0  O                                                                         (0 = 0.0%)
1  -O                                                                        (1 = 100.0%) {0.0%}
2  O                                                                         (0 = 0.0%) {100.0%}

Histogram: Notifications.Windows.HistoryStatus recorded 1 samples, mean = 0.0 (flags = 0x1)
0  -O                                                                        (1 = 100.0%)
1  ... 

Histogram: Notifications.Windows.SetReadyCallbackStatus2 recorded 1 samples, mean = 1.0 (flags = 0x1)
0  O                                                                         (0 = 0.0%)
1  -O                                                                        (1 = 100.0%) {0.0%}
2  ... 

Histogram: Notifications.Windows.StartMenuShortcutStatus recorded 1 samples, mean = 4.0 (flags = 0x1)
0  ... 
4  -O                                                                        (1 = 100.0%) {0.0%}
5  O                                                                         (0 = 0.0%) {100.0%}

Histogram: OSCrypt.AppBoundEncryption.SupportLevel recorded 1 samples, mean = 4.0 (flags = 0x1)
0  ... 
4  -O                                                                        (1 = 100.0%) {0.0%}
5  ... 

Histogram: OSCrypt.AppBoundProvider.KeyRetrieval.Status recorded 1 samples, mean = 1.0 (flags = 0x1)
0  O                                                                         (0 = 0.0%)
1  -O                                                                        (1 = 100.0%) {0.0%}
2  ... 

Histogram: OSCrypt.AsyncInitialization.Time recorded 1 samples, mean = 0.0 (flags = 0x1)
0  -O                                                                        (1 = 100.0%)
1  ... 

Histogram: OSCrypt.DPAPIProvider.Status recorded 1 samples, mean = 0.0 (flags = 0x1)
0  -O                                                                        (1 = 100.0%)
1  ... 

Histogram: OSCrypt.EncryptorKeyCount recorded 1 samples, mean = 2.0 (flags = 0x1)
0  ... 
2  -O                                                                        (1 = 100.0%) {0.0%}
3  ... 

Histogram: OSCrypt.EncryptorKeyCount.Available recorded 1 samples, mean = 1.0 (flags = 0x1)
0  O                                                                         (0 = 0.0%)
1  -O                                                                        (1 = 100.0%) {0.0%}
2  ... 

Histogram: OSCrypt.EncryptorKeyCount.PermanentlyUnavailable recorded 1 samples, mean = 0.0 (flags = 0x1)
0  -O                                                                        (1 = 100.0%)
1  ... 

Histogram: OSCrypt.EncryptorKeyCount.TemporarilyUnavailable recorded 1 samples, mean = 1.0 (flags = 0x1)
0  O                                                                         (0 = 0.0%)
1  -O                                                                        (1 = 100.0%) {0.0%}
2  ... 

Histogram: Omnibox.AiModePageAction.IconSource recorded 16 samples, mean = 0.0 (flags = 0x1)
0  ----------------O                                                         (16 = 100.0%)
1  ... 

Histogram: Omnibox.AimEligibility.CountryCodeEmpty recorded 2 samples, mean = 0.0 (flags = 0x1)
0  --O                                                                       (2 = 100.0%)
1  ... 

Histogram: Omnibox.AimEligibility.EligibilityRequestDebounced recorded 2 samples, mean = 0.0 (flags = 0x1)
0  --O                                                                       (2 = 100.0%)
1  ... 

Histogram: Omnibox.AimEligibility.EligibilityRequestDebounced.OAuthFallbackCookieChange recorded 1 samples, mean = 0.0 (flags = 0x1)
0  -O                                                                        (1 = 100.0%)
1  ... 

Histogram: Omnibox.AimEligibility.EligibilityRequestDebounced.Startup recorded 1 samples, mean = 0.0 (flags = 0x1)
0  -O                                                                        (1 = 100.0%)
1  ... 

Histogram: Omnibox.AimEligibility.EligibilityRequestPrimaryAccountExists recorded 2 samples, mean = 0.0 (flags = 0x1)
0  --O                                                                       (2 = 100.0%)
1  ... 

Histogram: Omnibox.AimEligibility.EligibilityRequestPrimaryAccountExists.OAuthFallbackCookieChange recorded 1 samples, mean = 0.0 (flags = 0x1)
0  -O                                                                        (1 = 100.0%)
1  ... 

Histogram: Omnibox.AimEligibility.EligibilityRequestPrimaryAccountExists.Startup recorded 1 samples, mean = 0.0 (flags = 0x1)
0  -O                                                                        (1 = 100.0%)
1  ... 

Histogram: Omnibox.AimEligibility.EligibilityRequestStatus recorded 3 samples, mean = 1.0 (flags = 0x1)
0  --O                                                                       (2 = 66.7%)
1  ... 
3  -O                                                                        (1 = 33.3%) {66.7%}
4  ... 

Histogram: Omnibox.AimEligibility.EligibilityRequestStatus.OAuthFallbackCookieChange recorded 2 samples, mean = 1.5 (flags = 0x1)
0  -O                                                                        (1 = 50.0%)
1  ... 
3  -O                                                                        (1 = 50.0%) {50.0%}
4  ... 

Histogram: Omnibox.AimEligibility.EligibilityRequestStatus.Startup recorded 1 samples, mean = 0.0 (flags = 0x1)
0  -O                                                                        (1 = 100.0%)
1  ... 

Histogram: Omnibox.AimEligibility.EligibilityResponse.OAuthFallbackCookieChange.is_cobrowse_eligible recorded 1 samples, mean = 0.0 (flags = 0x1)
0  -O                                                                        (1 = 100.0%)
1  ... 

Histogram: Omnibox.AimEligibility.EligibilityResponse.OAuthFallbackCookieChange.is_deep_search_eligible recorded 1 samples, mean = 0.0 (flags = 0x1)
0  -O                                                                        (1 = 100.0%)
1  ... 

Histogram: Omnibox.AimEligibility.EligibilityResponse.OAuthFallbackCookieChange.is_eligible recorded 1 samples, mean = 0.0 (flags = 0x1)
0  -O                                                                        (1 = 100.0%)
1  ... 

Histogram: Omnibox.AimEligibility.EligibilityResponse.OAuthFallbackCookieChange.is_fusebox_eligible recorded 1 samples, mean = 1.0 (flags = 0x1)
0  O                                                                         (0 = 0.0%)
1  -O                                                                        (1 = 100.0%) {0.0%}
2  O                                                                         (0 = 0.0%) {100.0%}

Histogram: Omnibox.AimEligibility.EligibilityResponse.OAuthFallbackCookieChange.is_image_generation_eligible recorded 1 samples, mean = 1.0 (flags = 0x1)
0  O                                                                         (0 = 0.0%)
1  -O                                                                        (1 = 100.0%) {0.0%}
2  O                                                                         (0 = 0.0%) {100.0%}

Histogram: Omnibox.AimEligibility.EligibilityResponse.OAuthFallbackCookieChange.is_pdf_upload_eligible recorded 1 samples, mean = 1.0 (flags = 0x1)
0  O                                                                         (0 = 0.0%)
1  -O                                                                        (1 = 100.0%) {0.0%}
2  O                                                                         (0 = 0.0%) {100.0%}

Histogram: Omnibox.AimEligibility.EligibilityResponse.OAuthFallbackCookieChange.session_index recorded 1 samples (flags = 0x1)
0  -O                                                                        (1 = 100.0%)

Histogram: Omnibox.AimEligibility.EligibilityResponse.is_cobrowse_eligible recorded 1 samples, mean = 0.0 (flags = 0x1)
0  -O                                                                        (1 = 100.0%)
1  ... 

Histogram: Omnibox.AimEligibility.EligibilityResponse.is_deep_search_eligible recorded 1 samples, mean = 0.0 (flags = 0x1)
0  -O                                                                        (1 = 100.0%)
1  ... 

Histogram: Omnibox.AimEligibility.EligibilityResponse.is_eligible recorded 1 samples, mean = 0.0 (flags = 0x1)
0  -O                                                                        (1 = 100.0%)
1  ... 

Histogram: Omnibox.AimEligibility.EligibilityResponse.is_fusebox_eligible recorded 1 samples, mean = 1.0 (flags = 0x1)
0  O                                                                         (0 = 0.0%)
1  -O                                                                        (1 = 100.0%) {0.0%}
2  O                                                                         (0 = 0.0%) {100.0%}

Histogram: Omnibox.AimEligibility.EligibilityResponse.is_image_generation_eligible recorded 1 samples, mean = 1.0 (flags = 0x1)
0  O                                                                         (0 = 0.0%)
1  -O                                                                        (1 = 100.0%) {0.0%}
2  O                                                                         (0 = 0.0%) {100.0%}

Histogram: Omnibox.AimEligibility.EligibilityResponse.is_pdf_upload_eligible recorded 1 samples, mean = 1.0 (flags = 0x1)
0  O                                                                         (0 = 0.0%)
1  -O                                                                        (1 = 100.0%) {0.0%}
2  O                                                                         (0 = 0.0%) {100.0%}

Histogram: Omnibox.AimEligibility.EligibilityResponse.session_index recorded 1 samples (flags = 0x1)
0  -O                                                                        (1 = 100.0%)

Histogram: Omnibox.AimEligibility.EligibilityResponseAccountMismatch recorded 1 samples, mean = 0.0 (flags = 0x1)
0  -O                                                                        (1 = 100.0%)
1  ... 

Histogram: Omnibox.AimEligibility.EligibilityResponseAccountMismatch.OAuthFallbackCookieChange recorded 1 samples, mean = 0.0 (flags = 0x1)
0  -O                                                                        (1 = 100.0%)
1  ... 

Histogram: Omnibox.AimEligibility.EligibilityResponseChange.is_cobrowse_eligible recorded 1 samples, mean = 0.0 (flags = 0x1)
0  -O                                                                        (1 = 100.0%)
1  ... 

Histogram: Omnibox.AimEligibility.EligibilityResponseChange.is_deep_search_eligible recorded 1 samples, mean = 0.0 (flags = 0x1)
0  -O                                                                        (1 = 100.0%)
1  ... 

Histogram: Omnibox.AimEligibility.EligibilityResponseChange.is_eligible recorded 1 samples, mean = 0.0 (flags = 0x1)
0  -O                                                                        (1 = 100.0%)
1  ... 

Histogram: Omnibox.AimEligibility.EligibilityResponseChange.is_fusebox_eligible recorded 1 samples, mean = 1.0 (flags = 0x1)
0  O                                                                         (0 = 0.0%)
1  -O                                                                        (1 = 100.0%) {0.0%}
2  O                                                                         (0 = 0.0%) {100.0%}

Histogram: Omnibox.AimEligibility.EligibilityResponseChange.is_image_generation_eligible recorded 1 samples, mean = 1.0 (flags = 0x1)
0  O                                                                         (0 = 0.0%)
1  -O                                                                        (1 = 100.0%) {0.0%}
2  O                                                                         (0 = 0.0%) {100.0%}

Histogram: Omnibox.AimEligibility.EligibilityResponseChange.is_pdf_upload_eligible recorded 1 samples, mean = 1.0 (flags = 0x1)
0  O                                                                         (0 = 0.0%)
1  -O                                                                        (1 = 100.0%) {0.0%}
2  O                                                                         (0 = 0.0%) {100.0%}

Histogram: Omnibox.AimEligibility.EligibilityResponseChange.session_index recorded 1 samples, mean = 0.0 (flags = 0x1)
0  -O                                                                        (1 = 100.0%)
1  ... 

Histogram: Omnibox.AimEligibility.EligibilityResponseCode recorded 1 samples (flags = 0x1)
200  -O                                                                        (1 = 100.0%)

Histogram: Omnibox.AimEligibility.EligibilityResponseCode.OAuthFallbackCookieChange recorded 1 samples (flags = 0x1)
200  -O                                                                        (1 = 100.0%)

Histogram: Omnibox.AimEligibility.EligibilityResponseSource recorded 96 samples, mean = 1.0 (flags = 0x1)
0  ----------------------------------------------O                           (46 = 47.9%)
1  O                                                                         (0 = 0.0%) {47.9%}
2  --------------------------------------------------O                       (50 = 52.1%) {47.9%}
3  ... 

Histogram: Omnibox.AutocompletionTime.UpdateResult recorded 8 samples, mean = 26.8 (flags = 0x1)
0    -----O                                                                    (5 = 62.5%)
1    --O                                                                       (2 = 25.0%) {62.5%}
2    ... 
196  -O                                                                        (1 = 12.5%) {87.5%}
258  ... 

Histogram: Omnibox.AutocompletionTime.UpdateResult.DeduplicateMatches recorded 1 samples, mean = 0.0 (flags = 0x1)
0  -O                                                                        (1 = 100.0%)
1  ... 

Histogram: Omnibox.AutocompletionTime.UpdateResult.SortAndCull recorded 1 samples, mean = 93.0 (flags = 0x1)
0   ... 
86  -O                                                                        (1 = 100.0%) {0.0%}
113 ... 

Histogram: Omnibox.DocumentSuggest.ProviderAllowed recorded 1 samples, mean = 6.0 (flags = 0x1)
0  ... 
6  -O                                                                        (1 = 100.0%) {0.0%}
7  ... 

Histogram: Omnibox.FocusResultedInNavigation recorded 1 samples, mean = 0.0 (flags = 0x1)
0  -O                                                                        (1 = 100.0%)
1  ... 

Histogram: Omnibox.KeywordCount recorded 1 samples, mean = 11.0 (flags = 0x1)
0   ... 
11  -O                                                                        (1 = 100.0%) {0.0%}
12  ... 

Histogram: Omnibox.KeywordCount.DefaultSearchEngineSetByPolicy recorded 1 samples, mean = 0.0 (flags = 0x1)
0  -O                                                                        (1 = 100.0%)
1  ... 

Histogram: Omnibox.KeywordCount.DefaultSearchEngineSetByUser recorded 1 samples, mean = 0.0 (flags = 0x1)
0  -O                                                                        (1 = 100.0%)
1  ... 

Histogram: Omnibox.KeywordCount.FeaturedAllowUserOverrideSiteSearchSetByPolicy recorded 1 samples, mean = 0.0 (flags = 0x1)
0  -O                                                                        (1 = 100.0%)
1  ... 

Histogram: Omnibox.KeywordCount.FeaturedSearchAggregatorSetByPolicy recorded 1 samples, mean = 0.0 (flags = 0x1)
0  -O                                                                        (1 = 100.0%)
1  ... 

Histogram: Omnibox.KeywordCount.FeaturedSiteSearchSetByPolicy recorded 1 samples, mean = 0.0 (flags = 0x1)
0  -O                                                                        (1 = 100.0%)
1  ... 

Histogram: Omnibox.KeywordCount.NonFeaturedAllowUserOverrideSiteSearchSetByPolicy recorded 1 samples, mean = 0.0 (flags = 0x1)
0  -O                                                                        (1 = 100.0%)
1  ... 

Histogram: Omnibox.KeywordCount.NonFeaturedSiteSearchSetByPolicy recorded 1 samples, mean = 0.0 (flags = 0x1)
0  -O                                                                        (1 = 100.0%)
1  ... 

Histogram: Omnibox.KeywordCount.NonSubstitutingSiteSearchSetByUser recorded 1 samples, mean = 0.0 (flags = 0x1)
0  -O                                                                        (1 = 100.0%)
1  ... 

Histogram: Omnibox.KeywordCount.Prepopulated recorded 1 samples, mean = 5.0 (flags = 0x1)
0  ... 
5  -O                                                                        (1 = 100.0%) {0.0%}
6  ... 

Histogram: Omnibox.KeywordCount.SearchAggregatorSetByPolicy recorded 1 samples, mean = 0.0 (flags = 0x1)
0  -O                                                                        (1 = 100.0%)
1  ... 

Histogram: Omnibox.KeywordCount.SearchEngineSetByExtension recorded 1 samples, mean = 0.0 (flags = 0x1)
0  -O                                                                        (1 = 100.0%)
1  ... 

Histogram: Omnibox.KeywordCount.StarterPack recorded 1 samples, mean = 6.0 (flags = 0x1)
0  ... 
6  -O                                                                        (1 = 100.0%) {0.0%}
7  ... 

Histogram: Omnibox.KeywordCount.SubstitutingSiteSearchSetByUser recorded 1 samples, mean = 0.0 (flags = 0x1)
0  -O                                                                        (1 = 100.0%)
1  ... 

Histogram: Omnibox.KeywordModeUsageByEngineType.ActiveOnStartup recorded 6 samples, mean = 4.5 (flags = 0x1)
0  ... 
2  -O                                                                        (1 = 16.7%) {0.0%}
3  -O                                                                        (1 = 16.7%) {16.7%}
4  -O                                                                        (1 = 16.7%) {33.3%}
5  -O                                                                        (1 = 16.7%) {50.0%}
6  -O                                                                        (1 = 16.7%) {66.7%}
7  -O                                                                        (1 = 16.7%) {83.3%}
8  O                                                                         (0 = 0.0%) {100.0%}

Histogram: Omnibox.KeywordModeUsageByEngineType.InactiveOnStartup recorded 5 samples, mean = 1.0 (flags = 0x1)
0  O                                                                         (0 = 0.0%)
1  -----O                                                                    (5 = 100.0%) {0.0%}
2  ... 

Histogram: Omnibox.LocationIconView.Update.Time recorded 26 samples, mean = 735.5 (flags = 0x1)
0     ... 
105   -O                                                                        (1 = 3.8%) {0.0%}
146   O                                                                         (0 = 0.0%) {3.8%}
203   --O                                                                       (2 = 7.7%) {3.8%}
282   ------------O                                                             (12 = 46.2%) {11.5%}
391   --------O                                                                 (8 = 30.8%) {57.7%}
542   -O                                                                        (1 = 3.8%) {88.5%}
752   -O                                                                        (1 = 3.8%) {92.3%}
1043  ... 
7439  -O                                                                        (1 = 3.8%) {96.2%}
10321 ... 

Histogram: Omnibox.PaintTime recorded 7 samples, mean = 0.0 (flags = 0x1)
0  -------O                                                                  (7 = 100.0%)
1  ... 

Histogram: Omnibox.Popup.WebUI.PageRemoteIsBoundOnFirstCall recorded 1 samples, mean = 1.0 (flags = 0x1)
0  O                                                                         (0 = 0.0%)
1  -O                                                                        (1 = 100.0%) {0.0%}
2  O                                                                         (0 = 0.0%) {100.0%}

Histogram: Omnibox.Popup.WebUI.ResultChangedToRepaintLatency.ToPaint recorded 2 samples, mean = 26.0 (flags = 0x1)
0   ... 
12  -O                                                                        (1 = 50.0%) {0.0%}
14  ... 
40  -O                                                                        (1 = 50.0%) {50.0%}
48  ... 

Histogram: Omnibox.ProviderTime2.Bookmark recorded 1 samples, mean = 0.0 (flags = 0x1)
0  -O                                                                        (1 = 100.0%)
1  ... 

Histogram: Omnibox.ProviderTime2.Builtin recorded 1 samples, mean = 0.0 (flags = 0x1)
0  -O                                                                        (1 = 100.0%)
1  ... 

Histogram: Omnibox.ProviderTime2.Calculator recorded 1 samples, mean = 0.0 (flags = 0x1)
0  -O                                                                        (1 = 100.0%)
1  ... 

Histogram: Omnibox.ProviderTime2.ContextualSearch recorded 1 samples, mean = 0.0 (flags = 0x1)
0  -O                                                                        (1 = 100.0%)
1  ... 

Histogram: Omnibox.ProviderTime2.Document recorded 1 samples, mean = 0.0 (flags = 0x1)
0  -O                                                                        (1 = 100.0%)
1  ... 

Histogram: Omnibox.ProviderTime2.FeaturedSearch recorded 1 samples, mean = 0.0 (flags = 0x1)
0  -O                                                                        (1 = 100.0%)
1  ... 

Histogram: Omnibox.ProviderTime2.HistoryFuzzy recorded 1 samples, mean = 0.0 (flags = 0x1)
0  -O                                                                        (1 = 100.0%)
1  ... 

Histogram: Omnibox.ProviderTime2.HistoryQuick recorded 1 samples, mean = 0.0 (flags = 0x1)
0  -O                                                                        (1 = 100.0%)
1  ... 

Histogram: Omnibox.ProviderTime2.HistoryURL recorded 1 samples, mean = 0.0 (flags = 0x1)
0  -O                                                                        (1 = 100.0%)
1  ... 

Histogram: Omnibox.ProviderTime2.Keyword recorded 1 samples, mean = 0.0 (flags = 0x1)
0  -O                                                                        (1 = 100.0%)
1  ... 

Histogram: Omnibox.ProviderTime2.LocalHistoryZeroSuggest recorded 1 samples, mean = 0.0 (flags = 0x1)
0  -O                                                                        (1 = 100.0%)
1  ... 

Histogram: Omnibox.ProviderTime2.OnDeviceHead recorded 1 samples, mean = 0.0 (flags = 0x1)
0  -O                                                                        (1 = 100.0%)
1  ... 

Histogram: Omnibox.ProviderTime2.Search recorded 1 samples, mean = 0.0 (flags = 0x1)
0  -O                                                                        (1 = 100.0%)
1  ... 

Histogram: Omnibox.ProviderTime2.Shortcuts recorded 1 samples, mean = 0.0 (flags = 0x1)
0  -O                                                                        (1 = 100.0%)
1  ... 

Histogram: Omnibox.ProviderTime2.ZeroSuggest recorded 1 samples, mean = 0.0 (flags = 0x1)
0  -O                                                                        (1 = 100.0%)
1  ... 

Histogram: Omnibox.SearchPrefetch.PrefetchServingReason2 recorded 3 samples, mean = 3.0 (flags = 0x1)
0  ... 
3  ---O                                                                      (3 = 100.0%) {0.0%}
4  ... 

Histogram: Omnibox.Start.WantAsyncMatches recorded 1 samples, mean = 0.0 (flags = 0x1)
0  -O                                                                        (1 = 100.0%)
1  ... 

Histogram: Omnibox.TabMatchTime recorded 1 samples, mean = 0.0 (flags = 0x1)
0  -O                                                                        (1 = 100.0%)
1  ... 

Histogram: Omnibox.TemplateUrl.DBRefresh.DefaultSearchMatchCountById recorded 1 samples, mean = 0.0 (flags = 0x1)
0  -O                                                                        (1 = 100.0%)
1  ... 

Histogram: Omnibox.TemplateUrl.DBRefresh.UnmatchedDefaultSearchCount recorded 1 samples, mean = 0.0 (flags = 0x1)
0  -O                                                                        (1 = 100.0%)
1  ... 

Histogram: Omnibox.TemplateUrl.RegulatoryExtension.SearchVariant recorded 21 samples, mean = 0.0 (flags = 0x1)
0  ---------------------O                                                    (21 = 100.0%)
1  ... 

Histogram: Omnibox.TemplateUrl.RlzPresent recorded 11 samples, mean = 0.0 (flags = 0x1)
0  -----------O                                                              (11 = 100.0%)
1  ... 

Histogram: Omnibox.TemplateUrl.SearchClientPresent recorded 11 samples, mean = 0.0 (flags = 0x1)
0  -----------O                                                              (11 = 100.0%)
1  ... 

Histogram: Omnibox.Views.RevertAll.Time recorded 4 samples, mean = 2957.2 (flags = 0x1)
0     ... 
2008  --O                                                                       (2 = 50.0%) {0.0%}
2786  -O                                                                        (1 = 25.0%) {50.0%}
3865  -O                                                                        (1 = 25.0%) {75.0%}
5362  ... 

Histogram: Omnibox.Views.SetTextAndSelectedRange.IdempotentCall recorded 4 samples, mean = 0.0 (flags = 0x1)
0  ----O                                                                     (4 = 100.0%)
1  ... 

Histogram: Omnibox.Views.SetTextAndSelectedRange.Time recorded 4 samples, mean = 434.5 (flags = 0x1)
0    ... 
55   -O                                                                        (1 = 25.0%) {0.0%}
76   ... 
391  -O                                                                        (1 = 25.0%) {25.0%}
542  --O                                                                       (2 = 50.0%) {50.0%}
752  ... 

Histogram: Omnibox.ZeroSuggestProvider.Eligibility recorded 1 samples, mean = 3.0 (flags = 0x1)
0  ... 
3  -O                                                                        (1 = 100.0%) {0.0%}
4  O                                                                         (0 = 0.0%) {100.0%}

Histogram: OptimizationGuide.ApplyDecision.AboutThisSite recorded 2 samples, mean = 8.0 (flags = 0x1)
0  ... 
8  --O                                                                       (2 = 100.0%) {0.0%}
9  ... 

Histogram: OptimizationGuide.ApplyDecision.GlicContextualCueing recorded 2 samples, mean = 8.0 (flags = 0x1)
0  ... 
8  --O                                                                       (2 = 100.0%) {0.0%}
9  ... 

Histogram: OptimizationGuide.ApplyDecision.HistoryClusters recorded 2 samples, mean = 8.0 (flags = 0x1)
0  ... 
8  --O                                                                       (2 = 100.0%) {0.0%}
9  ... 

Histogram: OptimizationGuide.ApplyDecision.LensOverlayEduActionChipAllowlist recorded 1 samples, mean = 12.0 (flags = 0x1)
0   ... 
12  -O                                                                        (1 = 100.0%) {0.0%}
13  O                                                                         (0 = 0.0%) {100.0%}

Histogram: OptimizationGuide.ApplyDecision.LensOverlayEduActionChipBlocklist recorded 1 samples, mean = 12.0 (flags = 0x1)
0   ... 
12  -O                                                                        (1 = 100.0%) {0.0%}
13  O                                                                         (0 = 0.0%) {100.0%}

Histogram: OptimizationGuide.ApplyDecision.LoadingPredictor recorded 1 samples, mean = 8.0 (flags = 0x1)
0  ... 
8  -O                                                                        (1 = 100.0%) {0.0%}
9  ... 

Histogram: OptimizationGuide.ApplyDecision.PageEntities recorded 2 samples, mean = 8.0 (flags = 0x1)
0  ... 
8  --O                                                                       (2 = 100.0%) {0.0%}
9  ... 

Histogram: OptimizationGuide.ApplyDecision.PriceTracking recorded 3 samples, mean = 9.3 (flags = 0x1)
0   ... 
8   --O                                                                       (2 = 66.7%) {0.0%}
9   ... 
12  -O                                                                        (1 = 33.3%) {66.7%}
13  O                                                                         (0 = 0.0%) {100.0%}

Histogram: OptimizationGuide.ApplyDecision.SalientImage recorded 2 samples, mean = 8.0 (flags = 0x1)
0  ... 
8  --O                                                                       (2 = 100.0%) {0.0%}
9  ... 

Histogram: OptimizationGuide.ApplyDecision.Skills recorded 4 samples, mean = 9.0 (flags = 0x1)
0   ... 
8   ---O                                                                      (3 = 75.0%) {0.0%}
9   ... 
12  -O                                                                        (1 = 25.0%) {75.0%}
13  O                                                                         (0 = 0.0%) {100.0%}

Histogram: OptimizationGuide.ApplyDecision.V8CompileHints recorded 2 samples, mean = 8.0 (flags = 0x1)
0  ... 
8  --O                                                                       (2 = 100.0%) {0.0%}
9  ... 

Histogram: OptimizationGuide.HintCacheLevelDBStore.Status recorded 2 samples, mean = 0.5 (flags = 0x1)
0  -O                                                                        (1 = 50.0%)
1  -O                                                                        (1 = 50.0%) {50.0%}
2  ... 

Histogram: OptimizationGuide.LoadedHint.Result recorded 3 samples, mean = 0.0
0  ---O                                                                      (3 = 100.0%)
1  ... 

Histogram: OptimizationGuide.ModelExecution.FeatureCurrentlyEnabledResult.Compose recorded 1 samples, mean = 1.0 (flags = 0x1)
0  O                                                                         (0 = 0.0%)
1  -O                                                                        (1 = 100.0%) {0.0%}
2  ... 

Histogram: OptimizationGuide.ModelExecution.FeatureCurrentlyEnabledResult.ContextualCueing recorded 1 samples, mean = 3.0 (flags = 0x1)
0  ... 
3  -O                                                                        (1 = 100.0%) {0.0%}
4  ... 

Histogram: OptimizationGuide.ModelExecution.FeatureCurrentlyEnabledResult.Finds recorded 1 samples, mean = 1.0 (flags = 0x1)
0  O                                                                         (0 = 0.0%)
1  -O                                                                        (1 = 100.0%) {0.0%}
2  ... 

Histogram: OptimizationGuide.ModelExecution.FeatureCurrentlyEnabledResult.HistorySearch recorded 2 samples, mean = 3.0 (flags = 0x1)
0  ... 
3  --O                                                                       (2 = 100.0%) {0.0%}
4  ... 

Histogram: OptimizationGuide.ModelExecution.FeatureCurrentlyEnabledResult.PasswordChangeSubmission recorded 1 samples, mean = 3.0 (flags = 0x1)
0  ... 
3  -O                                                                        (1 = 100.0%) {0.0%}
4  ... 

Histogram: OptimizationGuide.ModelExecution.FeatureCurrentlyEnabledResult.WallpaperSearch recorded 1 samples, mean = 1.0 (flags = 0x1)
0  O                                                                         (0 = 0.0%)
1  -O                                                                        (1 = 100.0%) {0.0%}
2  ... 

Histogram: OptimizationGuide.ModelExecution.FeatureEnabledAtStartup.Compose recorded 1 samples, mean = 0.0 (flags = 0x1)
0  -O                                                                        (1 = 100.0%)
1  ... 

Histogram: OptimizationGuide.ModelExecution.FeatureEnabledAtStartup.ContextualCueing recorded 1 samples, mean = 0.0 (flags = 0x1)
0  -O                                                                        (1 = 100.0%)
1  ... 

Histogram: OptimizationGuide.ModelExecution.FeatureEnabledAtStartup.Finds recorded 1 samples, mean = 0.0 (flags = 0x1)
0  -O                                                                        (1 = 100.0%)
1  ... 

Histogram: OptimizationGuide.ModelExecution.FeatureEnabledAtStartup.HistorySearch recorded 1 samples, mean = 0.0 (flags = 0x1)
0  -O                                                                        (1 = 100.0%)
1  ... 

Histogram: OptimizationGuide.ModelExecution.FeatureEnabledAtStartup.PasswordChangeSubmission recorded 1 samples, mean = 0.0 (flags = 0x1)
0  -O                                                                        (1 = 100.0%)
1  ... 

Histogram: OptimizationGuide.ModelExecution.FeatureEnabledAtStartup.WallpaperSearch recorded 1 samples, mean = 0.0 (flags = 0x1)
0  -O                                                                        (1 = 100.0%)
1  ... 

Histogram: OptimizationGuide.ModelExecution.OnDeviceAdaptationModelAvailability.Classifier recorded 1 samples, mean = 1.0 (flags = 0x1)
0  O                                                                         (0 = 0.0%)
1  -O                                                                        (1 = 100.0%) {0.0%}
2  ... 

Histogram: OptimizationGuide.ModelExecution.OnDeviceAdaptationModelAvailability.Compose recorded 1 samples, mean = 1.0 (flags = 0x1)
0  O                                                                         (0 = 0.0%)
1  -O                                                                        (1 = 100.0%) {0.0%}
2  ... 

Histogram: OptimizationGuide.ModelExecution.OnDeviceAdaptationModelAvailability.HistoryQueryIntent recorded 1 samples, mean = 1.0 (flags = 0x1)
0  O                                                                         (0 = 0.0%)
1  -O                                                                        (1 = 100.0%) {0.0%}
2  ... 

Histogram: OptimizationGuide.ModelExecution.OnDeviceAdaptationModelAvailability.HistorySearch recorded 1 samples, mean = 1.0 (flags = 0x1)
0  O                                                                         (0 = 0.0%)
1  -O                                                                        (1 = 100.0%) {0.0%}
2  ... 

Histogram: OptimizationGuide.ModelExecution.OnDeviceAdaptationModelAvailability.OnDeviceSpeechRecognition recorded 1 samples, mean = 1.0 (flags = 0x1)
0  O                                                                         (0 = 0.0%)
1  -O                                                                        (1 = 100.0%) {0.0%}
2  ... 

Histogram: OptimizationGuide.ModelExecution.OnDeviceAdaptationModelAvailability.PermissionsAi recorded 1 samples, mean = 1.0 (flags = 0x1)
0  O                                                                         (0 = 0.0%)
1  -O                                                                        (1 = 100.0%) {0.0%}
2  ... 

Histogram: OptimizationGuide.ModelExecution.OnDeviceAdaptationModelAvailability.PromptApi recorded 1 samples, mean = 1.0 (flags = 0x1)
0  O                                                                         (0 = 0.0%)
1  -O                                                                        (1 = 100.0%) {0.0%}
2  ... 

Histogram: OptimizationGuide.ModelExecution.OnDeviceAdaptationModelAvailability.ProofreaderApi recorded 1 samples, mean = 1.0 (flags = 0x1)
0  O                                                                         (0 = 0.0%)
1  -O                                                                        (1 = 100.0%) {0.0%}
2  ... 

Histogram: OptimizationGuide.ModelExecution.OnDeviceAdaptationModelAvailability.ScamDetection recorded 1 samples, mean = 1.0 (flags = 0x1)
0  O                                                                         (0 = 0.0%)
1  -O                                                                        (1 = 100.0%) {0.0%}
2  ... 

Histogram: OptimizationGuide.ModelExecution.OnDeviceAdaptationModelAvailability.SpeechRecognitionSmallExpertModel recorded 1 samples, mean = 1.0 (flags = 0x1)
0  O                                                                         (0 = 0.0%)
1  -O                                                                        (1 = 100.0%) {0.0%}
2  ... 

Histogram: OptimizationGuide.ModelExecution.OnDeviceAdaptationModelAvailability.Summarize recorded 1 samples, mean = 1.0 (flags = 0x1)
0  O                                                                         (0 = 0.0%)
1  -O                                                                        (1 = 100.0%) {0.0%}
2  ... 

Histogram: OptimizationGuide.ModelExecution.OnDeviceAdaptationModelAvailability.Test recorded 1 samples, mean = 1.0 (flags = 0x1)
0  O                                                                         (0 = 0.0%)
1  -O                                                                        (1 = 100.0%) {0.0%}
2  ... 

Histogram: OptimizationGuide.ModelExecution.OnDeviceAdaptationModelAvailability.WritingAssistanceApi recorded 1 samples, mean = 1.0 (flags = 0x1)
0  O                                                                         (0 = 0.0%)
1  -O                                                                        (1 = 100.0%) {0.0%}
2  ... 

Histogram: OptimizationGuide.ModelExecution.OnDeviceModelToBeInstalledReason.Classifier recorded 1 samples, mean = 5.0 (flags = 0x1)
0  ... 
5  -O                                                                        (1 = 100.0%) {0.0%}
6  ... 

Histogram: OptimizationGuide.ModelExecution.OnDeviceModelToBeInstalledReason.Compose recorded 1 samples, mean = 5.0 (flags = 0x1)
0  ... 
5  -O                                                                        (1 = 100.0%) {0.0%}
6  ... 

Histogram: OptimizationGuide.ModelExecution.OnDeviceModelToBeInstalledReason.HistoryQueryIntent recorded 1 samples, mean = 5.0 (flags = 0x1)
0  ... 
5  -O                                                                        (1 = 100.0%) {0.0%}
6  ... 

Histogram: OptimizationGuide.ModelExecution.OnDeviceModelToBeInstalledReason.HistorySearch recorded 1 samples, mean = 5.0 (flags = 0x1)
0  ... 
5  -O                                                                        (1 = 100.0%) {0.0%}
6  ... 

Histogram: OptimizationGuide.ModelExecution.OnDeviceModelToBeInstalledReason.OnDeviceSpeechRecognition recorded 1 samples, mean = 5.0 (flags = 0x1)
0  ... 
5  -O                                                                        (1 = 100.0%) {0.0%}
6  ... 

Histogram: OptimizationGuide.ModelExecution.OnDeviceModelToBeInstalledReason.PermissionsAi recorded 1 samples, mean = 5.0 (flags = 0x1)
0  ... 
5  -O                                                                        (1 = 100.0%) {0.0%}
6  ... 

Histogram: OptimizationGuide.ModelExecution.OnDeviceModelToBeInstalledReason.PromptApi recorded 1 samples, mean = 5.0 (flags = 0x1)
0  ... 
5  -O                                                                        (1 = 100.0%) {0.0%}
6  ... 

Histogram: OptimizationGuide.ModelExecution.OnDeviceModelToBeInstalledReason.ProofreaderApi recorded 1 samples, mean = 5.0 (flags = 0x1)
0  ... 
5  -O                                                                        (1 = 100.0%) {0.0%}
6  ... 

Histogram: OptimizationGuide.ModelExecution.OnDeviceModelToBeInstalledReason.ScamDetection recorded 1 samples, mean = 5.0 (flags = 0x1)
0  ... 
5  -O                                                                        (1 = 100.0%) {0.0%}
6  ... 

Histogram: OptimizationGuide.ModelExecution.OnDeviceModelToBeInstalledReason.SpeechRecognitionSmallExpertModel recorded 1 samples, mean = 5.0 (flags = 0x1)
0  ... 
5  -O                                                                        (1 = 100.0%) {0.0%}
6  ... 

Histogram: OptimizationGuide.ModelExecution.OnDeviceModelToBeInstalledReason.Summarize recorded 1 samples, mean = 5.0 (flags = 0x1)
0  ... 
5  -O                                                                        (1 = 100.0%) {0.0%}
6  ... 

Histogram: OptimizationGuide.ModelExecution.OnDeviceModelToBeInstalledReason.Test recorded 1 samples, mean = 5.0 (flags = 0x1)
0  ... 
5  -O                                                                        (1 = 100.0%) {0.0%}
6  ... 

Histogram: OptimizationGuide.ModelExecution.OnDeviceModelToBeInstalledReason.WritingAssistanceApi recorded 1 samples, mean = 5.0 (flags = 0x1)
0  ... 
5  -O                                                                        (1 = 100.0%) {0.0%}
6  ... 

Histogram: OptimizationGuide.ModelHandler.HandlerCreated.GeolocationPermissions recorded 1 samples, mean = 1.0 (flags = 0x1)
0  O                                                                         (0 = 0.0%)
1  -O                                                                        (1 = 100.0%) {0.0%}
2  O                                                                         (0 = 0.0%) {100.0%}

Histogram: OptimizationGuide.ModelHandler.HandlerCreated.NotificationPermissions recorded 1 samples, mean = 1.0 (flags = 0x1)
0  O                                                                         (0 = 0.0%)
1  -O                                                                        (1 = 100.0%) {0.0%}
2  O                                                                         (0 = 0.0%) {100.0%}

Histogram: OptimizationGuide.ModelHandler.HandlerCreated.OmniboxUrlScoring recorded 1 samples, mean = 1.0 (flags = 0x1)
0  O                                                                         (0 = 0.0%)
1  -O                                                                        (1 = 100.0%) {0.0%}
2  O                                                                         (0 = 0.0%) {100.0%}

Histogram: OptimizationGuide.ModelHandler.HandlerCreated.PageVisibility recorded 1 samples, mean = 1.0 (flags = 0x1)
0  O                                                                         (0 = 0.0%)
1  -O                                                                        (1 = 100.0%) {0.0%}
2  O                                                                         (0 = 0.0%) {100.0%}

Histogram: OptimizationGuide.ModelHandler.HandlerCreated.SegmentationChromeLowUserEngagement recorded 1 samples, mean = 1.0 (flags = 0x1)
0  O                                                                         (0 = 0.0%)
1  -O                                                                        (1 = 100.0%) {0.0%}
2  O                                                                         (0 = 0.0%) {100.0%}

Histogram: OptimizationGuide.ModelHandler.HandlerCreated.SegmentationComposePromotion recorded 1 samples, mean = 1.0 (flags = 0x1)
0  O                                                                         (0 = 0.0%)
1  -O                                                                        (1 = 100.0%) {0.0%}
2  O                                                                         (0 = 0.0%) {100.0%}

Histogram: OptimizationGuide.ModelHandler.HandlerCreated.SegmentationDeviceSwitcher recorded 1 samples, mean = 1.0 (flags = 0x1)
0  O                                                                         (0 = 0.0%)
1  -O                                                                        (1 = 100.0%) {0.0%}
2  O                                                                         (0 = 0.0%) {100.0%}

Histogram: OptimizationGuide.ModelHandler.HandlerCreated.SegmentationSearchUser recorded 1 samples, mean = 1.0 (flags = 0x1)
0  O                                                                         (0 = 0.0%)
1  -O                                                                        (1 = 100.0%) {0.0%}
2  O                                                                         (0 = 0.0%) {100.0%}

Histogram: OptimizationGuide.ModelHandler.HandlerCreated.SegmentationShoppingUser recorded 1 samples, mean = 1.0 (flags = 0x1)
0  O                                                                         (0 = 0.0%)
1  -O                                                                        (1 = 100.0%) {0.0%}
2  O                                                                         (0 = 0.0%) {100.0%}

Histogram: OptimizationGuide.ModelHandler.HandlerCreated.URLVisitResumptionRanker recorded 1 samples, mean = 1.0 (flags = 0x1)
0  O                                                                         (0 = 0.0%)
1  -O                                                                        (1 = 100.0%) {0.0%}
2  O                                                                         (0 = 0.0%) {100.0%}

Histogram: OptimizationGuide.OnDeviceModel.OnDeviceModelComponentInstantiated recorded 1 samples, mean = 1.0 (flags = 0x1)
0  O                                                                         (0 = 0.0%)
1  -O                                                                        (1 = 100.0%) {0.0%}
2  O                                                                         (0 = 0.0%) {100.0%}

Histogram: OptimizationGuide.PageContentAnnotations.AnnotateVisitResultCached recorded 2 samples, mean = 0.0 (flags = 0x1)
0  --O                                                                       (2 = 100.0%)
1  ... 

Histogram: OptimizationGuide.PageContentExtraction.EnablementSourcePerNavigation recorded 3 samples, mean = 2.0 (flags = 0x1)
0  ... 
2  ---O                                                                      (3 = 100.0%) {0.0%}
3  ... 

Histogram: OptimizationGuide.PageContentExtraction.NavigationToReadyLatency.CrossDocument recorded 1 samples, mean = 285.0 (flags = 0x1)
0    ... 
268  -O                                                                        (1 = 100.0%) {0.0%}
318  ... 

Histogram: OptimizationGuide.PageContentExtraction.ObserverCountPerNavigation recorded 3 samples, mean = 1.0 (flags = 0x1)
0  O                                                                         (0 = 0.0%)
1  ---O                                                                      (3 = 100.0%) {0.0%}
2  ... 

Histogram: OptimizationGuide.PredictionManager.ModelAvailableAtRegistration.ClientSidePhishing recorded 1 samples, mean = 0.0 (flags = 0x1)
0  -O                                                                        (1 = 100.0%)
1  ... 

Histogram: OptimizationGuide.PredictionManager.ModelAvailableAtRegistration.GeolocationPermissions recorded 1 samples, mean = 0.0 (flags = 0x1)
0  -O                                                                        (1 = 100.0%)
1  ... 

Histogram: OptimizationGuide.PredictionManager.ModelAvailableAtRegistration.LanguageDetection recorded 1 samples, mean = 0.0 (flags = 0x1)
0  -O                                                                        (1 = 100.0%)
1  ... 

Histogram: OptimizationGuide.PredictionManager.ModelAvailableAtRegistration.NotificationPermissions recorded 1 samples, mean = 0.0 (flags = 0x1)
0  -O                                                                        (1 = 100.0%)
1  ... 

Histogram: OptimizationGuide.PredictionManager.ModelAvailableAtRegistration.OmniboxOnDeviceTailSuggest recorded 1 samples, mean = 0.0 (flags = 0x1)
0  -O                                                                        (1 = 100.0%)
1  ... 

Histogram: OptimizationGuide.PredictionManager.ModelAvailableAtRegistration.OmniboxUrlScoring recorded 1 samples, mean = 0.0 (flags = 0x1)
0  -O                                                                        (1 = 100.0%)
1  ... 

Histogram: OptimizationGuide.PredictionManager.ModelAvailableAtRegistration.PageVisibility recorded 1 samples, mean = 0.0 (flags = 0x1)
0  -O                                                                        (1 = 100.0%)
1  ... 

Histogram: OptimizationGuide.PredictionManager.ModelAvailableAtRegistration.PassageEmbedder recorded 1 samples, mean = 0.0 (flags = 0x1)
0  -O                                                                        (1 = 100.0%)
1  ... 

Histogram: OptimizationGuide.PredictionManager.ModelAvailableAtRegistration.SegmentationChromeLowUserEngagement recorded 1 samples, mean = 0.0 (flags = 0x1)
0  -O                                                                        (1 = 100.0%)
1  ... 

Histogram: OptimizationGuide.PredictionManager.ModelAvailableAtRegistration.SegmentationComposePromotion recorded 1 samples, mean = 0.0 (flags = 0x1)
0  -O                                                                        (1 = 100.0%)
1  ... 

Histogram: OptimizationGuide.PredictionManager.ModelAvailableAtRegistration.SegmentationDeviceSwitcher recorded 1 samples, mean = 0.0 (flags = 0x1)
0  -O                                                                        (1 = 100.0%)
1  ... 

Histogram: OptimizationGuide.PredictionManager.ModelAvailableAtRegistration.SegmentationSearchUser recorded 1 samples, mean = 0.0 (flags = 0x1)
0  -O                                                                        (1 = 100.0%)
1  ... 

Histogram: OptimizationGuide.PredictionManager.ModelAvailableAtRegistration.SegmentationShoppingUser recorded 1 samples, mean = 0.0 (flags = 0x1)
0  -O                                                                        (1 = 100.0%)
1  ... 

Histogram: OptimizationGuide.PredictionManager.ModelAvailableAtRegistration.URLVisitResumptionRanker recorded 1 samples, mean = 0.0 (flags = 0x1)
0  -O                                                                        (1 = 100.0%)
1  ... 

Histogram: OptimizationGuide.PredictionManager.StoreInitialized recorded 1 samples, mean = 1.0
0  O                                                                         (0 = 0.0%)
1  -O                                                                        (1 = 100.0%) {0.0%}
2  O                                                                         (0 = 0.0%) {100.0%}

Histogram: OptimizationGuide.ProcessingComponentAtShutdown recorded 1 samples, mean = 0.0 (flags = 0x1)
0  -O                                                                        (1 = 100.0%)
1  ... 

Histogram: OptimizationGuide.RemoteFetchingEnabled recorded 1 samples, mean = 0.0 (flags = 0x1)
0  -O                                                                        (1 = 100.0%)
1  ... 

Histogram: OriginTrials.PersistentOriginTrial.LevelDbInitSuccess recorded 1 samples, mean = 1.0 (flags = 0x1)
0  O                                                                         (0 = 0.0%)
1  -O                                                                        (1 = 100.0%) {0.0%}
2  O                                                                         (0 = 0.0%) {100.0%}

Histogram: OriginTrials.PersistentOriginTrial.LevelDbLoadSize recorded 1 samples, mean = 0.0 (flags = 0x1)
0  -O                                                                        (1 = 100.0%)
1  ... 

Histogram: OriginTrials.PersistentOriginTrial.LevelDbLoadSuccess recorded 1 samples, mean = 1.0 (flags = 0x1)
0  O                                                                         (0 = 0.0%)
1  -O                                                                        (1 = 100.0%) {0.0%}
2  O                                                                         (0 = 0.0%) {100.0%}

Histogram: OriginTrials.PersistentOriginTrial.LevelDbLoadTime recorded 1 samples, mean = 470.0 (flags = 0x1)
0    ... 
449  -O                                                                        (1 = 100.0%) {0.0%}
533  ... 

Histogram: OriginTrials.PersistentOriginTrial.OriginLookupsBeforeDbLoad recorded 1 samples, mean = 3.0 (flags = 0x1)
0  ... 
3  -O                                                                        (1 = 100.0%) {0.0%}
4  ... 

Histogram: OriginTrials.PersistentOriginTrial.OriginsAddedBeforeDbLoad recorded 1 samples, mean = 0.0 (flags = 0x1)
0  -O                                                                        (1 = 100.0%)
1  ... 

Histogram: PageActionController.ActionTypeShown2 recorded 1 samples, mean = 0.0 (flags = 0x1)
0  -O                                                                        (1 = 100.0%)
1  ... 

Histogram: PageActionController.AddressAutofill.ShownPerNavigation recorded 2 samples, mean = 0.0 (flags = 0x1)
0  --O                                                                       (2 = 100.0%)
1  ... 

Histogram: PageActionController.AiMode.ShownPerNavigation recorded 2 samples, mean = 0.0 (flags = 0x1)
0  --O                                                                       (2 = 100.0%)
1  ... 

Histogram: PageActionController.BookmarksStar.Icon.CTR2 recorded 1 samples, mean = 0.0 (flags = 0x1)
0  -O                                                                        (1 = 100.0%)
1  ... 

Histogram: PageActionController.BookmarksStar.ShownPerNavigation recorded 2 samples, mean = 0.5 (flags = 0x1)
0  -O                                                                        (1 = 50.0%)
1  -O                                                                        (1 = 50.0%) {50.0%}
2  O                                                                         (0 = 0.0%) {100.0%}

Histogram: PageActionController.CookieControls.ShownPerNavigation recorded 2 samples, mean = 0.0 (flags = 0x1)
0  --O                                                                       (2 = 100.0%)
1  ... 

Histogram: PageActionController.Discounts.ShownPerNavigation recorded 2 samples, mean = 0.0 (flags = 0x1)
0  --O                                                                       (2 = 100.0%)
1  ... 

Histogram: PageActionController.FakePageActionForDebug.ShownPerNavigation recorded 2 samples, mean = 0.0 (flags = 0x1)
0  --O                                                                       (2 = 100.0%)
1  ... 

Histogram: PageActionController.Federation.ShownPerNavigation recorded 2 samples, mean = 0.0 (flags = 0x1)
0  --O                                                                       (2 = 100.0%)
1  ... 

Histogram: PageActionController.FilledCardInformation.ShownPerNavigation recorded 2 samples, mean = 0.0 (flags = 0x1)
0  --O                                                                       (2 = 100.0%)
1  ... 

Histogram: PageActionController.Find.ShownPerNavigation recorded 2 samples, mean = 0.0 (flags = 0x1)
0  --O                                                                       (2 = 100.0%)
1  ... 

Histogram: PageActionController.Glic.ShownPerNavigation recorded 2 samples, mean = 0.0 (flags = 0x1)
0  --O                                                                       (2 = 100.0%)
1  ... 

Histogram: PageActionController.Icon.CTR2 recorded 1 samples, mean = 0.0 (flags = 0x1)
0  -O                                                                        (1 = 100.0%)
1  ... 

Histogram: PageActionController.IntentPicker.ShownPerNavigation recorded 2 samples, mean = 0.0 (flags = 0x1)
0  --O                                                                       (2 = 100.0%)
1  ... 

Histogram: PageActionController.JsOptimizations.ShownPerNavigation recorded 2 samples, mean = 0.0 (flags = 0x1)
0  --O                                                                       (2 = 100.0%)
1  ... 

Histogram: PageActionController.LensOverlay.ShownPerNavigation recorded 2 samples, mean = 0.0 (flags = 0x1)
0  --O                                                                       (2 = 100.0%)
1  ... 

Histogram: PageActionController.LensOverlayHomework.ShownPerNavigation recorded 2 samples, mean = 0.0 (flags = 0x1)
0  --O                                                                       (2 = 100.0%)
1  ... 

Histogram: PageActionController.ManagePasswords.ShownPerNavigation recorded 2 samples, mean = 0.0 (flags = 0x1)
0  --O                                                                       (2 = 100.0%)
1  ... 

Histogram: PageActionController.MandatoryReauth.ShownPerNavigation recorded 2 samples, mean = 0.0 (flags = 0x1)
0  --O                                                                       (2 = 100.0%)
1  ... 

Histogram: PageActionController.MemorySaver.ShownPerNavigation recorded 2 samples, mean = 0.0 (flags = 0x1)
0  --O                                                                       (2 = 100.0%)
1  ... 

Histogram: PageActionController.NumberActionsShown2 recorded 6 samples, mean = 0.0 (flags = 0x1)
0  ------O                                                                   (6 = 100.0%)
1  ... 

Histogram: PageActionController.PagesWithActionsShown2 recorded 6 samples, mean = 0.0 (flags = 0x1)
0  ------O                                                                   (6 = 100.0%)
1  ... 

Histogram: PageActionController.PaymentsChurnedUsers.ShownPerNavigation recorded 2 samples, mean = 0.0 (flags = 0x1)
0  --O                                                                       (2 = 100.0%)
1  ... 

Histogram: PageActionController.PaymentsOfferNotification.ShownPerNavigation recorded 2 samples, mean = 0.0 (flags = 0x1)
0  --O                                                                       (2 = 100.0%)
1  ... 

Histogram: PageActionController.PriceInsights.ShownPerNavigation recorded 2 samples, mean = 0.0 (flags = 0x1)
0  --O                                                                       (2 = 100.0%)
1  ... 

Histogram: PageActionController.PwaInstall.ShownPerNavigation recorded 2 samples, mean = 0.0 (flags = 0x1)
0  --O                                                                       (2 = 100.0%)
1  ... 

Histogram: PageActionController.ReadingMode.ShownPerNavigation recorded 2 samples, mean = 0.0 (flags = 0x1)
0  --O                                                                       (2 = 100.0%)
1  ... 

Histogram: PageActionController.SavePayments.ShownPerNavigation recorded 2 samples, mean = 0.0 (flags = 0x1)
0  --O                                                                       (2 = 100.0%)
1  ... 

Histogram: PageActionController.ShowCollaborationRecentActivity.ShownPerNavigation recorded 2 samples, mean = 0.0 (flags = 0x1)
0  --O                                                                       (2 = 100.0%)
1  ... 

Histogram: PageActionController.ShowFileSystemAccess.ShownPerNavigation recorded 2 samples, mean = 0.0 (flags = 0x1)
0  --O                                                                       (2 = 100.0%)
1  ... 

Histogram: PageActionController.Translate.ShownPerNavigation recorded 2 samples, mean = 0.0 (flags = 0x1)
0  --O                                                                       (2 = 100.0%)
1  ... 

Histogram: PageActionController.VirtualCardEnroll.ShownPerNavigation recorded 2 samples, mean = 0.0 (flags = 0x1)
0  --O                                                                       (2 = 100.0%)
1  ... 

Histogram: PageActionController.WebAuthnAmbientSignin.ShownPerNavigation recorded 2 samples, mean = 0.0 (flags = 0x1)
0  --O                                                                       (2 = 100.0%)
1  ... 

Histogram: PageActionController.Zoom.ShownPerNavigation recorded 2 samples, mean = 0.0 (flags = 0x1)
0  --O                                                                       (2 = 100.0%)
1  ... 

Histogram: PageContentAnnotations.AnnotateVisit.AnnotationRequestQueued recorded 2 samples, mean = 1.0
0  O                                                                         (0 = 0.0%)
1  --O                                                                       (2 = 100.0%) {0.0%}
2  O                                                                         (0 = 0.0%) {100.0%}

Histogram: PageContentAnnotations.AnnotateVisit.AnnotationRequested recorded 2 samples, mean = 1.0
0  O                                                                         (0 = 0.0%)
1  --O                                                                       (2 = 100.0%) {0.0%}
2  O                                                                         (0 = 0.0%) {100.0%}

Histogram: PageLoad.Clients.Ads.AllPages.NonAdNetworkBytes recorded 2 samples, mean = 52.0 (flags = 0x1)
0   -O                                                                        (1 = 50.0%)
1   ... 
83  -O                                                                        (1 = 50.0%) {50.0%}
108 ... 

Histogram: PageLoad.Clients.Ads.AllPages.PercentNetworkBytesAds recorded 2 samples, mean = 0.0 (flags = 0x1)
0  --O                                                                       (2 = 100.0%)
1  ... 

Histogram: PageLoad.Clients.Ads.AllPages.PercentTotalBytesAds recorded 2 samples, mean = 0.0 (flags = 0x1)
0  --O                                                                       (2 = 100.0%)
1  ... 

Histogram: PageLoad.Clients.Ads.AverageViewportAdCountX100 recorded 2 samples, mean = 0.0 (flags = 0x1)
0  --O                                                                       (2 = 100.0%)
1  ... 

Histogram: PageLoad.Clients.Ads.AverageViewportAdDensity recorded 2 samples, mean = 0.0 (flags = 0x1)
0  --O                                                                       (2 = 100.0%)
1  ... 

Histogram: PageLoad.Clients.Ads.FrameCounts.AdFrames.Total recorded 2 samples, mean = 0.0 (flags = 0x1)
0  --O                                                                       (2 = 100.0%)
1  ... 

Histogram: PageLoad.Clients.Ads.NonVisible.FrameCounts.AdFrames.Total recorded 2 samples, mean = 0.0 (flags = 0x1)
0  --O                                                                       (2 = 100.0%)
1  ... 

Histogram: PageLoad.Clients.Ads.Visible.FrameCounts.AdFrames.Total recorded 2 samples, mean = 0.0 (flags = 0x1)
0  --O                                                                       (2 = 100.0%)
1  ... 

Histogram: PageLoad.Clients.CrossOrigin.LayoutInstability.CumulativeShiftScore recorded 1 samples, mean = 0.0 (flags = 0x1)
0  -O                                                                        (1 = 100.0%)
1  ... 

Histogram: PageLoad.Clients.CrossOrigin.LayoutInstability.CumulativeShiftScore.MainFrame recorded 1 samples, mean = 0.0 (flags = 0x1)
0  -O                                                                        (1 = 100.0%)
1  ... 

Histogram: PageLoad.Clients.GoogleSearch.IsFirstNavigationForGWS recorded 1 samples, mean = 0.0 (flags = 0x1)
0  -O                                                                        (1 = 100.0%)
1  ... 

Histogram: PageLoad.Clients.Leakage2.AbandonReasonAt.ParseStart recorded 1 samples, mean = 13.0 (flags = 0x1)
0   ... 
13  -O                                                                        (1 = 100.0%) {0.0%}
14  ... 

Histogram: PageLoad.Clients.Leakage2.BrowserNavToNewOtherNavigationRendererInitiated recorded 1 samples, mean = 194.0 (flags = 0x1)
0    ... 
184  -O                                                                        (1 = 100.0%) {0.0%}
206  ... 

Histogram: PageLoad.Clients.Leakage2.LastMilestoneBeforeAbandon recorded 1 samples, mean = 11.0 (flags = 0x1)
0   ... 
11  -O                                                                        (1 = 100.0%) {0.0%}
12  ... 

Histogram: PageLoad.Clients.Leakage2.LastMilestoneBeforeAbandon.NewOtherNavigationRendererInitiated recorded 1 samples, mean = 11.0 (flags = 0x1)
0   ... 
11  -O                                                                        (1 = 100.0%) {0.0%}
12  ... 

Histogram: PageLoad.Clients.Leakage2.NavigationStart recorded 2 samples, mean = 111.5 (flags = 0x1)
0    ... 
60   -O                                                                        (1 = 50.0%) {0.0%}
67   ... 
147  -O                                                                        (1 = 50.0%) {50.0%}
164  ... 

Histogram: PageLoad.Clients.Leakage2.NavigationStartToCommitReceived recorded 2 samples, mean = 89.5 (flags = 0x1)
0    ... 
43   -O                                                                        (1 = 50.0%) {0.0%}
48   ... 
131  -O                                                                        (1 = 50.0%) {50.0%}
147  ... 

Histogram: PageLoad.Clients.Leakage2.NavigationStartToCommitReplySent recorded 2 samples, mean = 95.0 (flags = 0x1)
0    ... 
48   -O                                                                        (1 = 50.0%) {0.0%}
54   ... 
131  -O                                                                        (1 = 50.0%) {50.0%}
147  ... 

Histogram: PageLoad.Clients.Leakage2.NavigationStartToCommitSent recorded 2 samples, mean = 88.5 (flags = 0x1)
0    ... 
43   -O                                                                        (1 = 50.0%) {0.0%}
48   ... 
131  -O                                                                        (1 = 50.0%) {50.0%}
147  ... 

Histogram: PageLoad.Clients.Leakage2.NavigationStartToDOMContentLoaded recorded 1 samples, mean = 170.0 (flags = 0x1)
0    ... 
164  -O                                                                        (1 = 100.0%) {0.0%}
184  ... 

Histogram: PageLoad.Clients.Leakage2.NavigationStartToDidCommit recorded 2 samples, mean = 109.0 (flags = 0x1)
0    ... 
60   -O                                                                        (1 = 50.0%) {0.0%}
67   ... 
147  -O                                                                        (1 = 50.0%) {50.0%}
164  ... 

Histogram: PageLoad.Clients.Leakage2.NavigationStartToFirstContentfulPaint recorded 1 samples, mean = 337.0 (flags = 0x1)
0    ... 
322  -O                                                                        (1 = 100.0%) {0.0%}
360  ... 

Histogram: PageLoad.Clients.Leakage2.NavigationStartToLargestContentfulPaint recorded 1 samples, mean = 337.0 (flags = 0x1)
0    ... 
322  -O                                                                        (1 = 100.0%) {0.0%}
360  ... 

Histogram: PageLoad.Clients.Leakage2.NavigationStartToLoadEventStarted recorded 1 samples, mean = 171.0 (flags = 0x1)
0    ... 
164  -O                                                                        (1 = 100.0%) {0.0%}
184  ... 

Histogram: PageLoad.Clients.Leakage2.NavigationStartToLoaderStart recorded 2 samples, mean = 11.5 (flags = 0x1)
0   -O                                                                        (1 = 50.0%)
10  ... 
19  -O                                                                        (1 = 50.0%) {50.0%}
21  ... 

Histogram: PageLoad.Clients.Leakage2.NavigationStartToNonRedirectResponseLoaderCallback recorded 2 samples, mean = 83.0 (flags = 0x1)
0    ... 
38   -O                                                                        (1 = 50.0%) {0.0%}
43   ... 
117  -O                                                                        (1 = 50.0%) {50.0%}
131  ... 

Histogram: PageLoad.Clients.Leakage2.NavigationStartToNonRedirectResponseStart recorded 2 samples, mean = 82.0 (flags = 0x1)
0    ... 
38   -O                                                                        (1 = 50.0%) {0.0%}
43   ... 
117  -O                                                                        (1 = 50.0%) {50.0%}
131  ... 

Histogram: PageLoad.Clients.Leakage2.NavigationStartToNonRedirectedRequestStart recorded 2 samples, mean = 80.5 (flags = 0x1)
0    ... 
34   -O                                                                        (1 = 50.0%) {0.0%}
38   ... 
117  -O                                                                        (1 = 50.0%) {50.0%}
131  ... 

Histogram: PageLoad.Clients.Leakage2.NavigationStartToParseStart recorded 2 samples, mean = 96.0 (flags = 0x1)
0    ... 
48   -O                                                                        (1 = 50.0%) {0.0%}
54   ... 
131  -O                                                                        (1 = 50.0%) {50.0%}
147  ... 

Histogram: PageLoad.Clients.Leakage2.ParseStartToAbandon recorded 1 samples, mean = 52.0 (flags = 0x1)
0   ... 
48  -O                                                                        (1 = 100.0%) {0.0%}
54  ... 

Histogram: PageLoad.Clients.Leakage2.ParseStartToAbandon.NewOtherNavigationRendererInitiated recorded 1 samples, mean = 52.0 (flags = 0x1)
0   ... 
48  -O                                                                        (1 = 100.0%) {0.0%}
54  ... 

Histogram: PageLoad.Clients.Leakage2.RendererProcessCreatedBeforeNav recorded 2 samples, mean = 1.0 (flags = 0x1)
0  O                                                                         (0 = 0.0%)
1  --O                                                                       (2 = 100.0%) {0.0%}
2  O                                                                         (0 = 0.0%) {100.0%}

Histogram: PageLoad.Clients.Leakage2.TimeToAbandonFromNavigationStart.ParseStart recorded 1 samples, mean = 194.0 (flags = 0x1)
0    ... 
184  -O                                                                        (1 = 100.0%) {0.0%}
206  ... 

Histogram: PageLoad.Clients.MultiTabLoading.WithTabCount_1.DocumentTiming.NavigationToDOMContentLoadedEventFired recorded 1 samples, mean = 170.0 (flags = 0x1)
0    ... 
164  -O                                                                        (1 = 100.0%) {0.0%}
184  ... 

Histogram: PageLoad.Clients.MultiTabLoading.WithTabCount_1.DocumentTiming.NavigationToLoadEventFired recorded 1 samples, mean = 171.0 (flags = 0x1)
0    ... 
164  -O                                                                        (1 = 100.0%) {0.0%}
184  ... 

Histogram: PageLoad.Clients.MultiTabLoading.WithTabCount_1.Experimental.PaintTiming.NavigationToFirstMeaningfulPaint recorded 1 samples, mean = 337.0 (flags = 0x1)
0    ... 
322  -O                                                                        (1 = 100.0%) {0.0%}
360  ... 

Histogram: PageLoad.Clients.MultiTabLoading.WithTabCount_1.PaintTiming.NavigationToFirstContentfulPaint recorded 1 samples, mean = 337.0 (flags = 0x1)
0    ... 
322  -O                                                                        (1 = 100.0%) {0.0%}
360  ... 

Histogram: PageLoad.Clients.MultiTabLoading.WithTabCount_1.PaintTiming.NavigationToLargestContentfulPaint recorded 1 samples, mean = 337.0 (flags = 0x1)
0    ... 
322  -O                                                                        (1 = 100.0%) {0.0%}
360  ... 

Histogram: PageLoad.Clients.MultiTabLoading.With_0_OtherLoading.DocumentTiming.NavigationToDOMContentLoadedEventFired recorded 1 samples, mean = 170.0 (flags = 0x1)
0    ... 
164  -O                                                                        (1 = 100.0%) {0.0%}
184  ... 

Histogram: PageLoad.Clients.MultiTabLoading.With_0_OtherLoading.DocumentTiming.NavigationToLoadEventFired recorded 1 samples, mean = 171.0 (flags = 0x1)
0    ... 
164  -O                                                                        (1 = 100.0%) {0.0%}
184  ... 

Histogram: PageLoad.Clients.MultiTabLoading.With_0_OtherLoading.Experimental.PaintTiming.NavigationToFirstMeaningfulPaint recorded 1 samples, mean = 337.0 (flags = 0x1)
0    ... 
322  -O                                                                        (1 = 100.0%) {0.0%}
360  ... 

Histogram: PageLoad.Clients.MultiTabLoading.With_0_OtherLoading.PaintTiming.NavigationToFirstContentfulPaint recorded 1 samples, mean = 337.0 (flags = 0x1)
0    ... 
322  -O                                                                        (1 = 100.0%) {0.0%}
360  ... 

Histogram: PageLoad.Clients.MultiTabLoading.With_0_OtherLoading.PaintTiming.NavigationToLargestContentfulPaint recorded 1 samples, mean = 337.0 (flags = 0x1)
0    ... 
322  -O                                                                        (1 = 100.0%) {0.0%}
360  ... 

Histogram: PageLoad.Clients.NavigationToFirstContentfulPaint.Timeout3 recorded 1 samples, mean = 0.0 (flags = 0x1)
0  -O                                                                        (1 = 100.0%)
1  ... 

Histogram: PageLoad.Clients.PerformanceManager.NavigationWithoutLoadedIdle recorded 2 samples, mean = 349.0 (flags = 0x1)
0    ... 
173  -O                                                                        (1 = 50.0%) {0.0%}
220  ... 
452  -O                                                                        (1 = 50.0%) {50.0%}
574  ... 

Histogram: PageLoad.Clients.PerformanceManager.NavigationWithoutLoadedIdle.Foreground recorded 2 samples, mean = 349.0 (flags = 0x1)
0    ... 
173  -O                                                                        (1 = 50.0%) {0.0%}
220  ... 
452  -O                                                                        (1 = 50.0%) {50.0%}
574  ... 

Histogram: PageLoad.Clients.Protocol.H11.DocumentTiming.NavigationToDOMContentLoadedEventFired recorded 1 samples, mean = 170.0 (flags = 0x1)
0    ... 
164  -O                                                                        (1 = 100.0%) {0.0%}
184  ... 

Histogram: PageLoad.Clients.Protocol.H11.DocumentTiming.NavigationToLoadEventFired recorded 1 samples, mean = 171.0 (flags = 0x1)
0    ... 
164  -O                                                                        (1 = 100.0%) {0.0%}
184  ... 

Histogram: PageLoad.Clients.Protocol.H11.Experimental.PaintTiming.NavigationToFirstMeaningfulPaint recorded 1 samples, mean = 337.0 (flags = 0x1)
0    ... 
322  -O                                                                        (1 = 100.0%) {0.0%}
360  ... 

Histogram: PageLoad.Clients.Protocol.H11.PaintTiming.NavigationToFirstContentfulPaint recorded 1 samples, mean = 337.0 (flags = 0x1)
0    ... 
322  -O                                                                        (1 = 100.0%) {0.0%}
360  ... 

Histogram: PageLoad.Clients.Protocol.H11.PaintTiming.ParseStartToFirstContentfulPaint recorded 1 samples, mean = 287.0 (flags = 0x1)
0    ... 
257  -O                                                                        (1 = 100.0%) {0.0%}
288  ... 

Histogram: PageLoad.Clients.Protocol.H11.ParseTiming.NavigationToParseStart recorded 2 samples, mean = 96.0 (flags = 0x1)
0    ... 
48   -O                                                                        (1 = 50.0%) {0.0%}
54   ... 
131  -O                                                                        (1 = 50.0%) {50.0%}
147  ... 

Histogram: PageLoad.Clients.SameOrigin.FirstContentfulPaint recorded 1 samples, mean = 337.0 (flags = 0x1)
0    ... 
322  -O                                                                        (1 = 100.0%) {0.0%}
360  ... 

Histogram: PageLoad.Clients.SameOrigin.LargestContentfulPaint recorded 1 samples, mean = 337.0 (flags = 0x1)
0    ... 
322  -O                                                                        (1 = 100.0%) {0.0%}
360  ... 

Histogram: PageLoad.Clients.SameOrigin.LayoutInstability.CumulativeShiftScore recorded 1 samples, mean = 0.0 (flags = 0x1)
0  -O                                                                        (1 = 100.0%)
1  ... 

Histogram: PageLoad.Clients.SameOrigin.LayoutInstability.CumulativeShiftScore.MainFrame recorded 1 samples, mean = 0.0 (flags = 0x1)
0  -O                                                                        (1 = 100.0%)
1  ... 

Histogram: PageLoad.Clients.Scheme.HTTP.Experimental.PaintTiming.NavigationToFirstMeaningfulPaint recorded 1 samples, mean = 337.0 (flags = 0x1)
0    ... 
322  -O                                                                        (1 = 100.0%) {0.0%}
360  ... 

Histogram: PageLoad.Clients.Scheme.HTTP.PaintTiming.NavigationToFirstContentfulPaint recorded 1 samples, mean = 337.0 (flags = 0x1)
0    ... 
322  -O                                                                        (1 = 100.0%) {0.0%}
360  ... 

Histogram: PageLoad.Clients.Scheme.HTTP.PaintTiming.ParseStartToFirstContentfulPaint recorded 1 samples, mean = 287.0 (flags = 0x1)
0    ... 
257  -O                                                                        (1 = 100.0%) {0.0%}
288  ... 

Histogram: PageLoad.Clients.Scheme.HTTP.ParseTiming.NavigationToParseStart recorded 2 samples, mean = 96.0 (flags = 0x1)
0    ... 
48   -O                                                                        (1 = 50.0%) {0.0%}
54   ... 
131  -O                                                                        (1 = 50.0%) {50.0%}
147  ... 

Histogram: PageLoad.Clients.ThirdParty.Origins.CookieRead2 recorded 2 samples, mean = 0.0 (flags = 0x1)
0  --O                                                                       (2 = 100.0%)
1  ... 

Histogram: PageLoad.CommittedPageIsDseSerp recorded 2 samples, mean = 0.0 (flags = 0x1)
0  --O                                                                       (2 = 100.0%)
1  ... 

Histogram: PageLoad.ConnectTiming.FirstRequestConnectDelay recorded 2 samples, mean = 0.0 (flags = 0x1)
0  --O                                                                       (2 = 100.0%)
10 ... 

Histogram: PageLoad.ConnectTiming.FirstRequestDomainLookupDelay recorded 2 samples, mean = 0.0 (flags = 0x1)
0  --O                                                                       (2 = 100.0%)
10 ... 

Histogram: PageLoad.ConnectTiming.FirstRequestSslDelay recorded 2 samples, mean = 0.0 (flags = 0x1)
0  --O                                                                       (2 = 100.0%)
10 ... 

Histogram: PageLoad.Cpu.TotalUsage recorded 2 samples, mean = 67.5 (flags = 0x1)
0    -O                                                                        (1 = 50.0%)
10   ... 
131  -O                                                                        (1 = 50.0%) {50.0%}
147  ... 

Histogram: PageLoad.Cpu.TotalUsageForegrounded recorded 2 samples, mean = 67.5 (flags = 0x1)
0    -O                                                                        (1 = 50.0%)
10   ... 
131  -O                                                                        (1 = 50.0%) {50.0%}
147  ... 

Histogram: PageLoad.DocumentTiming.ActualNavigationStartToDOMContentLoadedEventFired recorded 1 samples, mean = 171.0 (flags = 0x1)
0    ... 
164  -O                                                                        (1 = 100.0%) {0.0%}
186  ... 

Histogram: PageLoad.DocumentTiming.NavigationToDOMContentLoadedEventFired recorded 1 samples, mean = 170.0 (flags = 0x1)
0    ... 
164  -O                                                                        (1 = 100.0%) {0.0%}
184  ... 

Histogram: PageLoad.DocumentTiming.NavigationToLoadEventFired recorded 1 samples, mean = 171.0 (flags = 0x1)
0    ... 
164  -O                                                                        (1 = 100.0%) {0.0%}
184  ... 

Histogram: PageLoad.DocumentTiming.ParseStartToDOMContentLoadedEventFired recorded 1 samples, mean = 120.0 (flags = 0x1)
0    ... 
113  -O                                                                        (1 = 100.0%) {0.0%}
128  ... 

Histogram: PageLoad.Experimental.InputTiming.InputToNavigationStart.Coverage.WithoutUserGesture.RendererInitiated recorded 1 samples, mean = 0.0 (flags = 0x1)
0  -O                                                                        (1 = 100.0%)
1  ... 

Histogram: PageLoad.Experimental.NavigationTiming.FinalLoaderCallbackToNavigationCommitSent recorded 2 samples, mean = 5.0 (flags = 0x1)
0  --O                                                                       (2 = 100.0%)
10 ... 

Histogram: PageLoad.Experimental.NavigationTiming.FinalRequestStartToFinalResponseStart recorded 2 samples, mean = 1.5 (flags = 0x1)
0  --O                                                                       (2 = 100.0%)
10 ... 

Histogram: PageLoad.Experimental.NavigationTiming.FinalResponseStartToFinalLoaderCallback recorded 2 samples, mean = 0.0 (flags = 0x1)
0  --O                                                                       (2 = 100.0%)
10 ... 

Histogram: PageLoad.Experimental.NavigationTiming.FirstRequestStartToFirstResponseStart recorded 2 samples, mean = 1.5 (flags = 0x1)
0  --O                                                                       (2 = 100.0%)
10 ... 

Histogram: PageLoad.Experimental.NavigationTiming.FirstResponseStartToFirstLoaderCallback recorded 2 samples, mean = 0.0 (flags = 0x1)
0  --O                                                                       (2 = 100.0%)
10 ... 

Histogram: PageLoad.Experimental.NavigationTiming.NavigationStartToFinalLoaderCallback recorded 2 samples, mean = 83.0 (flags = 0x1)
0    ... 
38   -O                                                                        (1 = 50.0%) {0.0%}
43   ... 
117  -O                                                                        (1 = 50.0%) {50.0%}
131  ... 

Histogram: PageLoad.Experimental.NavigationTiming.NavigationStartToFinalResponseStart recorded 2 samples, mean = 82.0 (flags = 0x1)
0    ... 
38   -O                                                                        (1 = 50.0%) {0.0%}
43   ... 
117  -O                                                                        (1 = 50.0%) {50.0%}
131  ... 

Histogram: PageLoad.Experimental.NavigationTiming.NavigationStartToFirstLoaderCallback recorded 2 samples, mean = 83.0 (flags = 0x1)
0    ... 
38   -O                                                                        (1 = 50.0%) {0.0%}
43   ... 
117  -O                                                                        (1 = 50.0%) {50.0%}
131  ... 

Histogram: PageLoad.Experimental.NavigationTiming.NavigationStartToFirstRequestStart recorded 2 samples, mean = 80.5 (flags = 0x1)
0    ... 
34   -O                                                                        (1 = 50.0%) {0.0%}
38   ... 
117  -O                                                                        (1 = 50.0%) {50.0%}
131  ... 

Histogram: PageLoad.Experimental.NavigationTiming.NavigationStartToFirstResponseStart recorded 2 samples, mean = 82.0 (flags = 0x1)
0    ... 
38   -O                                                                        (1 = 50.0%) {0.0%}
43   ... 
117  -O                                                                        (1 = 50.0%) {50.0%}
131  ... 

Histogram: PageLoad.Experimental.NavigationTiming.NavigationStartToNavigationCommitSent recorded 2 samples, mean = 88.5 (flags = 0x1)
0    ... 
43   -O                                                                        (1 = 50.0%) {0.0%}
48   ... 
131  -O                                                                        (1 = 50.0%) {50.0%}
147  ... 

Histogram: PageLoad.Experimental.PageTiming.CommitSentToFirstSubresourceLoadStart recorded 1 samples, mean = 23.0 (flags = 0x1)
0   ... 
21  -O                                                                        (1 = 100.0%) {0.0%}
24  ... 

Histogram: PageLoad.Experimental.PageTiming.NavigationToFirstSubresourceLoadStart recorded 1 samples, mean = 67.0 (flags = 0x1)
0   ... 
67  -O                                                                        (1 = 100.0%) {0.0%}
75  ... 

Histogram: PageLoad.Experimental.PageTiming.ResourceLoadTime.document recorded 2 samples, mean = 70.5 (flags = 0x1)
0    ... 
16   -O                                                                        (1 = 50.0%) {0.0%}
20   ... 
107  -O                                                                        (1 = 50.0%) {50.0%}
136  ... 

Histogram: PageLoad.Experimental.PageTiming.ResourceLoadTime.image recorded 1 samples, mean = 11.0 (flags = 0x1)
0   ... 
10  -O                                                                        (1 = 100.0%) {0.0%}
13  ... 

Histogram: PageLoad.Experimental.PageTiming.ResourceLoadTime.script recorded 1 samples, mean = 46.0 (flags = 0x1)
0   ... 
41  -O                                                                        (1 = 100.0%) {0.0%}
52  ... 

Histogram: PageLoad.Experimental.PageTiming.ResourceLoadTime.style recorded 1 samples, mean = 45.0 (flags = 0x1)
0   ... 
41  -O                                                                        (1 = 100.0%) {0.0%}
52  ... 

Histogram: PageLoad.Experimental.PageVisitFinalStatus recorded 2 samples, mean = 1.5 (flags = 0x1)
0  O                                                                         (0 = 0.0%)
1  -O                                                                        (1 = 50.0%) {0.0%}
2  -O                                                                        (1 = 50.0%) {50.0%}
3  O                                                                         (0 = 0.0%) {100.0%}

Histogram: PageLoad.Experimental.SoftNavigations.Count recorded 2 samples, mean = 0.0 (flags = 0x1)
0  --O                                                                       (2 = 100.0%)
1  ... 

Histogram: PageLoad.Experimental.TotalForegroundDuration recorded 2 samples, mean = 349.0 (flags = 0x1)
0    ... 
203  -O                                                                        (1 = 50.0%) {0.0%}
231  ... 
444  -O                                                                        (1 = 50.0%) {50.0%}
506  ... 

Histogram: PageLoad.Internal.ErrorCode recorded 2 samples, mean = 1.0 (flags = 0x1)
0  O                                                                         (0 = 0.0%)
1  --O                                                                       (2 = 100.0%) {0.0%}
2  ... 

Histogram: PageLoad.Internal.PageLoadTimingStatus recorded 21 samples, mean = 0.0 (flags = 0x1)
0  ---------------------O                                                    (21 = 100.0%)
1  ... 

Histogram: PageLoad.Internal.PageLoadTimingStatus.AtTimingCallbackDispatch recorded 13 samples, mean = 0.0 (flags = 0x1)
0  -------------O                                                            (13 = 100.0%)
1  ... 

Histogram: PageLoad.Internal.PaintTiming.LargestContentfulPaint.ContentType recorded 1 samples, mean = 1.0 (flags = 0x1)
0  O                                                                         (0 = 0.0%)
1  -O                                                                        (1 = 100.0%) {0.0%}
2  O                                                                         (0 = 0.0%) {100.0%}

Histogram: PageLoad.Internal.PaintTiming.LargestContentfulPaint.MainFrame.ContentType recorded 1 samples, mean = 1.0 (flags = 0x1)
0  O                                                                         (0 = 0.0%)
1  -O                                                                        (1 = 100.0%) {0.0%}
2  O                                                                         (0 = 0.0%) {100.0%}

Histogram: PageLoad.Internal.PaintTiming.NavigationToFirstContentfulPaint.InitiatingProcess recorded 1 samples, mean = 3.0 (flags = 0x1)
0  ... 
3  -O                                                                        (1 = 100.0%) {0.0%}
4  ... 

Histogram: PageLoad.LayoutInstability.CumulativeShiftScore recorded 2 samples, mean = 0.0 (flags = 0x1)
0  --O                                                                       (2 = 100.0%)
1  ... 

Histogram: PageLoad.LayoutInstability.MaxCumulativeShiftScore.SessionWindow.Gap1000ms.Max5000ms2 recorded 2 samples, mean = 0.0 (flags = 0x1)
0  --O                                                                       (2 = 100.0%)
1  ... 

Histogram: PageLoad.NavigationTiming.ActualNavigationStartToNavigationCommitSent recorded 2 samples, mean = 93.0 (flags = 0x1)
0    ... 
42   -O                                                                        (1 = 50.0%) {0.0%}
48   ... 
128  -O                                                                        (1 = 50.0%) {50.0%}
145  ... 

Histogram: PageLoad.NavigationTiming.ActualNavigationStartToNavigationStart recorded 2 samples, mean = 4.5 (flags = 0x1)
0  O                                                                         (0 = 0.0%)
1  -O                                                                        (1 = 50.0%) {0.0%}
2  ... 
8  -O                                                                        (1 = 50.0%) {50.0%}
9  ... 

Histogram: PageLoad.NavigationTiming.NavigationCommitSentToParseStart recorded 2 samples, mean = 6.5 (flags = 0x1)
0  ... 
5  -O                                                                        (1 = 50.0%) {0.0%}
6  ... 
8  -O                                                                        (1 = 50.0%) {50.0%}
9  ... 

Histogram: PageLoad.PageTiming.ForegroundDuration recorded 2 samples, mean = 316.0 (flags = 0x1)
0    ... 
137  -O                                                                        (1 = 50.0%) {0.0%}
156  ... 
444  -O                                                                        (1 = 50.0%) {50.0%}
506  ... 

Histogram: PageLoad.PageTiming.ForegroundDuration.AfterPaint recorded 1 samples, mean = 142.0 (flags = 0x1)
0    ... 
137  -O                                                                        (1 = 100.0%) {0.0%}
156  ... 

Histogram: PageLoad.PageTiming.ForegroundDuration.WithPaint recorded 1 samples, mean = 479.0 (flags = 0x1)
0    ... 
444  -O                                                                        (1 = 100.0%) {0.0%}
506  ... 

Histogram: PageLoad.PageTiming.ForegroundDuration.WithoutPaint recorded 1 samples, mean = 153.0 (flags = 0x1)
0    ... 
137  -O                                                                        (1 = 100.0%) {0.0%}
156  ... 

Histogram: PageLoad.PaidContent.State recorded 2 samples, mean = 2.0 (flags = 0x1)
0  ... 
2  --O                                                                       (2 = 100.0%) {0.0%}
3  O                                                                         (0 = 0.0%) {100.0%}

Histogram: PageLoad.PaintTiming.ActualNavigationStartToFirstContentfulPaint recorded 1 samples, mean = 338.0 (flags = 0x1)
0    ... 
307  -O                                                                        (1 = 100.0%) {0.0%}
348  ... 

Histogram: PageLoad.PaintTiming.ActualNavigationStartToLargestContentfulPaint recorded 1 samples, mean = 338.0 (flags = 0x1)
0    ... 
307  -O                                                                        (1 = 100.0%) {0.0%}
348  ... 

Histogram: PageLoad.PaintTiming.NavigationToFirstContentfulPaint recorded 1 samples, mean = 337.0 (flags = 0x1)
0    ... 
322  -O                                                                        (1 = 100.0%) {0.0%}
360  ... 

Histogram: PageLoad.PaintTiming.NavigationToFirstContentfulPaint.ExcludeReloadAfterDiscard recorded 1 samples, mean = 337.0 (flags = 0x1)
0    ... 
322  -O                                                                        (1 = 100.0%) {0.0%}
360  ... 

Histogram: PageLoad.PaintTiming.NavigationToFirstContentfulPaint.LoadType.NewNavigation recorded 1 samples, mean = 337.0 (flags = 0x1)
0    ... 
322  -O                                                                        (1 = 100.0%) {0.0%}
360  ... 

Histogram: PageLoad.PaintTiming.NavigationToFirstContentfulPaint.NoStore recorded 1 samples, mean = 337.0 (flags = 0x1)
0    ... 
322  -O                                                                        (1 = 100.0%) {0.0%}
360  ... 

Histogram: PageLoad.PaintTiming.NavigationToFirstContentfulPaint.NonTabWebUI recorded 1 samples, mean = 2006.0 (flags = 0x1)
0     ... 
1945  -O                                                                        (1 = 100.0%) {0.0%}
2176  ... 

Histogram: PageLoad.PaintTiming.NavigationToFirstContentfulPaint.NonTabWebUI.OmniboxPopup recorded 1 samples, mean = 2006.0 (flags = 0x1)
0     ... 
1945  -O                                                                        (1 = 100.0%) {0.0%}
2176  ... 

Histogram: PageLoad.PaintTiming.NavigationToFirstContentfulPaint.Startup recorded 1 samples, mean = 337.0 (flags = 0x1)
0    ... 
322  -O                                                                        (1 = 100.0%) {0.0%}
360  ... 

Histogram: PageLoad.PaintTiming.NavigationToFirstContentfulPaint.WebUI recorded 1 samples, mean = 2006.0 (flags = 0x1)
0     ... 
1945  -O                                                                        (1 = 100.0%) {0.0%}
2176  ... 

Histogram: PageLoad.PaintTiming.NavigationToFirstContentfulPaint.WebUI.omnibox-popup.top-chrome recorded 1 samples, mean = 2006.0 (flags = 0x1)
0     ... 
1945  -O                                                                        (1 = 100.0%) {0.0%}
2176  ... 

Histogram: PageLoad.PaintTiming.NavigationToFirstPaint recorded 1 samples, mean = 337.0 (flags = 0x1)
0    ... 
322  -O                                                                        (1 = 100.0%) {0.0%}
360  ... 

Histogram: PageLoad.PaintTiming.NavigationToLargestContentfulPaint.WebUI recorded 1 samples, mean = 2006.0 (flags = 0x1)
0     ... 
1945  -O                                                                        (1 = 100.0%) {0.0%}
2176  ... 

Histogram: PageLoad.PaintTiming.NavigationToLargestContentfulPaint.WebUI.omnibox-popup.top-chrome recorded 1 samples, mean = 2006.0 (flags = 0x1)
0     ... 
1945  -O                                                                        (1 = 100.0%) {0.0%}
2176  ... 

Histogram: PageLoad.PaintTiming.NavigationToLargestContentfulPaint2 recorded 1 samples, mean = 337.0 (flags = 0x1)
0    ... 
322  -O                                                                        (1 = 100.0%) {0.0%}
360  ... 

Histogram: PageLoad.PaintTiming.NavigationToLargestContentfulPaint2.ExcludeReloadAfterDiscard recorded 1 samples, mean = 337.0 (flags = 0x1)
0    ... 
322  -O                                                                        (1 = 100.0%) {0.0%}
360  ... 

Histogram: PageLoad.PaintTiming.NavigationToLargestContentfulPaint2.MainFrame recorded 1 samples, mean = 337.0 (flags = 0x1)
0    ... 
322  -O                                                                        (1 = 100.0%) {0.0%}
360  ... 

Histogram: PageLoad.PaintTiming.NavigationToLargestContentfulPaint2.NonTabWebUI recorded 1 samples, mean = 2006.0 (flags = 0x1)
0     ... 
1945  -O                                                                        (1 = 100.0%) {0.0%}
2176  ... 

Histogram: PageLoad.PaintTiming.NavigationToLargestContentfulPaint2.NonTabWebUI.OmniboxPopup recorded 1 samples, mean = 2006.0 (flags = 0x1)
0     ... 
1945  -O                                                                        (1 = 100.0%) {0.0%}
2176  ... 

Histogram: PageLoad.PaintTiming.NavigationToLargestContentfulPaint2.Startup recorded 1 samples, mean = 337.0 (flags = 0x1)
0    ... 
322  -O                                                                        (1 = 100.0%) {0.0%}
360  ... 

Histogram: PageLoad.PaintTiming.ParseStartToFirstContentfulPaint recorded 1 samples, mean = 287.0 (flags = 0x1)
0    ... 
257  -O                                                                        (1 = 100.0%) {0.0%}
288  ... 

Histogram: PageLoad.PaintTiming.ParseStartToLargestContentfulPaint recorded 1 samples, mean = 287.0 (flags = 0x1)
0    ... 
271  -O                                                                        (1 = 100.0%) {0.0%}
307  ... 

Histogram: PageLoad.ParseTiming.ActualNavigationStartToParseStart recorded 2 samples, mean = 100.5 (flags = 0x1)
0    ... 
48   -O                                                                        (1 = 50.0%) {0.0%}
54   ... 
145  -O                                                                        (1 = 50.0%) {50.0%}
164  ... 

Histogram: PageLoad.ParseTiming.NavigationToParseStart recorded 2 samples, mean = 96.0 (flags = 0x1)
0    ... 
48   -O                                                                        (1 = 50.0%) {0.0%}
54   ... 
131  -O                                                                        (1 = 50.0%) {50.0%}
147  ... 

Histogram: PageLoad.ParseTiming.NavigationToParseStart.LoadType.NewNavigation recorded 2 samples, mean = 96.0 (flags = 0x1)
0    ... 
48   -O                                                                        (1 = 50.0%) {0.0%}
54   ... 
131  -O                                                                        (1 = 50.0%) {50.0%}
147  ... 

Histogram: PasswordManager.AffiliationDatabase.DatabaseSize recorded 1 samples, mean = 52.0 (flags = 0x1)
0  -O                                                                        (1 = 100.0%)
1000... 

Histogram: PasswordManager.GetAllLoginsWithAffiliationAndBrandingInformation.TimeSinceInit recorded 2 samples, mean = 487.5 (flags = 0x1)
0    ... 
356  -O                                                                        (1 = 50.0%) {0.0%}
452  -O                                                                        (1 = 50.0%) {50.0%}
574  ... 

Histogram: PasswordManager.GetAutofillableLogins.TimeSinceInit recorded 5 samples, mean = 546.0 (flags = 0x1)
0    ... 
356  -O                                                                        (1 = 20.0%) {0.0%}
452  ---O                                                                      (3 = 60.0%) {20.0%}
574  O                                                                         (0 = 0.0%) {80.0%}
729  -O                                                                        (1 = 20.0%) {80.0%}
926  ... 

Histogram: PasswordManager.LoginDatabaseInit2 recorded 2 samples, mean = 0.0 (flags = 0x1)
0  --O                                                                       (2 = 100.0%)
1  ... 

Histogram: PasswordManager.PasswordStore.InitTime recorded 2 samples, mean = 487.5 (flags = 0x1)
0    ... 
378  -O                                                                        (1 = 50.0%) {0.0%}
449  O                                                                         (0 = 0.0%) {50.0%}
533  -O                                                                        (1 = 50.0%) {50.0%}
633  ... 

Histogram: PasswordManager.PasswordStoreBackend.GetAllLoginsAsync recorded 4 samples, mean = 1.0 (flags = 0x1)
0  --O                                                                       (2 = 50.0%)
1  O                                                                         (0 = 0.0%) {50.0%}
2  --O                                                                       (2 = 50.0%) {50.0%}
3  ... 

Histogram: PasswordManager.PasswordStoreBackend.GetAllLoginsAsync.Latency recorded 2 samples, mean = 17.5 (flags = 0x1)
0   -O                                                                        (1 = 50.0%)
1   ... 
32  -O                                                                        (1 = 50.0%) {50.0%}
41  ... 

Histogram: PasswordManager.PasswordStoreBackend.GetAllLoginsAsync.Success recorded 2 samples, mean = 1.0 (flags = 0x1)
0  O                                                                         (0 = 0.0%)
1  --O                                                                       (2 = 100.0%) {0.0%}
2  O                                                                         (0 = 0.0%) {100.0%}

Histogram: PasswordManager.PasswordStoreBackend.GetAutofillableLoginsAsync recorded 10 samples, mean = 1.0 (flags = 0x1)
0  -----O                                                                    (5 = 50.0%)
1  O                                                                         (0 = 0.0%) {50.0%}
2  -----O                                                                    (5 = 50.0%) {50.0%}
3  ... 

Histogram: PasswordManager.PasswordStoreBackend.GetAutofillableLoginsAsync.Latency recorded 5 samples, mean = 10.8 (flags = 0x1)
0   --O                                                                       (2 = 40.0%)
1   ... 
3   -O                                                                        (1 = 20.0%) {40.0%}
4   ... 
16  -O                                                                        (1 = 20.0%) {60.0%}
20  ... 
32  -O                                                                        (1 = 20.0%) {80.0%}
41  ... 

Histogram: PasswordManager.PasswordStoreBackend.GetAutofillableLoginsAsync.Success recorded 5 samples, mean = 1.0 (flags = 0x1)
0  O                                                                         (0 = 0.0%)
1  -----O                                                                    (5 = 100.0%) {0.0%}
2  O                                                                         (0 = 0.0%) {100.0%}

Histogram: PasswordManager.PasswordStoreBuiltInBackend.GetAllLoginsAsync recorded 4 samples, mean = 1.0 (flags = 0x1)
0  --O                                                                       (2 = 50.0%)
1  O                                                                         (0 = 0.0%) {50.0%}
2  --O                                                                       (2 = 50.0%) {50.0%}
3  ... 

Histogram: PasswordManager.PasswordStoreBuiltInBackend.GetAllLoginsAsync.Latency recorded 2 samples, mean = 17.5 (flags = 0x1)
0   -O                                                                        (1 = 50.0%)
1   ... 
32  -O                                                                        (1 = 50.0%) {50.0%}
41  ... 

Histogram: PasswordManager.PasswordStoreBuiltInBackend.GetAllLoginsAsync.Success recorded 2 samples, mean = 1.0 (flags = 0x1)
0  O                                                                         (0 = 0.0%)
1  --O                                                                       (2 = 100.0%) {0.0%}
2  O                                                                         (0 = 0.0%) {100.0%}

Histogram: PasswordManager.PasswordStoreBuiltInBackend.GetAutofillableLoginsAsync recorded 10 samples, mean = 1.0 (flags = 0x1)
0  -----O                                                                    (5 = 50.0%)
1  O                                                                         (0 = 0.0%) {50.0%}
2  -----O                                                                    (5 = 50.0%) {50.0%}
3  ... 

Histogram: PasswordManager.PasswordStoreBuiltInBackend.GetAutofillableLoginsAsync.Latency recorded 5 samples, mean = 10.8 (flags = 0x1)
0   --O                                                                       (2 = 40.0%)
1   ... 
3   -O                                                                        (1 = 20.0%) {40.0%}
4   ... 
16  -O                                                                        (1 = 20.0%) {60.0%}
20  ... 
32  -O                                                                        (1 = 20.0%) {80.0%}
41  ... 

Histogram: PasswordManager.PasswordStoreBuiltInBackend.GetAutofillableLoginsAsync.Success recorded 5 samples, mean = 1.0 (flags = 0x1)
0  O                                                                         (0 = 0.0%)
1  -----O                                                                    (5 = 100.0%) {0.0%}
2  O                                                                         (0 = 0.0%) {100.0%}

Histogram: PasswordManager.PasswordsGrouping.Time recorded 1 samples, mean = 0.0 (flags = 0x1)
0  -O                                                                        (1 = 100.0%)
1  ... 

Histogram: PasswordManager.ReuseCheck.CheckedPasswords recorded 1 samples, mean = 0.0 (flags = 0x1)
0  -O                                                                        (1 = 100.0%)
1  ... 

Histogram: PasswordManager.ReuseCheck.ReusedPasswords recorded 1 samples, mean = 0.0 (flags = 0x1)
0  -O                                                                        (1 = 100.0%)
1  ... 

Histogram: PasswordManager.ReuseCheck.Time recorded 1 samples, mean = 0.0 (flags = 0x1)
0  -O                                                                        (1 = 100.0%)
1  ... 

Histogram: PasswordManager.SavedGaiaPasswordHashCount2 recorded 1 samples, mean = 0.0 (flags = 0x1)
0  -O                                                                        (1 = 100.0%)
1  ... 

Histogram: PasswordManager.SyncMetadataReadError2 recorded 2 samples, mean = 0.0 (flags = 0x1)
0  --O                                                                       (2 = 100.0%)
1  ... 

Histogram: PasswordManager.WeakCheck.CheckedPasswords recorded 1 samples, mean = 0.0 (flags = 0x1)
0  -O                                                                        (1 = 100.0%)
1  ... 

Histogram: PasswordManager.WeakCheck.Time recorded 1 samples, mean = 0.0 (flags = 0x1)
0  -O                                                                        (1 = 100.0%)
1  ... 

Histogram: PasswordManager.WeakCheck.WeakPasswords recorded 1 samples, mean = 0.0 (flags = 0x1)
0  -O                                                                        (1 = 100.0%)
1  ... 

Histogram: PaymentRequest.IsCanMakePaymentAllowedByPref.Startup recorded 1 samples, mean = 1.0 (flags = 0x1)
0  O                                                                         (0 = 0.0%)
1  -O                                                                        (1 = 100.0%) {0.0%}
2  O                                                                         (0 = 0.0%) {100.0%}

Histogram: PerformanceControls.Intervention.BackgroundTab.Cpu.MessageShownCount recorded 1 samples, mean = 0.0 (flags = 0x1)
0  -O                                                                        (1 = 100.0%)
1  ... 

Histogram: PerformanceControls.Intervention.BackgroundTab.Cpu.RateLimitedCount recorded 1 samples, mean = 0.0 (flags = 0x1)
0  -O                                                                        (1 = 100.0%)
1  ... 

Histogram: PerformanceManager.ResourceQueryTime.CPUMeasurementMonitor recorded 1 samples, mean = 6.0 (flags = 0x1)
0  ... 
6  -O                                                                        (1 = 100.0%) {0.0%}
8  ... 

Histogram: PerformanceManager.ResourceQueryTime.MemoryMeasurementProvider recorded 1 samples, mean = 36.0 (flags = 0x1)
0   ... 
29  -O                                                                        (1 = 100.0%) {0.0%}
40  ... 

Histogram: PerformanceManager.ResourceQueryTime.OnResultsReceived recorded 2 samples, mean = 1.5 (flags = 0x1)
0  -O                                                                        (1 = 50.0%)
1  ... 
3  -O                                                                        (1 = 50.0%) {50.0%}
4  ... 

Histogram: PerformanceManager.ResourceQueryTime.RequestResults recorded 2 samples, mean = 238733.5 (flags = 0x1)
0       ... 
55      -O                                                                        (1 = 50.0%) {0.0%}
76      ... 
378403  -O                                                                        (1 = 50.0%) {50.0%}
525000  ... 

Histogram: PerformanceManager.TabRevisitTracker.TimeToRevisit2 recorded 1 samples, mean = 0.0 (flags = 0x1)
0  -O                                                                        (1 = 100.0%)
1  ... 

Histogram: PerformanceManager.UserTuning.BatterySaverModeEnabledPercent recorded 1 samples, mean = 0.0 (flags = 0x1)
0  -O                                                                        (1 = 100.0%)
1  ... 

Histogram: PerformanceManager.UserTuning.MemorySaverModeEnabledPercent recorded 1 samples, mean = 0.0 (flags = 0x1)
0  -O                                                                        (1 = 100.0%)
1  ... 

Histogram: PerformanceMonitor.HasPreciseCPUUsage recorded 10 samples, mean = 1.0 (flags = 0x1)
0  O                                                                         (0 = 0.0%)
1  ----------O                                                               (10 = 100.0%) {0.0%}
2  O                                                                         (0 = 0.0%) {100.0%}

Histogram: Permissions.Experimental.PrimaryMainNavigationFinished.AudioCapture.TopLevelHeaderPolicy recorded 5 samples, mean = 0.0 (flags = 0x1)
0  -----O                                                                    (5 = 100.0%)
1  ... 

Histogram: Permissions.Experimental.PrimaryMainNavigationFinished.Geolocation.TopLevelHeaderPolicy recorded 5 samples, mean = 0.0 (flags = 0x1)
0  -----O                                                                    (5 = 100.0%)
1  ... 

Histogram: Permissions.Experimental.PrimaryMainNavigationFinished.VideoCapture.TopLevelHeaderPolicy recorded 5 samples, mean = 0.0 (flags = 0x1)
0  -----O                                                                    (5 = 100.0%)
1  ... 

Histogram: Permissions.Experimental.Usage.AudioCapture.IsBlockedDueToActuation recorded 8 samples, mean = 0.0 (flags = 0x1)
0  --------O                                                                 (8 = 100.0%)
1  ... 

Histogram: Permissions.Experimental.Usage.Geolocation.IsBlockedDueToActuation recorded 8 samples, mean = 0.0 (flags = 0x1)
0  --------O                                                                 (8 = 100.0%)
1  ... 

Histogram: Permissions.Experimental.Usage.Notifications.IsBlockedDueToActuation recorded 16 samples, mean = 0.0 (flags = 0x1)
0  ----------------O                                                         (16 = 100.0%)
1  ... 

Histogram: Permissions.Experimental.Usage.VideoCapture.IsBlockedDueToActuation recorded 8 samples, mean = 0.0 (flags = 0x1)
0  --------O                                                                 (8 = 100.0%)
1  ... 

Histogram: Permissions.Experimental.Usage.WebAppInstallation.IsBlockedDueToActuation recorded 8 samples, mean = 0.0 (flags = 0x1)
0  --------O                                                                 (8 = 100.0%)
1  ... 

Histogram: Platform.IntelMaxMicroArchitecture recorded 1 samples, mean = 8.0 (flags = 0x1)
0  ... 
8  -O                                                                        (1 = 100.0%) {0.0%}
9  ... 

Histogram: PreloadServingMetrics.ForNavigationCommitted.PrefetchMatchMetrics.Count recorded 2 samples, mean = 2.0 (flags = 0x1)
0  ... 
2  --O                                                                       (2 = 100.0%) {0.0%}
3  ... 

Histogram: PreloadServingMetrics.ForNavigationCommitted.PrefetchMatchMetrics.IsPotentialMatch recorded 2 samples, mean = 0.0 (flags = 0x1)
0  --O                                                                       (2 = 100.0%)
1  ... 

Histogram: PreloadServingMetrics.Other.All recorded 2 samples, mean = 0.0 (flags = 0x1)
0  --O                                                                       (2 = 100.0%)
1  ... 

Histogram: PreloadServingMetrics.PageLoad.Clients.PaintTiming.NavigationToFirstContentfulPaint.WithoutPreload recorded 1 samples, mean = 337.0 (flags = 0x1)
0    ... 
322  -O                                                                        (1 = 100.0%) {0.0%}
360  ... 

Histogram: Prerender.Experimental.PrerenderProcessReuseAvailability recorded 7 samples, mean = 3.0 (flags = 0x1)
0  ... 
3  -------O                                                                  (7 = 100.0%) {0.0%}
4  O                                                                         (0 = 0.0%) {100.0%}

Histogram: Privacy.CookieControlsSetting.RegularProfile recorded 1 samples, mean = 2.0 (flags = 0x1)
0  ... 
2  -O                                                                        (1 = 100.0%) {0.0%}
3  O                                                                         (0 = 0.0%) {100.0%}

Histogram: Privacy.DIPS.BtmBounceDetector.AllAccessesMatched recorded 7 samples, mean = 1.0 (flags = 0x1)
0  O                                                                         (0 = 0.0%)
1  -------O                                                                  (7 = 100.0%) {0.0%}
2  O                                                                         (0 = 0.0%) {100.0%}

Histogram: Privacy.DIPS.TimeFromNavigationCommitToClientBounce recorded 1 samples, mean = 14.0 (flags = 0x1)
0   ... 
14  -O                                                                        (1 = 100.0%) {0.0%}
17  ... 

Histogram: Privacy.DoNotTrackSetting2 recorded 1 samples, mean = 0.0 (flags = 0x1)
0  -O                                                                        (1 = 100.0%)
1  ... 

Histogram: Privacy.ThirdPartyCookieBlockingSetting.RegularProfile recorded 1 samples, mean = 0.0 (flags = 0x1)
0  -O                                                                        (1 = 100.0%)
1  ... 

Histogram: PrivacySandbox.Attestations.EstimateMemoryUsage.AttestationsMap recorded 1 samples, mean = 24.0 (flags = 0x1)
0   ... 
24  -O                                                                        (1 = 100.0%) {0.0%}
29  ... 

Histogram: PrivacySandbox.Attestations.InitializationDuration.ComponentReadyFromApplicationStart recorded 1 samples, mean = 715.0 (flags = 0x1)
0    ... 
659  -O                                                                        (1 = 100.0%) {0.0%}
761  ... 

Histogram: PrivacySandbox.Attestations.InitializationDuration.Parsing recorded 1 samples, mean = 1.0 (flags = 0x1)
0  O                                                                         (0 = 0.0%)
1  -O                                                                        (1 = 100.0%) {0.0%}
2  ... 

Histogram: PrivacySandbox.Attestations.Parsing.Status recorded 1 samples, mean = 0.0 (flags = 0x1)
0  -O                                                                        (1 = 100.0%)
1  ... 

Histogram: Profile.BrowserActive.PerProfile recorded 1 samples, mean = 1.0 (flags = 0x1)
0  O                                                                         (0 = 0.0%)
1  -O                                                                        (1 = 100.0%) {0.0%}
2  ... 

Histogram: Profile.Destroyer.OffTheRecord recorded 1 samples, mean = 1.0 (flags = 0x1)
0  O                                                                         (0 = 0.0%)
1  -O                                                                        (1 = 100.0%) {0.0%}
2  ... 

Histogram: Profile.DidDestroyProfileBeforeShutdown recorded 1 samples, mean = 0.0 (flags = 0x1)
0  -O                                                                        (1 = 100.0%)
1  ... 

Histogram: Profile.KeepAliveLeakAtShutdown recorded 2 samples, mean = 28.5 (flags = 0x1)
0   ... 
18  -O                                                                        (1 = 50.0%) {0.0%}
19  ... 
39  -O                                                                        (1 = 50.0%) {50.0%}
40  ... 

Histogram: Profile.NumberOfAccountsPerProfile recorded 2 samples, mean = 0.0 (flags = 0x1)
0  --O                                                                       (2 = 100.0%)
1  ... 

Histogram: Profile.NumberOfProfiles recorded 1 samples, mean = 0.0 (flags = 0x1)
0  -O                                                                        (1 = 100.0%)
1  ... 

Histogram: Profile.NumberOfProfilesAtProfileInit recorded 1 samples, mean = 1.0 (flags = 0x1)
0  O                                                                         (0 = 0.0%)
1  -O                                                                        (1 = 100.0%) {0.0%}
2  ... 

Histogram: Profile.State.LastUsed_All recorded 1 samples, mean = 0.0 (flags = 0x1)
0  -O                                                                        (1 = 100.0%)
1  ... 

Histogram: Profile.State.LastUsed_AllManagedDevice recorded 1 samples, mean = 0.0 (flags = 0x1)
0  -O                                                                        (1 = 100.0%)
1  ... 

Histogram: Profile.State.LastUsed_ManagementDisclaimerNotAccepted recorded 1 samples, mean = 0.0 (flags = 0x1)
0  -O                                                                        (1 = 100.0%)
1  ... 

Histogram: Profile.State.LastUsed_SingleProfile recorded 1 samples, mean = 0.0 (flags = 0x1)
0  -O                                                                        (1 = 100.0%)
1  ... 

Histogram: Profile.State.SyncEnabled_All recorded 1 samples, mean = 0.0 (flags = 0x1)
0  -O                                                                        (1 = 100.0%)
1  ... 

Histogram: Profile.State.SyncEnabled_AllManagedDevice recorded 1 samples, mean = 0.0 (flags = 0x1)
0  -O                                                                        (1 = 100.0%)
1  ... 

Histogram: Profile.State.SyncEnabled_ManagementDisclaimerNotAccepted recorded 1 samples, mean = 0.0 (flags = 0x1)
0  -O                                                                        (1 = 100.0%)
1  ... 

Histogram: Profile.State.SyncEnabled_SingleProfile recorded 1 samples, mean = 0.0 (flags = 0x1)
0  -O                                                                        (1 = 100.0%)
1  ... 

Histogram: Profile.State.UnconsentedPrimaryAccountType_All recorded 1 samples, mean = 3.0 (flags = 0x1)
0  ... 
3  -O                                                                        (1 = 100.0%) {0.0%}
4  O                                                                         (0 = 0.0%) {100.0%}

Histogram: Profile.State.UnconsentedPrimaryAccountType_AllManagedDevice recorded 1 samples, mean = 3.0 (flags = 0x1)
0  ... 
3  -O                                                                        (1 = 100.0%) {0.0%}
4  O                                                                         (0 = 0.0%) {100.0%}

Histogram: Profile.State.UnconsentedPrimaryAccountType_ManagementDisclaimerNotAccepted recorded 1 samples, mean = 3.0 (flags = 0x1)
0  ... 
3  -O                                                                        (1 = 100.0%) {0.0%}
4  O                                                                         (0 = 0.0%) {100.0%}

Histogram: Profile.State.UnconsentedPrimaryAccountType_SingleProfile recorded 1 samples, mean = 3.0 (flags = 0x1)
0  ... 
3  -O                                                                        (1 = 100.0%) {0.0%}
4  O                                                                         (0 = 0.0%) {100.0%}

Histogram: Profile.UserAction.PerProfile recorded 7 samples, mean = 1.0 (flags = 0x1)
0  O                                                                         (0 = 0.0%)
1  -------O                                                                  (7 = 100.0%) {0.0%}
2  ... 

Histogram: ProtoDB.LoadEntriesSuccess.CommerceSubscriptionDatabase recorded 1 samples, mean = 1.0 (flags = 0x1)
0  O                                                                         (0 = 0.0%)
1  -O                                                                        (1 = 100.0%) {0.0%}
2  O                                                                         (0 = 0.0%) {100.0%}

Histogram: ProtoDB.LoadEntriesSuccess.DownloadDB recorded 1 samples, mean = 1.0 (flags = 0x1)
0  O                                                                         (0 = 0.0%)
1  -O                                                                        (1 = 100.0%) {0.0%}
2  O                                                                         (0 = 0.0%) {100.0%}

Histogram: ProtoDB.LoadEntriesSuccess.PersistentOriginTrials recorded 1 samples, mean = 1.0 (flags = 0x1)
0  O                                                                         (0 = 0.0%)
1  -O                                                                        (1 = 100.0%) {0.0%}
2  O                                                                         (0 = 0.0%) {100.0%}

Histogram: ProtoDB.LoadEntriesSuccess.SegmentInfoDatabase recorded 1 samples, mean = 1.0 (flags = 0x1)
0  O                                                                         (0 = 0.0%)
1  -O                                                                        (1 = 100.0%) {0.0%}
2  O                                                                         (0 = 0.0%) {100.0%}

Histogram: ProtoDB.LoadEntriesSuccess.SignalStorageConfigDatabase recorded 1 samples, mean = 1.0 (flags = 0x1)
0  O                                                                         (0 = 0.0%)
1  -O                                                                        (1 = 100.0%) {0.0%}
2  O                                                                         (0 = 0.0%) {100.0%}

Histogram: ProtoDB.SharedDbInitStatus recorded 35 samples, mean = 9.6 (flags = 0x1)
0   ------------O                                                             (12 = 34.3%)
1   ... 
7   -----------O                                                              (11 = 31.4%) {34.3%}
8   ... 
21  -----------O                                                              (11 = 31.4%) {65.7%}
22  ... 
27  -O                                                                        (1 = 2.9%) {97.1%}
28  ... 

Histogram: ProtoDB.UpdateSuccess.CartDatabase recorded 1 samples, mean = 1.0 (flags = 0x1)
0  O                                                                         (0 = 0.0%)
1  -O                                                                        (1 = 100.0%) {0.0%}
2  O                                                                         (0 = 0.0%) {100.0%}

Histogram: ProtoDB.UpdateSuccess.CommerceParcelTrackingDatabase recorded 1 samples, mean = 1.0 (flags = 0x1)
0  O                                                                         (0 = 0.0%)
1  -O                                                                        (1 = 100.0%) {0.0%}
2  O                                                                         (0 = 0.0%) {100.0%}

Histogram: ProtoDB.UpdateSuccess.DiscountsDatabase recorded 1 samples, mean = 1.0 (flags = 0x1)
0  O                                                                         (0 = 0.0%)
1  -O                                                                        (1 = 100.0%) {0.0%}
2  O                                                                         (0 = 0.0%) {100.0%}

Histogram: ProtoDB.UpdateSuccess.Metadata recorded 24 samples, mean = 1.0 (flags = 0x1)
0  O                                                                         (0 = 0.0%)
1  ------------------------O                                                 (24 = 100.0%) {0.0%}
2  O                                                                         (0 = 0.0%) {100.0%}

Histogram: ProtoDB.UpdateSuccess.SegmentInfoDatabase recorded 11 samples, mean = 1.0 (flags = 0x1)
0  O                                                                         (0 = 0.0%)
1  -----------O                                                              (11 = 100.0%) {0.0%}
2  O                                                                         (0 = 0.0%) {100.0%}

Histogram: ProtoDB.UpdateSuccess.SignalStorageConfigDatabase recorded 8 samples, mean = 1.0 (flags = 0x1)
0  O                                                                         (0 = 0.0%)
1  --------O                                                                 (8 = 100.0%) {0.0%}
2  O                                                                         (0 = 0.0%) {100.0%}

Histogram: ReadingList.Read.Count.OnModelLoaded.AccountStorage recorded 1 samples, mean = 0.0 (flags = 0x1)
0  -O                                                                        (1 = 100.0%)
1  ... 

Histogram: ReadingList.Read.Count.OnModelLoaded.LocalStorage recorded 1 samples, mean = 0.0 (flags = 0x1)
0  -O                                                                        (1 = 100.0%)
1  ... 

Histogram: ReadingList.Unread.Count.OnModelLoaded.AccountStorage recorded 1 samples, mean = 0.0 (flags = 0x1)
0  -O                                                                        (1 = 100.0%)
1  ... 

Histogram: ReadingList.Unread.Count.OnModelLoaded.LocalStorage recorded 1 samples, mean = 0.0 (flags = 0x1)
0  -O                                                                        (1 = 100.0%)
1  ... 

Histogram: RegionalCapabilities.FetchedCountryMatching recorded 1 samples, mean = 2.0 (flags = 0x1)
0  ... 
2  -O                                                                        (1 = 100.0%) {0.0%}
3  ... 

Histogram: RegionalCapabilities.LoadedCountrySource recorded 1 samples, mean = 1.0 (flags = 0x1)
0  O                                                                         (0 = 0.0%)
1  -O                                                                        (1 = 100.0%) {0.0%}
2  ... 

Histogram: RegionalCapabilities.PersistedCountryMatching recorded 1 samples, mean = 1.0 (flags = 0x1)
0  O                                                                         (0 = 0.0%)
1  -O                                                                        (1 = 100.0%) {0.0%}
2  ... 

Histogram: RenderTextHarfBuzz.MissingGlyphCount recorded 35 samples, mean = 0.0 (flags = 0x1)
0  -----------------------------------O                                      (35 = 100.0%)
1  ... 

Histogram: RenderTextHarfBuzz.ShapeRunsFallback recorded 35 samples, mean = 1.0 (flags = 0x1)
0  O                                                                         (0 = 0.0%)
1  -----------------------------------O                                      (35 = 100.0%) {0.0%}
2  ... 

Histogram: Renderer.ProcessLifetime3 recorded 7 samples, mean = 1887.6 (flags = 0x1)
0     -O                                                                        (1 = 14.3%)
1000  ... 
1590  -O                                                                        (1 = 14.3%) {14.3%}
1786  O                                                                         (0 = 0.0%) {28.6%}
2006  -O                                                                        (1 = 14.3%) {28.6%}
2253  ----O                                                                     (4 = 57.1%) {42.9%}
2530  ... 

Histogram: Renderer.ProcessLifetime3.Empty recorded 2 samples, mean = 880.0 (flags = 0x1)
0     -O                                                                        (1 = 50.0%)
1000  ... 
1590  -O                                                                        (1 = 50.0%) {50.0%}
1786  ... 

Histogram: Renderer.ProcessLifetime3.Extension recorded 1 samples, mean = 2288.0 (flags = 0x1)
0     ... 
2253  -O                                                                        (1 = 100.0%) {0.0%}
2530  ... 

Histogram: Renderer.ProcessLifetime3.MainFrame recorded 3 samples, mean = 2300.0 (flags = 0x1)
0     ... 
2006  -O                                                                        (1 = 33.3%) {0.0%}
2253  --O                                                                       (2 = 66.7%) {33.3%}
2530  ... 

Histogram: Renderer.ProcessLifetime3.Worker recorded 1 samples, mean = 2265.0 (flags = 0x1)
0     ... 
2253  -O                                                                        (1 = 100.0%) {0.0%}
2530  ... 

Histogram: SBClientPhishing.ClientSideDetectionEvent recorded 2 samples, mean = 0.5 (flags = 0x1)
0  -O                                                                        (1 = 50.0%)
1  -O                                                                        (1 = 50.0%) {50.0%}
2  ... 

Histogram: SBClientPhishing.ClientSideDetectionEvent.TriggerModel recorded 2 samples, mean = 0.5 (flags = 0x1)
0  -O                                                                        (1 = 50.0%)
1  -O                                                                        (1 = 50.0%) {50.0%}
2  ... 

Histogram: SBClientPhishing.IsErrorDocumentOnSupportedMimeType recorded 1 samples, mean = 0.0 (flags = 0x1)
0  -O                                                                        (1 = 100.0%)
1  ... 

Histogram: SBClientPhishing.OnDeviceModelSessionAliveOnDelegateShutdown recorded 1 samples, mean = 0.0 (flags = 0x1)
0  -O                                                                        (1 = 100.0%)
1  ... 

Histogram: SBClientPhishing.PreClassificationCheckResult recorded 1 samples, mean = 1.0 (flags = 0x1)
0  O                                                                         (0 = 0.0%)
1  -O                                                                        (1 = 100.0%) {0.0%}
2  ... 

Histogram: SBClientPhishing.PreClassificationCheckResult.TriggerModel recorded 1 samples, mean = 1.0 (flags = 0x1)
0  O                                                                         (0 = 0.0%)
1  -O                                                                        (1 = 100.0%) {0.0%}
2  ... 

Histogram: SBClientPhishing.SingleObserverCalledOnNewPage recorded 1 samples, mean = 1.0 (flags = 0x1)
0  O                                                                         (0 = 0.0%)
1  -O                                                                        (1 = 100.0%) {0.0%}
2  O                                                                         (0 = 0.0%) {100.0%}

Histogram: SBIRS.DroppedIncident recorded 3 samples, mean = 1.0 (flags = 0x1)
0  O                                                                         (0 = 0.0%)
1  ---O                                                                      (3 = 100.0%) {0.0%}
2  ... 

Histogram: SBIRS.ReceivedIncident recorded 3 samples, mean = 1.0 (flags = 0x1)
0  O                                                                         (0 = 0.0%)
1  ---O                                                                      (3 = 100.0%) {0.0%}
2  ... 

Histogram: SafeBrowsing.ApplicationAdvancedProtectionStatusDetector.Changed.Disabled recorded 1 samples, mean = 0.0 (flags = 0x1)
0  -O                                                                        (1 = 100.0%)
1  ... 

Histogram: SafeBrowsing.AsyncCheck.CommittedNavigationIdsSize recorded 8 samples, mean = 1.6 (flags = 0x1)
0  O                                                                         (0 = 0.0%)
1  -----O                                                                    (5 = 62.5%) {0.0%}
2  -O                                                                        (1 = 12.5%) {62.5%}
3  --O                                                                       (2 = 25.0%) {75.0%}
4  ... 

Histogram: SafeBrowsing.BrowserThrottle.IntervalBetweenStartAndProcess recorded 3 samples, mean = 67.7 (flags = 0x1)
0    ... 
20   -O                                                                        (1 = 33.3%) {0.0%}
24   ... 
57   -O                                                                        (1 = 33.3%) {33.3%}
68   ... 
114  -O                                                                        (1 = 33.3%) {66.7%}
135  ... 

Histogram: SafeBrowsing.BrowserThrottle.IntervalBetweenStartAndProcess.FromNetwork recorded 3 samples, mean = 67.7 (flags = 0x1)
0    ... 
20   -O                                                                        (1 = 33.3%) {0.0%}
24   ... 
57   -O                                                                        (1 = 33.3%) {33.3%}
68   ... 
114  -O                                                                        (1 = 33.3%) {66.7%}
135  ... 

Histogram: SafeBrowsing.BrowserThrottle.IsAsyncCheckFasterThanSyncCheck recorded 3 samples, mean = 0.0 (flags = 0x1)
0  ---O                                                                      (3 = 100.0%)
1  ... 

Histogram: SafeBrowsing.BrowserThrottle.IsAsyncCheckerTransferred recorded 3 samples, mean = 0.0 (flags = 0x1)
0  ---O                                                                      (3 = 100.0%)
1  ... 

Histogram: SafeBrowsing.BrowserThrottle.IsCheckCompletedOnProcessResponse recorded 7 samples, mean = 1.0 (flags = 0x1)
0  O                                                                         (0 = 0.0%)
1  -------O                                                                  (7 = 100.0%) {0.0%}
2  O                                                                         (0 = 0.0%) {100.0%}

Histogram: SafeBrowsing.BrowserThrottle.RequestDestination recorded 7 samples, mean = 4.6 (flags = 0x1)
0   ... 
3   ------O                                                                   (6 = 85.7%) {0.0%}
4   ... 
14  -O                                                                        (1 = 14.3%) {85.7%}
15  ... 

Histogram: SafeBrowsing.BrowserThrottle.RequestDestination.Checked recorded 3 samples, mean = 3.0 (flags = 0x1)
0  ... 
3  ---O                                                                      (3 = 100.0%) {0.0%}
4  ... 

Histogram: SafeBrowsing.BrowserThrottle.RequestDestination.Skipped recorded 1 samples, mean = 14.0 (flags = 0x1)
0   ... 
14  -O                                                                        (1 = 100.0%) {0.0%}
15  ... 

Histogram: SafeBrowsing.BrowserThrottle.TotalDelay2.FromNetwork recorded 3 samples, mean = 0.0 (flags = 0x1)
0  ---O                                                                      (3 = 100.0%)
1  ... 

Histogram: SafeBrowsing.BrowserThrottle.TotalDelay2.HashPrefixDatabaseCheck recorded 3 samples, mean = 0.0 (flags = 0x1)
0  ---O                                                                      (3 = 100.0%)
1  ... 

Histogram: SafeBrowsing.CheckBrowseUrl.HasLocalMatch2 recorded 4 samples, mean = 0.0 (flags = 0x1)
0  ----O                                                                     (4 = 100.0%)
1  ... 

Histogram: SafeBrowsing.CheckUrl.Action recorded 6 samples, mean = 0.0 (flags = 0x1)
0  ------O                                                                   (6 = 100.0%)
1  ... 

Histogram: SafeBrowsing.CheckUrl.Result.HashDatabase recorded 6 samples, mean = 1.0 (flags = 0x1)
0  O                                                                         (0 = 0.0%)
1  ------O                                                                   (6 = 100.0%) {0.0%}
2  ... 

Histogram: SafeBrowsing.CheckUrl.TimeTaken.HashDatabase recorded 6 samples, mean = 3.7 (flags = 0x1)
0   --O                                                                       (2 = 33.3%)
1   --O                                                                       (2 = 33.3%) {33.3%}
2   ... 
10  --O                                                                       (2 = 33.3%) {66.7%}
12  ... 

Histogram: SafeBrowsing.CheckUrl.Timeout recorded 6 samples, mean = 0.0 (flags = 0x1)
0  ------O                                                                   (6 = 100.0%)
1  ... 

Histogram: SafeBrowsing.CheckUrl.UrlScheme recorded 6 samples, mean = 17.3 (flags = 0x1)
0   ... 
9   ----O                                                                     (4 = 66.7%) {0.0%}
10  ... 
34  --O                                                                       (2 = 33.3%) {66.7%}
35  O                                                                         (0 = 0.0%) {100.0%}

Histogram: SafeBrowsing.Daily.BypassCountLast28Days.StandardProtection.AllEvents recorded 1 samples, mean = 0.0 (flags = 0x1)
0  -O                                                                        (1 = 100.0%)
1  ... 

Histogram: SafeBrowsing.Daily.SecuritySensitiveCountLast28Days.StandardProtection.AllEvents recorded 1 samples, mean = 0.0 (flags = 0x1)
0  -O                                                                        (1 = 100.0%)
1  ... 

Histogram: SafeBrowsing.Desktop.AdvancedProtection.Enabled recorded 1 samples, mean = 0.0 (flags = 0x1)
0  -O                                                                        (1 = 100.0%)
1  ... 

Histogram: SafeBrowsing.FileTypeUpdate.ResourceBundleResult recorded 1 samples (flags = 0x1)
1  -O                                                                        (1 = 100.0%)

Histogram: SafeBrowsing.FileTypeUpdate.ResourceBundleVersion recorded 1 samples (flags = 0x1)
69  -O                                                                        (1 = 100.0%)

Histogram: SafeBrowsing.HPRT.CanGetReputationOfUrl recorded 3 samples, mean = 0.0 (flags = 0x1)
0  ---O                                                                      (3 = 100.0%)
1  ... 

Histogram: SafeBrowsing.HPRT.Ineligible.FeatureOff recorded 7 samples, mean = 0.0 (flags = 0x1)
0  -------O                                                                  (7 = 100.0%)
1  ... 

Histogram: SafeBrowsing.HPRT.Ineligible.IneligibleForLocation recorded 7 samples, mean = 0.0 (flags = 0x1)
0  -------O                                                                  (7 = 100.0%)
1  ... 

Histogram: SafeBrowsing.HPRT.Ineligible.IneligibleForSafeBrowsingState recorded 7 samples, mean = 0.0 (flags = 0x1)
0  -------O                                                                  (7 = 100.0%)
1  ... 

Histogram: SafeBrowsing.HPRT.Ineligible.IneligibleForSessionOrLocation recorded 7 samples, mean = 0.0 (flags = 0x1)
0  -------O                                                                  (7 = 100.0%)
1  ... 

Histogram: SafeBrowsing.HPRT.Ineligible.NoGoogleChromeBranding recorded 7 samples, mean = 0.0 (flags = 0x1)
0  -------O                                                                  (7 = 100.0%)
1  ... 

Histogram: SafeBrowsing.HPRT.Ineligible.NotAllowedByPolicy recorded 7 samples, mean = 0.0 (flags = 0x1)
0  -------O                                                                  (7 = 100.0%)
1  ... 

Histogram: SafeBrowsing.HPRT.Ineligible.OffTheRecord recorded 7 samples, mean = 0.0 (flags = 0x1)
0  -------O                                                                  (7 = 100.0%)
1  ... 

Histogram: SafeBrowsing.HPRT.OhttpKeyService.BackoffState recorded 1 samples, mean = 0.0 (flags = 0x1)
0  -O                                                                        (1 = 100.0%)
1  ... 

Histogram: SafeBrowsing.HPRT.OhttpKeyService.FetchKeyTriggerReason recorded 1 samples, mean = 1.0 (flags = 0x1)
0  O                                                                         (0 = 0.0%)
1  -O                                                                        (1 = 100.0%) {0.0%}
2  ... 

Histogram: SafeBrowsing.HPRT.OhttpKeyService.Network.Result recorded 1 samples (flags = 0x1)
200  -O                                                                        (1 = 100.0%)

Histogram: SafeBrowsing.HPRT.OhttpKeyService.Network.Time recorded 1 samples, mean = 741.0 (flags = 0x1)
0    ... 
633  -O                                                                        (1 = 100.0%) {0.0%}
752  ... 

Histogram: SafeBrowsing.HPRT.OhttpKeyService.Network.Time.Success recorded 1 samples, mean = 741.0 (flags = 0x1)
0    ... 
633  -O                                                                        (1 = 100.0%) {0.0%}
752  ... 

Histogram: SafeBrowsing.HPRT.OhttpKeyService.Network.Time2 recorded 1 samples, mean = 741.0 (flags = 0x1)
0    ... 
688  -O                                                                        (1 = 100.0%) {0.0%}
839  ... 

Histogram: SafeBrowsing.HPRT.OhttpKeyService.Network.Time2.Success recorded 1 samples, mean = 741.0 (flags = 0x1)
0    ... 
688  -O                                                                        (1 = 100.0%) {0.0%}
839  ... 

Histogram: SafeBrowsing.HPRT.OhttpKeyService.NumKeys recorded 1 samples, mean = 1.0 (flags = 0x1)
0  O                                                                         (0 = 0.0%)
1  -O                                                                        (1 = 100.0%) {0.0%}
2  ... 

Histogram: SafeBrowsing.HPRT.OhttpKeyService.Outcome recorded 1 samples, mean = 0.0 (flags = 0x1)
0  -O                                                                        (1 = 100.0%)
1  ... 

Histogram: SafeBrowsing.HPRT.OhttpKeyService.ResponseSize recorded 1 samples, mean = 41.0 (flags = 0x1)
0   ... 
37  -O                                                                        (1 = 100.0%) {0.0%}
42  ... 

Histogram: SafeBrowsing.HPRT.OhttpKeyService.ResponseSize.Valid recorded 1 samples, mean = 41.0 (flags = 0x1)
0   ... 
37  -O                                                                        (1 = 100.0%) {0.0%}
42  ... 

Histogram: SafeBrowsing.PageLoadToken.TokenCount recorded 1 samples, mean = 0.0 (flags = 0x1)
0  -O                                                                        (1 = 100.0%)
1  ... 

Histogram: SafeBrowsing.Pref.Daily.Extended recorded 1 samples, mean = 0.0 (flags = 0x1)
0  -O                                                                        (1 = 100.0%)
1  ... 

Histogram: SafeBrowsing.Pref.Daily.PasswordLeakToggle recorded 1 samples, mean = 1.0 (flags = 0x1)
0  O                                                                         (0 = 0.0%)
1  -O                                                                        (1 = 100.0%) {0.0%}
2  O                                                                         (0 = 0.0%) {100.0%}

Histogram: SafeBrowsing.Pref.Daily.SafeBrowsingModeManaged recorded 1 samples, mean = 0.0 (flags = 0x1)
0  -O                                                                        (1 = 100.0%)
1  ... 

Histogram: SafeBrowsing.Pref.Daily.SafeBrowsingState recorded 1 samples, mean = 1.0 (flags = 0x1)
0  O                                                                         (0 = 0.0%)
1  -O                                                                        (1 = 100.0%) {0.0%}
2  ... 

Histogram: SafeBrowsing.Pref.Enhanced recorded 1 samples, mean = 0.0 (flags = 0x1)
0  -O                                                                        (1 = 100.0%)
1  ... 

Histogram: SafeBrowsing.Pref.Enhanced.RegularProfile recorded 1 samples, mean = 0.0 (flags = 0x1)
0  -O                                                                        (1 = 100.0%)
1  ... 

Histogram: SafeBrowsing.Pref.General recorded 1 samples, mean = 1.0 (flags = 0x1)
0  O                                                                         (0 = 0.0%)
1  -O                                                                        (1 = 100.0%) {0.0%}
2  O                                                                         (0 = 0.0%) {100.0%}

Histogram: SafeBrowsing.Pref.JsOptimizerSetting recorded 1 samples, mean = 1.0 (flags = 0x1)
0  O                                                                         (0 = 0.0%)
1  -O                                                                        (1 = 100.0%) {0.0%}
2  ... 

Histogram: SafeBrowsing.RT.CacheManager.CleanUpTime recorded 1 samples, mean = 0.0 (flags = 0x1)
0  -O                                                                        (1 = 100.0%)
1  ... 

Histogram: SafeBrowsing.RT.CacheManager.CleanupReachedThreshold recorded 1 samples, mean = 0.0 (flags = 0x1)
0  -O                                                                        (1 = 100.0%)
1  ... 

Histogram: SafeBrowsing.RT.CacheManager.RealTimeVerdictCount2 recorded 1 samples, mean = 0.0 (flags = 0x1)
0  -O                                                                        (1 = 100.0%)
1  ... 

Histogram: SafeBrowsing.RT.CanCheckDatabase recorded 6 samples, mean = 1.0 (flags = 0x1)
0  O                                                                         (0 = 0.0%)
1  ------O                                                                   (6 = 100.0%) {0.0%}
2  O                                                                         (0 = 0.0%) {100.0%}

Histogram: SafeBrowsing.RT.ConsumerVersionReason recorded 22 samples, mean = 1.0 (flags = 0x1)
0  -----------O                                                              (11 = 50.0%)
1  O                                                                         (0 = 0.0%) {50.0%}
2  -----------O                                                              (11 = 50.0%) {50.0%}
3  ... 

Histogram: SafeBrowsing.SBCheckUrl.TimeTaken.LocalLookup recorded 4 samples, mean = 5.5 (flags = 0x1)
0   O                                                                         (0 = 0.0%)
1   --O                                                                       (2 = 50.0%) {0.0%}
2   ... 
10  --O                                                                       (2 = 50.0%) {50.0%}
12  ... 

Histogram: SafeBrowsing.SBCheckUrl.TimeTaken.LocalLookup.DbThreadQueueDelay recorded 4 samples, mean = 1.5 (flags = 0x1)
0  --O                                                                       (2 = 50.0%)
1  ... 
3  --O                                                                       (2 = 50.0%) {50.0%}
4  ... 

Histogram: SafeBrowsing.SBCheckUrl.TimeTaken.LocalLookup.StoreLookupDuration recorded 4 samples, mean = 0.0 (flags = 0x1)
0  ----O                                                                     (4 = 100.0%)
1  ... 

Histogram: SafeBrowsing.SBCheckUrl.TimeTaken.LocalLookup.UiCallbackQueueDelay recorded 4 samples, mean = 3.5 (flags = 0x1)
0  O                                                                         (0 = 0.0%)
1  --O                                                                       (2 = 50.0%) {0.0%}
2  ... 
6  --O                                                                       (2 = 50.0%) {50.0%}
7  ... 

Histogram: SafeBrowsing.SBDatabaseInitializationTime recorded 1 samples, mean = 381.0 (flags = 0x1)
0    ... 
378  -O                                                                        (1 = 100.0%) {0.0%}
449  ... 

Histogram: SafeBrowsing.SBStore.IsStoreValid recorded 11 samples, mean = 0.0 (flags = 0x1)
0  -----------O                                                              (11 = 100.0%)
1  ... 

Histogram: SafeBrowsing.SBStore.IsStoreValid.ChromeExtMalware recorded 1 samples, mean = 0.0 (flags = 0x1)
0  -O                                                                        (1 = 100.0%)
1  ... 

Histogram: SafeBrowsing.SBStore.IsStoreValid.UrlBilling recorded 1 samples, mean = 0.0 (flags = 0x1)
0  -O                                                                        (1 = 100.0%)
1  ... 

Histogram: SafeBrowsing.SBStore.IsStoreValid.UrlCsdAllowlist recorded 1 samples, mean = 0.0 (flags = 0x1)
0  -O                                                                        (1 = 100.0%)
1  ... 

Histogram: SafeBrowsing.SBStore.IsStoreValid.UrlCsdDownloadAllowlist recorded 1 samples, mean = 0.0 (flags = 0x1)
0  -O                                                                        (1 = 100.0%)
1  ... 

Histogram: SafeBrowsing.SBStore.IsStoreValid.UrlHighConfidenceAllowlist recorded 1 samples, mean = 0.0 (flags = 0x1)
0  -O                                                                        (1 = 100.0%)
1  ... 

Histogram: SafeBrowsing.SBStore.IsStoreValid.UrlMalBin recorded 1 samples, mean = 0.0 (flags = 0x1)
0  -O                                                                        (1 = 100.0%)
1  ... 

Histogram: SafeBrowsing.SBStore.IsStoreValid.UrlMalware recorded 1 samples, mean = 0.0 (flags = 0x1)
0  -O                                                                        (1 = 100.0%)
1  ... 

Histogram: SafeBrowsing.SBStore.IsStoreValid.UrlSoceng recorded 1 samples, mean = 0.0 (flags = 0x1)
0  -O                                                                        (1 = 100.0%)
1  ... 

Histogram: SafeBrowsing.SBStore.IsStoreValid.UrlSubresourceFilter recorded 1 samples, mean = 0.0 (flags = 0x1)
0  -O                                                                        (1 = 100.0%)
1  ... 

Histogram: SafeBrowsing.SBStore.IsStoreValid.UrlSuspiciousSite recorded 1 samples, mean = 0.0 (flags = 0x1)
0  -O                                                                        (1 = 100.0%)
1  ... 

Histogram: SafeBrowsing.SBStore.IsStoreValid.UrlUws recorded 1 samples, mean = 0.0 (flags = 0x1)
0  -O                                                                        (1 = 100.0%)
1  ... 

Histogram: SafeBrowsing.SBStore.ReadyOnStartup recorded 11 samples, mean = 0.0 (flags = 0x1)
0  -----------O                                                              (11 = 100.0%)
1  ... 

Histogram: SafeBrowsing.SBStoreRead.Success recorded 11 samples, mean = 0.0 (flags = 0x1)
0  -----------O                                                              (11 = 100.0%)
1  ... 

Histogram: SafeBrowsing.SBUpdate.NextUpdateInterval recorded 1 samples, mean = 207000.0 (flags = 0x1)
0       ... 
183050  -O                                                                        (1 = 100.0%) {0.0%}
231960  ... 

Histogram: SafeBrowsing.SiteProtection.FamiliarityMetricDataFetchStart recorded 2 samples, mean = 1.0 (flags = 0x1)
0  O                                                                         (0 = 0.0%)
1  --O                                                                       (2 = 100.0%) {0.0%}
2  O                                                                         (0 = 0.0%) {100.0%}

Histogram: SafeBrowsing.V4CheckUrl.TimeTaken.LocalLookup recorded 4 samples, mean = 5.5 (flags = 0x1)
0   O                                                                         (0 = 0.0%)
1   --O                                                                       (2 = 50.0%) {0.0%}
2   ... 
10  --O                                                                       (2 = 50.0%) {50.0%}
12  ... 

Histogram: SafeBrowsing.V4CheckUrl.TimeTaken.LocalLookup.DbThreadQueueDelay recorded 4 samples, mean = 1.5 (flags = 0x1)
0  --O                                                                       (2 = 50.0%)
1  ... 
3  --O                                                                       (2 = 50.0%) {50.0%}
4  ... 

Histogram: SafeBrowsing.V4CheckUrl.TimeTaken.LocalLookup.StoreLookupDuration recorded 4 samples, mean = 0.0 (flags = 0x1)
0  ----O                                                                     (4 = 100.0%)
1  ... 

Histogram: SafeBrowsing.V4CheckUrl.TimeTaken.LocalLookup.UiCallbackQueueDelay recorded 4 samples, mean = 3.5 (flags = 0x1)
0  O                                                                         (0 = 0.0%)
1  --O                                                                       (2 = 50.0%) {0.0%}
2  ... 
6  --O                                                                       (2 = 50.0%) {50.0%}
7  ... 

Histogram: SafeBrowsing.V4Database.Size recorded 1 samples, mean = 0.0 (flags = 0x1)
0  -O                                                                        (1 = 100.0%)
1  ... 

Histogram: SafeBrowsing.V4Database.Size.ChromeExtMalware recorded 1 samples, mean = 0.0 (flags = 0x1)
0  -O                                                                        (1 = 100.0%)
1  ... 

Histogram: SafeBrowsing.V4Database.Size.UrlBilling recorded 1 samples, mean = 0.0 (flags = 0x1)
0  -O                                                                        (1 = 100.0%)
1  ... 

Histogram: SafeBrowsing.V4Database.Size.UrlCsdAllowlist recorded 1 samples, mean = 0.0 (flags = 0x1)
0  -O                                                                        (1 = 100.0%)
1  ... 

Histogram: SafeBrowsing.V4Database.Size.UrlCsdDownloadAllowlist recorded 1 samples, mean = 0.0 (flags = 0x1)
0  -O                                                                        (1 = 100.0%)
1  ... 

Histogram: SafeBrowsing.V4Database.Size.UrlHighConfidenceAllowlist recorded 1 samples, mean = 0.0 (flags = 0x1)
0  -O                                                                        (1 = 100.0%)
1  ... 

Histogram: SafeBrowsing.V4Database.Size.UrlMalBin recorded 1 samples, mean = 0.0 (flags = 0x1)
0  -O                                                                        (1 = 100.0%)
1  ... 

Histogram: SafeBrowsing.V4Database.Size.UrlMalware recorded 1 samples, mean = 0.0 (flags = 0x1)
0  -O                                                                        (1 = 100.0%)
1  ... 

Histogram: SafeBrowsing.V4Database.Size.UrlSoceng recorded 1 samples, mean = 0.0 (flags = 0x1)
0  -O                                                                        (1 = 100.0%)
1  ... 

Histogram: SafeBrowsing.V4Database.Size.UrlSubresourceFilter recorded 1 samples, mean = 0.0 (flags = 0x1)
0  -O                                                                        (1 = 100.0%)
1  ... 

Histogram: SafeBrowsing.V4Database.Size.UrlSuspiciousSite recorded 1 samples, mean = 0.0 (flags = 0x1)
0  -O                                                                        (1 = 100.0%)
1  ... 

Histogram: SafeBrowsing.V4Database.Size.UrlUws recorded 1 samples, mean = 0.0 (flags = 0x1)
0  -O                                                                        (1 = 100.0%)
1  ... 

Histogram: SafeBrowsing.V4Database.SizeLinear recorded 1 samples, mean = 0.0 (flags = 0x1)
0  -O                                                                        (1 = 100.0%)
1  ... 

Histogram: SafeBrowsing.V4Database.SizeLinear.ChromeExtMalware recorded 1 samples, mean = 0.0 (flags = 0x1)
0  -O                                                                        (1 = 100.0%)
1  ... 

Histogram: SafeBrowsing.V4Database.SizeLinear.UrlMalBin recorded 1 samples, mean = 0.0 (flags = 0x1)
0  -O                                                                        (1 = 100.0%)
1  ... 

Histogram: SafeBrowsing.V4Database.SizeLinear.UrlSoceng recorded 1 samples, mean = 0.0 (flags = 0x1)
0  -O                                                                        (1 = 100.0%)
1  ... 

Histogram: SafeBrowsing.V4DatabaseInitializationTime recorded 1 samples, mean = 381.0 (flags = 0x1)
0    ... 
378  -O                                                                        (1 = 100.0%) {0.0%}
449  ... 

Histogram: SafeBrowsing.V4Store.IsStoreValid recorded 11 samples, mean = 0.0 (flags = 0x1)
0  -----------O                                                              (11 = 100.0%)
1  ... 

Histogram: SafeBrowsing.V4Store.IsStoreValid.ChromeExtMalware recorded 1 samples, mean = 0.0 (flags = 0x1)
0  -O                                                                        (1 = 100.0%)
1  ... 

Histogram: SafeBrowsing.V4Store.IsStoreValid.UrlBilling recorded 1 samples, mean = 0.0 (flags = 0x1)
0  -O                                                                        (1 = 100.0%)
1  ... 

Histogram: SafeBrowsing.V4Store.IsStoreValid.UrlCsdAllowlist recorded 1 samples, mean = 0.0 (flags = 0x1)
0  -O                                                                        (1 = 100.0%)
1  ... 

Histogram: SafeBrowsing.V4Store.IsStoreValid.UrlCsdDownloadAllowlist recorded 1 samples, mean = 0.0 (flags = 0x1)
0  -O                                                                        (1 = 100.0%)
1  ... 

Histogram: SafeBrowsing.V4Store.IsStoreValid.UrlHighConfidenceAllowlist recorded 1 samples, mean = 0.0 (flags = 0x1)
0  -O                                                                        (1 = 100.0%)
1  ... 

Histogram: SafeBrowsing.V4Store.IsStoreValid.UrlMalBin recorded 1 samples, mean = 0.0 (flags = 0x1)
0  -O                                                                        (1 = 100.0%)
1  ... 

Histogram: SafeBrowsing.V4Store.IsStoreValid.UrlMalware recorded 1 samples, mean = 0.0 (flags = 0x1)
0  -O                                                                        (1 = 100.0%)
1  ... 

Histogram: SafeBrowsing.V4Store.IsStoreValid.UrlSoceng recorded 1 samples, mean = 0.0 (flags = 0x1)
0  -O                                                                        (1 = 100.0%)
1  ... 

Histogram: SafeBrowsing.V4Store.IsStoreValid.UrlSubresourceFilter recorded 1 samples, mean = 0.0 (flags = 0x1)
0  -O                                                                        (1 = 100.0%)
1  ... 

Histogram: SafeBrowsing.V4Store.IsStoreValid.UrlSuspiciousSite recorded 1 samples, mean = 0.0 (flags = 0x1)
0  -O                                                                        (1 = 100.0%)
1  ... 

Histogram: SafeBrowsing.V4Store.IsStoreValid.UrlUws recorded 1 samples, mean = 0.0 (flags = 0x1)
0  -O                                                                        (1 = 100.0%)
1  ... 

Histogram: SafeBrowsing.V4Store.ReadyOnStartup recorded 11 samples, mean = 0.0 (flags = 0x1)
0  -----------O                                                              (11 = 100.0%)
1  ... 

Histogram: SafeBrowsing.V4Store.V5ToV4MigrationResult recorded 11 samples, mean = 2.0 (flags = 0x1)
0  ... 
2  -----------O                                                              (11 = 100.0%) {0.0%}
3  ... 

Histogram: SafeBrowsing.V4StoreRead.Result recorded 11 samples, mean = 2.0 (flags = 0x1)
0  ... 
2  -----------O                                                              (11 = 100.0%) {0.0%}
3  ... 

Histogram: SafeBrowsing.V4Update.NextUpdateInterval recorded 1 samples, mean = 207000.0 (flags = 0x1)
0       ... 
183050  -O                                                                        (1 = 100.0%) {0.0%}
231960  ... 

Histogram: SandboxedVfs.DbFile.CreateResult.ShaderCache recorded 1 samples, mean = 0.0 (flags = 0x1)
0  -O                                                                        (1 = 100.0%)
1  ... 

Histogram: SandboxedVfs.JournalFile.CreateResult.ShaderCache recorded 1 samples, mean = 0.0 (flags = 0x1)
0  -O                                                                        (1 = 100.0%)
1  ... 

Histogram: SandboxedVfs.WalJournalFile.CreateResult.ShaderCache recorded 1 samples, mean = 0.0 (flags = 0x1)
0  -O                                                                        (1 = 100.0%)
1  ... 

Histogram: Scheduling.ContendedLockAcquisitionTime.BaseLock.CrBrowserMain recorded 0 samples (flags = 0x1)
0 ... 

Histogram: Scheduling.ContendedLockAcquisitionTime.PartitionAllocLock.CrBrowserMain recorded 0 samples (flags = 0x1)
0 ... 

Histogram: Scheduling.MessagePump.WakeupCount.BrowserIO recorded 5766 samples, mean = 1.0 (flags = 0x1)
0  O                                                                         (0 = 0.0%)
1  ------------------------------------------------------------------------O (5766 = 100.0%) {0.0%}
2  O                                                                         (0 = 0.0%) {100.0%}

Histogram: Scheduling.MessagePump.WakeupCount.BrowserMain recorded 785 samples, mean = 1.0 (flags = 0x1)
0  O                                                                         (0 = 0.0%)
1  ------------------------------------------------------------------------O (785 = 100.0%) {0.0%}
2  O                                                                         (0 = 0.0%) {100.0%}

Histogram: Scheduling.MessagePumpTimeKeeper.BrowserIO recorded 0 samples (flags = 0x1)
0 ... 

Histogram: Scheduling.MessagePumpTimeKeeper.BrowserUI recorded 588 samples, mean = 5.0 (flags = 0x1)
0  ... 
5  ------------------------------------------------------------------------O (588 = 100.0%) {0.0%}
6  ... 

Histogram: Scheduling.ThreadController.ActiveIntervalDuration.Any.BrowserIO recorded 7 samples, mean = 0.0 (flags = 0x1)
0  -------O                                                                  (7 = 100.0%)
1  ... 

Histogram: Scheduling.ThreadController.ActiveIntervalDuration.Any.BrowserUI recorded 2 samples, mean = 1.0 (flags = 0x1)
0  O                                                                         (0 = 0.0%)
1  --O                                                                       (2 = 100.0%) {0.0%}
2  ... 

Histogram: Scheduling.ThreadController.ActiveIntervalDuration.Any.Other recorded 1 samples, mean = 0.0 (flags = 0x1)
0  -O                                                                        (1 = 100.0%)
1  ... 

Histogram: Scheduling.ThreadController.ActiveIntervalDuration.Medium.BrowserUI recorded 2 samples, mean = 1.0 (flags = 0x1)
0  O                                                                         (0 = 0.0%)
1  --O                                                                       (2 = 100.0%) {0.0%}
2  ... 

Histogram: Scheduling.ThreadController.ActiveIntervalDuration.Short.BrowserIO recorded 7 samples, mean = 158.0 (flags = 0x1)
0    ... 
14   -O                                                                        (1 = 14.3%) {0.0%}
15   O                                                                         (0 = 0.0%) {14.3%}
16   -O                                                                        (1 = 14.3%) {14.3%}
17   ... 
29   -O                                                                        (1 = 14.3%) {28.6%}
31   ... 
45   -O                                                                        (1 = 14.3%) {42.9%}
47   -O                                                                        (1 = 14.3%) {57.1%}
49   ... 
201  -O                                                                        (1 = 14.3%) {71.4%}
211  ... 
739  -O                                                                        (1 = 14.3%) {85.7%}
777  ... 

Histogram: Scheduling.ThreadController.ActiveIntervalDuration.Short.Other recorded 1 samples, mean = 41.0 (flags = 0x1)
0   ... 
41  -O                                                                        (1 = 100.0%) {0.0%}
43  ... 

Histogram: Scheduling.ThreadController.ActiveIntervalOffCpuDuration.Any.BrowserIO recorded 7 samples, mean = 0.0 (flags = 0x1)
0  -------O                                                                  (7 = 100.0%)
1  ... 

Histogram: Scheduling.ThreadController.ActiveIntervalOffCpuDuration.Any.BrowserUI recorded 2 samples, mean = 0.0 (flags = 0x1)
0  --O                                                                       (2 = 100.0%)
1  ... 

Histogram: Scheduling.ThreadController.ActiveIntervalOffCpuDuration.Any.Other recorded 1 samples, mean = 0.0 (flags = 0x1)
0  -O                                                                        (1 = 100.0%)
1  ... 

Histogram: Scheduling.ThreadController.ActiveIntervalOffCpuDuration.Medium.BrowserUI recorded 2 samples, mean = 0.0 (flags = 0x1)
0  --O                                                                       (2 = 100.0%)
1  ... 

Histogram: Scheduling.ThreadController.ActiveIntervalOffCpuDuration.Short.BrowserIO recorded 7 samples, mean = 21.7 (flags = 0x1)
0    -O                                                                        (1 = 14.3%)
1    --O                                                                       (2 = 28.6%) {14.3%}
2    ---O                                                                      (3 = 42.9%) {42.9%}
3    ... 
142  -O                                                                        (1 = 14.3%) {85.7%}
149  ... 

Histogram: Scheduling.ThreadController.ActiveIntervalOffCpuDuration.Short.Other recorded 1 samples, mean = 9.0 (flags = 0x1)
0  ... 
9  -O                                                                        (1 = 100.0%) {0.0%}
10 ... 

Histogram: Scheduling.ThreadController.ActiveIntervalOnCpuDuration.Any.BrowserIO recorded 7 samples, mean = 0.0 (flags = 0x1)
0  -------O                                                                  (7 = 100.0%)
1  ... 

Histogram: Scheduling.ThreadController.ActiveIntervalOnCpuDuration.Any.BrowserUI recorded 2 samples, mean = 0.5 (flags = 0x1)
0  -O                                                                        (1 = 50.0%)
1  -O                                                                        (1 = 50.0%) {50.0%}
2  ... 

Histogram: Scheduling.ThreadController.ActiveIntervalOnCpuDuration.Any.Other recorded 1 samples, mean = 0.0 (flags = 0x1)
0  -O                                                                        (1 = 100.0%)
1  ... 

Histogram: Scheduling.ThreadController.ActiveIntervalOnCpuDuration.Medium.BrowserUI recorded 2 samples, mean = 0.5 (flags = 0x1)
0  -O                                                                        (1 = 50.0%)
1  -O                                                                        (1 = 50.0%) {50.0%}
2  ... 

Histogram: Scheduling.ThreadController.ActiveIntervalOnCpuDuration.Short.BrowserIO recorded 7 samples, mean = 136.3 (flags = 0x1)
0    ... 
13   -O                                                                        (1 = 14.3%) {0.0%}
14   -O                                                                        (1 = 14.3%) {14.3%}
15   ... 
29   -O                                                                        (1 = 14.3%) {28.6%}
31   ... 
43   -O                                                                        (1 = 14.3%) {42.9%}
45   -O                                                                        (1 = 14.3%) {57.1%}
47   ... 
64   -O                                                                        (1 = 14.3%) {71.4%}
67   ... 
739  -O                                                                        (1 = 14.3%) {85.7%}
777  ... 

Histogram: Scheduling.ThreadController.ActiveIntervalOnCpuDuration.Short.Other recorded 1 samples, mean = 32.0 (flags = 0x1)
0   ... 
31  -O                                                                        (1 = 100.0%) {0.0%}
33  ... 

Histogram: Scheduling.ThreadController.ActiveIntervalOnCpuPercentage.Any.BrowserIO recorded 7 samples, mean = 85.1 (flags = 0x1)
0    ... 
31   -O                                                                        (1 = 14.3%) {0.0%}
32   ... 
87   -O                                                                        (1 = 14.3%) {14.3%}
88   ... 
92   -O                                                                        (1 = 14.3%) {28.6%}
93   ... 
95   --O                                                                       (2 = 28.6%) {42.9%}
96   -O                                                                        (1 = 14.3%) {71.4%}
97   ... 
100  -O                                                                        (1 = 14.3%) {85.7%}
101  O                                                                         (0 = 0.0%) {100.0%}

Histogram: Scheduling.ThreadController.ActiveIntervalOnCpuPercentage.Any.BrowserUI recorded 2 samples, mean = 63.5 (flags = 0x1)
0   ... 
37  -O                                                                        (1 = 50.0%) {0.0%}
38  ... 
90  -O                                                                        (1 = 50.0%) {50.0%}
91  ... 

Histogram: Scheduling.ThreadController.ActiveIntervalOnCpuPercentage.Any.Other recorded 1 samples, mean = 78.0 (flags = 0x1)
0   ... 
78  -O                                                                        (1 = 100.0%) {0.0%}
79  ... 

Histogram: Scheduling.ThreadController.ActiveIntervalOnCpuPercentage.Medium.BrowserUI recorded 2 samples, mean = 63.5 (flags = 0x1)
0   ... 
37  -O                                                                        (1 = 50.0%) {0.0%}
38  ... 
90  -O                                                                        (1 = 50.0%) {50.0%}
91  ... 

Histogram: Scheduling.ThreadController.ActiveIntervalOnCpuPercentage.Short.BrowserIO recorded 7 samples, mean = 85.1 (flags = 0x1)
0    ... 
31   -O                                                                        (1 = 14.3%) {0.0%}
32   ... 
87   -O                                                                        (1 = 14.3%) {14.3%}
88   ... 
92   -O                                                                        (1 = 14.3%) {28.6%}
93   ... 
95   --O                                                                       (2 = 28.6%) {42.9%}
96   -O                                                                        (1 = 14.3%) {71.4%}
97   ... 
100  -O                                                                        (1 = 14.3%) {85.7%}
101  O                                                                         (0 = 0.0%) {100.0%}

Histogram: Scheduling.ThreadController.ActiveIntervalOnCpuPercentage.Short.Other recorded 1 samples, mean = 78.0 (flags = 0x1)
0   ... 
78  -O                                                                        (1 = 100.0%) {0.0%}
79  ... 

Histogram: Scheduling.ThreadController.IdleDuration.Any.BrowserIO recorded 7 samples, mean = 0.6 (flags = 0x1)
0  -----O                                                                    (5 = 71.4%)
1  -O                                                                        (1 = 14.3%) {71.4%}
2  O                                                                         (0 = 0.0%) {85.7%}
3  -O                                                                        (1 = 14.3%) {85.7%}
4  ... 

Histogram: Scheduling.ThreadController.IdleDuration.Any.BrowserUI recorded 2 samples, mean = 2.5 (flags = 0x1)
0  -O                                                                        (1 = 50.0%)
1  ... 
5  -O                                                                        (1 = 50.0%) {50.0%}
6  ... 

Histogram: Scheduling.ThreadController.IdleDuration.Any.Other recorded 1 samples, mean = 0.0 (flags = 0x1)
0  -O                                                                        (1 = 100.0%)
1  ... 

Histogram: Scheduling.ThreadController.IdleDuration.Medium.BrowserIO recorded 2 samples, mean = 2.0 (flags = 0x1)
0  O                                                                         (0 = 0.0%)
1  -O                                                                        (1 = 50.0%) {0.0%}
2  O                                                                         (0 = 0.0%) {50.0%}
3  -O                                                                        (1 = 50.0%) {50.0%}
4  ... 

Histogram: Scheduling.ThreadController.IdleDuration.Medium.BrowserUI recorded 1 samples, mean = 5.0 (flags = 0x1)
0  ... 
5  -O                                                                        (1 = 100.0%) {0.0%}
6  ... 

Histogram: Scheduling.ThreadController.IdleDuration.Short.BrowserIO recorded 5 samples, mean = 64.2 (flags = 0x1)
0    ... 
31   --O                                                                       (2 = 40.0%) {0.0%}
33   -O                                                                        (1 = 20.0%) {40.0%}
35   ... 
95   -O                                                                        (1 = 20.0%) {60.0%}
100  ... 
128  -O                                                                        (1 = 20.0%) {80.0%}
135  ... 

Histogram: Scheduling.ThreadController.IdleDuration.Short.BrowserUI recorded 1 samples, mean = 121.0 (flags = 0x1)
0    ... 
116  -O                                                                        (1 = 100.0%) {0.0%}
122  ... 

Histogram: Scheduling.ThreadController.IdleDuration.Short.Other recorded 1 samples, mean = 141.0 (flags = 0x1)
0    ... 
135  -O                                                                        (1 = 100.0%) {0.0%}
142  ... 

Histogram: Search.ChoiceDebug.UnknownCountryIdStored recorded 1 samples, mean = 5.0 (flags = 0x1)
0  ... 
5  -O                                                                        (1 = 100.0%) {0.0%}
6  O                                                                         (0 = 0.0%) {100.0%}

Histogram: Search.DefaultSearchEngineMirrorCheckOutcome recorded 1 samples, mean = 0.0 (flags = 0x1)
0  -O                                                                        (1 = 100.0%)
1  ... 

Histogram: Search.DefaultSearchEngineMirrored recorded 1 samples, mean = 1.0 (flags = 0x1)
0  O                                                                         (0 = 0.0%)
1  -O                                                                        (1 = 100.0%) {0.0%}
2  O                                                                         (0 = 0.0%) {100.0%}

Histogram: Search.DefaultSearchProviderType2 recorded 1 samples, mean = 14.0 (flags = 0x1)
0   ... 
14  -O                                                                        (1 = 100.0%) {0.0%}
15  ... 

Histogram: Search.DefaultSearchProviderType2.Fallback recorded 1 samples, mean = 14.0 (flags = 0x1)
0   ... 
14  -O                                                                        (1 = 100.0%) {0.0%}
15  ... 

Histogram: Search.Integrity.CrossDomainSearch recorded 1 samples, mean = 0.0 (flags = 0x1)
0  -O                                                                        (1 = 100.0%)
1  ... 

Histogram: Search.Integrity.CrossTldSearch recorded 1 samples, mean = 0.0 (flags = 0x1)
0  -O                                                                        (1 = 100.0%)
1  ... 

Histogram: Search.Integrity.Enterprise.DuplicateKeyword recorded 1 samples, mean = 0.0 (flags = 0x1)
0  -O                                                                        (1 = 100.0%)
1  ... 

Histogram: Search.Integrity.Enterprise.IsDefaultCustomWithMatchingPolicyEngine recorded 1 samples, mean = 0.0 (flags = 0x1)
0  -O                                                                        (1 = 100.0%)
1  ... 

Histogram: Search.Integrity.Enterprise.IsDefaultEnforcedWithoutPolicy recorded 1 samples, mean = 0.0 (flags = 0x1)
0  -O                                                                        (1 = 100.0%)
1  ... 

Histogram: Search.Integrity.ExtensionUrlSearch recorded 1 samples, mean = 0.0 (flags = 0x1)
0  -O                                                                        (1 = 100.0%)
1  ... 

Histogram: Search.Integrity.ObfuscatedSearchUrl recorded 1 samples, mean = 0.0 (flags = 0x1)
0  -O                                                                        (1 = 100.0%)
1  ... 

Histogram: Search.SearchProviderOverrideStatus recorded 2 samples, mean = 0.0 (flags = 0x1)
0  --O                                                                       (2 = 100.0%)
1  ... 

Histogram: Security.GwpAsan.Activated.Malloc.Browser recorded 1 samples, mean = 0.0 (flags = 0x1)
0  -O                                                                        (1 = 100.0%)
1  ... 

Histogram: Security.GwpAsan.Activated.PartitionAlloc.Browser recorded 1 samples, mean = 0.0 (flags = 0x1)
0  -O                                                                        (1 = 100.0%)
1  ... 

Histogram: Security.HttpsFirstMode.SettingEnabledAtStartup2 recorded 1 samples, mean = 0.0 (flags = 0x1)
0  -O                                                                        (1 = 100.0%)
1  ... 

Histogram: Security.HttpsFirstMode.SettingEnabledAtStartupDetailed recorded 1 samples, mean = 0.0 (flags = 0x1)
0  -O                                                                        (1 = 100.0%)
1  ... 

Histogram: Security.NavigationRequestSecurityLevel recorded 3 samples, mean = 4.7 (flags = 0x1)
0  ... 
4  --O                                                                       (2 = 66.7%) {0.0%}
5  O                                                                         (0 = 0.0%) {66.7%}
6  -O                                                                        (1 = 33.3%) {66.7%}
7  ... 

Histogram: Security.PageEndReason.NONE recorded 2 samples, mean = 4.5 (flags = 0x1)
0  ... 
3  -O                                                                        (1 = 50.0%) {0.0%}
4  ... 
6  -O                                                                        (1 = 50.0%) {50.0%}
7  ... 

Histogram: Security.PageEndReason.SafetyTip_None recorded 1 samples, mean = 6.0 (flags = 0x1)
0  ... 
6  -O                                                                        (1 = 100.0%) {0.0%}
7  ... 

Histogram: Security.PageEndReason.SafetyTip_Unknown recorded 1 samples, mean = 3.0 (flags = 0x1)
0  ... 
3  -O                                                                        (1 = 100.0%) {0.0%}
4  ... 

Histogram: Security.SafetyTips.SafetyTipShown recorded 2 samples, mean = 1.0 (flags = 0x1)
0  O                                                                         (0 = 0.0%)
1  --O                                                                       (2 = 100.0%) {0.0%}
2  ... 

Histogram: Security.SecurityLevel.OnCommit recorded 2 samples, mean = 0.0 (flags = 0x1)
0  --O                                                                       (2 = 100.0%)
1  ... 

Histogram: Security.SecurityLevel.OnComplete recorded 2 samples, mean = 0.0 (flags = 0x1)
0  --O                                                                       (2 = 100.0%)
1  ... 

Histogram: Security.SiteEngagement.NONE recorded 2 samples, mean = 3.0 (flags = 0x1)
0  ... 
3  --O                                                                       (2 = 100.0%) {0.0%}
4  ... 

Histogram: Security.SiteEngagement.SafetyTip_None recorded 1 samples, mean = 3.0 (flags = 0x1)
0  ... 
3  -O                                                                        (1 = 100.0%) {0.0%}
4  ... 

Histogram: Security.SiteEngagement.SafetyTip_Unknown recorded 1 samples, mean = 3.0 (flags = 0x1)
0  ... 
3  -O                                                                        (1 = 100.0%) {0.0%}
4  ... 

Histogram: Security.TimeOnPage2.NONE recorded 2 samples, mean = 340.0 (flags = 0x1)
0    ... 
210  -O                                                                        (1 = 50.0%) {0.0%}
242  ... 
429  -O                                                                        (1 = 50.0%) {50.0%}
495  ... 

Histogram: Security.TimeOnPage2.SafetyTip_None recorded 1 samples, mean = 462.0 (flags = 0x1)
0    ... 
429  -O                                                                        (1 = 100.0%) {0.0%}
495  ... 

Histogram: Security.TimeOnPage2.SafetyTip_Unknown recorded 1 samples, mean = 218.0 (flags = 0x1)
0    ... 
210  -O                                                                        (1 = 100.0%) {0.0%}
242  ... 

Histogram: SegmentationPlatform.Database.InitDatabase recorded 1 samples, mean = 14.0 (flags = 0x1)
0   ... 
14  -O                                                                        (1 = 100.0%) {0.0%}
17  ... 

Histogram: SegmentationPlatform.Database.OnUrlValidated recorded 2 samples, mean = 0.0 (flags = 0x1)
0  --O                                                                       (2 = 100.0%)
1  ... 

Histogram: SegmentationPlatform.Database.StoreUkmEntry recorded 17 samples, mean = 0.1 (flags = 0x1)
0  ----------------O                                                         (16 = 94.1%)
1  O                                                                         (0 = 0.0%) {94.1%}
2  -O                                                                        (1 = 5.9%) {94.1%}
3  ... 

Histogram: SegmentationPlatform.Database.UpdateUrlForUkmSource recorded 11 samples, mean = 0.0 (flags = 0x1)
0  -----------O                                                              (11 = 100.0%)
1  ... 

Histogram: SegmentationPlatform.DefaultModelDelivery.Metadata.FeatureCount.ChromeLowUserEngagement recorded 1 samples, mean = 1.0 (flags = 0x1)
0  O                                                                         (0 = 0.0%)
1  -O                                                                        (1 = 100.0%) {0.0%}
2  ... 

Histogram: SegmentationPlatform.DefaultModelDelivery.Metadata.FeatureCount.ChromeUserEngagement recorded 1 samples, mean = 1.0 (flags = 0x1)
0  O                                                                         (0 = 0.0%)
1  -O                                                                        (1 = 100.0%) {0.0%}
2  ... 

Histogram: SegmentationPlatform.DefaultModelDelivery.Metadata.FeatureCount.ComposePromotion recorded 1 samples, mean = 1.0 (flags = 0x1)
0  O                                                                         (0 = 0.0%)
1  -O                                                                        (1 = 100.0%) {0.0%}
2  ... 

Histogram: SegmentationPlatform.DefaultModelDelivery.Metadata.FeatureCount.CrossDeviceUserSegment recorded 1 samples, mean = 4.0 (flags = 0x1)
0  ... 
4  -O                                                                        (1 = 100.0%) {0.0%}
5  ... 

Histogram: SegmentationPlatform.DefaultModelDelivery.Metadata.FeatureCount.DatabaseApiClients recorded 1 samples, mean = 3.0 (flags = 0x1)
0  ... 
3  -O                                                                        (1 = 100.0%) {0.0%}
4  ... 

Histogram: SegmentationPlatform.DefaultModelDelivery.Metadata.FeatureCount.DeviceSwitcher recorded 1 samples, mean = 1.0 (flags = 0x1)
0  O                                                                         (0 = 0.0%)
1  -O                                                                        (1 = 100.0%) {0.0%}
2  ... 

Histogram: SegmentationPlatform.DefaultModelDelivery.Metadata.FeatureCount.PasswordManagerUser recorded 1 samples, mean = 7.0 (flags = 0x1)
0  ... 
7  -O                                                                        (1 = 100.0%) {0.0%}
8  ... 

Histogram: SegmentationPlatform.DefaultModelDelivery.Metadata.FeatureCount.ResumeHeavyUserSegment recorded 1 samples, mean = 5.0 (flags = 0x1)
0  ... 
5  -O                                                                        (1 = 100.0%) {0.0%}
6  ... 

Histogram: SegmentationPlatform.DefaultModelDelivery.Metadata.FeatureCount.SearchUser recorded 1 samples, mean = 2.0 (flags = 0x1)
0  ... 
2  -O                                                                        (1 = 100.0%) {0.0%}
3  ... 

Histogram: SegmentationPlatform.DefaultModelDelivery.Metadata.FeatureCount.ShoppingUser recorded 1 samples, mean = 4.0 (flags = 0x1)
0  ... 
4  -O                                                                        (1 = 100.0%) {0.0%}
5  ... 

Histogram: SegmentationPlatform.DefaultModelDelivery.Metadata.FeatureCount.UrlVisitResumptionRanker recorded 1 samples, mean = 25.0 (flags = 0x1)
0   ... 
23  -O                                                                        (1 = 100.0%) {0.0%}
26  ... 

Histogram: SegmentationPlatform.DefaultModelDelivery.Metadata.Validation.Processed.ChromeLowUserEngagement recorded 1 samples, mean = 0.0 (flags = 0x1)
0  -O                                                                        (1 = 100.0%)
1  ... 

Histogram: SegmentationPlatform.DefaultModelDelivery.Metadata.Validation.Processed.ChromeUserEngagement recorded 1 samples, mean = 0.0 (flags = 0x1)
0  -O                                                                        (1 = 100.0%)
1  ... 

Histogram: SegmentationPlatform.DefaultModelDelivery.Metadata.Validation.Processed.ComposePromotion recorded 1 samples, mean = 0.0 (flags = 0x1)
0  -O                                                                        (1 = 100.0%)
1  ... 

Histogram: SegmentationPlatform.DefaultModelDelivery.Metadata.Validation.Processed.CrossDeviceUserSegment recorded 1 samples, mean = 0.0 (flags = 0x1)
0  -O                                                                        (1 = 100.0%)
1  ... 

Histogram: SegmentationPlatform.DefaultModelDelivery.Metadata.Validation.Processed.DatabaseApiClients recorded 1 samples, mean = 0.0 (flags = 0x1)
0  -O                                                                        (1 = 100.0%)
1  ... 

Histogram: SegmentationPlatform.DefaultModelDelivery.Metadata.Validation.Processed.DeviceSwitcher recorded 1 samples, mean = 0.0 (flags = 0x1)
0  -O                                                                        (1 = 100.0%)
1  ... 

Histogram: SegmentationPlatform.DefaultModelDelivery.Metadata.Validation.Processed.PasswordManagerUser recorded 1 samples, mean = 0.0 (flags = 0x1)
0  -O                                                                        (1 = 100.0%)
1  ... 

Histogram: SegmentationPlatform.DefaultModelDelivery.Metadata.Validation.Processed.ResumeHeavyUserSegment recorded 1 samples, mean = 0.0 (flags = 0x1)
0  -O                                                                        (1 = 100.0%)
1  ... 

Histogram: SegmentationPlatform.DefaultModelDelivery.Metadata.Validation.Processed.SearchUser recorded 1 samples, mean = 0.0 (flags = 0x1)
0  -O                                                                        (1 = 100.0%)
1  ... 

Histogram: SegmentationPlatform.DefaultModelDelivery.Metadata.Validation.Processed.ShoppingUser recorded 1 samples, mean = 0.0 (flags = 0x1)
0  -O                                                                        (1 = 100.0%)
1  ... 

Histogram: SegmentationPlatform.DefaultModelDelivery.Metadata.Validation.Processed.UrlVisitResumptionRanker recorded 1 samples, mean = 0.0 (flags = 0x1)
0  -O                                                                        (1 = 100.0%)
1  ... 

Histogram: SegmentationPlatform.DefaultModelDelivery.Received recorded 11 samples (flags = 0x1)
16    -O                                                                        (1 = 9.1%)
21    -O                                                                        (1 = 9.1%)
23    -O                                                                        (1 = 9.1%)
27    -O                                                                        (1 = 9.1%)
45    -O                                                                        (1 = 9.1%)
46    -O                                                                        (1 = 9.1%)
1001  -O                                                                        (1 = 9.1%)
1004  -O                                                                        (1 = 9.1%)
1007  -O                                                                        (1 = 9.1%)
1009  -O                                                                        (1 = 9.1%)
1014  -O                                                                        (1 = 9.1%)

Histogram: SegmentationPlatform.DefaultModelDelivery.SaveResult.ChromeLowUserEngagement recorded 1 samples, mean = 1.0 (flags = 0x1)
0  O                                                                         (0 = 0.0%)
1  -O                                                                        (1 = 100.0%) {0.0%}
2  O                                                                         (0 = 0.0%) {100.0%}

Histogram: SegmentationPlatform.DefaultModelDelivery.SaveResult.ChromeUserEngagement recorded 1 samples, mean = 1.0 (flags = 0x1)
0  O                                                                         (0 = 0.0%)
1  -O                                                                        (1 = 100.0%) {0.0%}
2  O                                                                         (0 = 0.0%) {100.0%}

Histogram: SegmentationPlatform.DefaultModelDelivery.SaveResult.ComposePromotion recorded 1 samples, mean = 1.0 (flags = 0x1)
0  O                                                                         (0 = 0.0%)
1  -O                                                                        (1 = 100.0%) {0.0%}
2  O                                                                         (0 = 0.0%) {100.0%}

Histogram: SegmentationPlatform.DefaultModelDelivery.SaveResult.CrossDeviceUserSegment recorded 1 samples, mean = 1.0 (flags = 0x1)
0  O                                                                         (0 = 0.0%)
1  -O                                                                        (1 = 100.0%) {0.0%}
2  O                                                                         (0 = 0.0%) {100.0%}

Histogram: SegmentationPlatform.DefaultModelDelivery.SaveResult.DatabaseApiClients recorded 1 samples, mean = 1.0 (flags = 0x1)
0  O                                                                         (0 = 0.0%)
1  -O                                                                        (1 = 100.0%) {0.0%}
2  O                                                                         (0 = 0.0%) {100.0%}

Histogram: SegmentationPlatform.DefaultModelDelivery.SaveResult.DeviceSwitcher recorded 1 samples, mean = 1.0 (flags = 0x1)
0  O                                                                         (0 = 0.0%)
1  -O                                                                        (1 = 100.0%) {0.0%}
2  O                                                                         (0 = 0.0%) {100.0%}

Histogram: SegmentationPlatform.DefaultModelDelivery.SaveResult.PasswordManagerUser recorded 1 samples, mean = 1.0 (flags = 0x1)
0  O                                                                         (0 = 0.0%)
1  -O                                                                        (1 = 100.0%) {0.0%}
2  O                                                                         (0 = 0.0%) {100.0%}

Histogram: SegmentationPlatform.DefaultModelDelivery.SaveResult.ResumeHeavyUserSegment recorded 1 samples, mean = 1.0 (flags = 0x1)
0  O                                                                         (0 = 0.0%)
1  -O                                                                        (1 = 100.0%) {0.0%}
2  O                                                                         (0 = 0.0%) {100.0%}

Histogram: SegmentationPlatform.DefaultModelDelivery.SaveResult.SearchUser recorded 1 samples, mean = 1.0 (flags = 0x1)
0  O                                                                         (0 = 0.0%)
1  -O                                                                        (1 = 100.0%) {0.0%}
2  O                                                                         (0 = 0.0%) {100.0%}

Histogram: SegmentationPlatform.DefaultModelDelivery.SaveResult.ShoppingUser recorded 1 samples, mean = 1.0 (flags = 0x1)
0  O                                                                         (0 = 0.0%)
1  -O                                                                        (1 = 100.0%) {0.0%}
2  O                                                                         (0 = 0.0%) {100.0%}

Histogram: SegmentationPlatform.DefaultModelDelivery.SaveResult.UrlVisitResumptionRanker recorded 1 samples, mean = 1.0 (flags = 0x1)
0  O                                                                         (0 = 0.0%)
1  -O                                                                        (1 = 100.0%) {0.0%}
2  O                                                                         (0 = 0.0%) {100.0%}

Histogram: SegmentationPlatform.Init.CreationToInitializationLatency recorded 1 samples, mean = 480.0 (flags = 0x1)
0    ... 
452  -O                                                                        (1 = 100.0%) {0.0%}
574  ... 

Histogram: SegmentationPlatform.Init.ModelUpdatedTimeDifferenceInDays.ChromeLowUserEngagement recorded 1 samples, mean = 0.0 (flags = 0x1)
0  -O                                                                        (1 = 100.0%)
1  ... 

Histogram: SegmentationPlatform.Init.ModelUpdatedTimeDifferenceInDays.ChromeUserEngagement recorded 1 samples, mean = 0.0 (flags = 0x1)
0  -O                                                                        (1 = 100.0%)
1  ... 

Histogram: SegmentationPlatform.Init.ModelUpdatedTimeDifferenceInDays.ComposePromotion recorded 1 samples, mean = 0.0 (flags = 0x1)
0  -O                                                                        (1 = 100.0%)
1  ... 

Histogram: SegmentationPlatform.Init.ModelUpdatedTimeDifferenceInDays.CrossDeviceUserSegment recorded 1 samples, mean = 0.0 (flags = 0x1)
0  -O                                                                        (1 = 100.0%)
1  ... 

Histogram: SegmentationPlatform.Init.ModelUpdatedTimeDifferenceInDays.DatabaseApiClients recorded 1 samples, mean = 0.0 (flags = 0x1)
0  -O                                                                        (1 = 100.0%)
1  ... 

Histogram: SegmentationPlatform.Init.ModelUpdatedTimeDifferenceInDays.DeviceSwitcher recorded 1 samples, mean = 0.0 (flags = 0x1)
0  -O                                                                        (1 = 100.0%)
1  ... 

Histogram: SegmentationPlatform.Init.ModelUpdatedTimeDifferenceInDays.PasswordManagerUser recorded 1 samples, mean = 0.0 (flags = 0x1)
0  -O                                                                        (1 = 100.0%)
1  ... 

Histogram: SegmentationPlatform.Init.ModelUpdatedTimeDifferenceInDays.ResumeHeavyUserSegment recorded 1 samples, mean = 0.0 (flags = 0x1)
0  -O                                                                        (1 = 100.0%)
1  ... 

Histogram: SegmentationPlatform.Init.ModelUpdatedTimeDifferenceInDays.SearchUser recorded 1 samples, mean = 0.0 (flags = 0x1)
0  -O                                                                        (1 = 100.0%)
1  ... 

Histogram: SegmentationPlatform.Init.ModelUpdatedTimeDifferenceInDays.ShoppingUser recorded 1 samples, mean = 0.0 (flags = 0x1)
0  -O                                                                        (1 = 100.0%)
1  ... 

Histogram: SegmentationPlatform.Init.ModelUpdatedTimeDifferenceInDays.UrlVisitResumptionRanker recorded 1 samples, mean = 0.0 (flags = 0x1)
0  -O                                                                        (1 = 100.0%)
1  ... 

Histogram: SegmentationPlatform.Init.ProcessCreationToServiceCreationLatency recorded 1 samples, mean = 280183776.0 (flags = 0x1)
0       ... 
180000  -O                                                                        (1 = 100.0%) {0.0%}

Histogram: SegmentationPlatform.ModelAvailability.ChromeLowUserEngagement recorded 1 samples, mean = 0.0 (flags = 0x1)
0  -O                                                                        (1 = 100.0%)
1  ... 

Histogram: SegmentationPlatform.ModelAvailability.ComposePromotion recorded 1 samples, mean = 0.0 (flags = 0x1)
0  -O                                                                        (1 = 100.0%)
1  ... 

Histogram: SegmentationPlatform.ModelAvailability.DeviceSwitcher recorded 1 samples, mean = 0.0 (flags = 0x1)
0  -O                                                                        (1 = 100.0%)
1  ... 

Histogram: SegmentationPlatform.ModelAvailability.SearchUser recorded 1 samples, mean = 0.0 (flags = 0x1)
0  -O                                                                        (1 = 100.0%)
1  ... 

Histogram: SegmentationPlatform.ModelAvailability.ShoppingUser recorded 1 samples, mean = 0.0 (flags = 0x1)
0  -O                                                                        (1 = 100.0%)
1  ... 

Histogram: SegmentationPlatform.ModelAvailability.UrlVisitResumptionRanker recorded 1 samples, mean = 0.0 (flags = 0x1)
0  -O                                                                        (1 = 100.0%)
1  ... 

Histogram: SegmentationPlatform.SegmentInfoDatabase.ProtoDBUpdateResult.ChromeLowUserEngagement recorded 1 samples, mean = 1.0 (flags = 0x1)
0  O                                                                         (0 = 0.0%)
1  -O                                                                        (1 = 100.0%) {0.0%}
2  O                                                                         (0 = 0.0%) {100.0%}

Histogram: SegmentationPlatform.SegmentInfoDatabase.ProtoDBUpdateResult.ChromeUserEngagement recorded 1 samples, mean = 1.0 (flags = 0x1)
0  O                                                                         (0 = 0.0%)
1  -O                                                                        (1 = 100.0%) {0.0%}
2  O                                                                         (0 = 0.0%) {100.0%}

Histogram: SegmentationPlatform.SegmentInfoDatabase.ProtoDBUpdateResult.ComposePromotion recorded 1 samples, mean = 1.0 (flags = 0x1)
0  O                                                                         (0 = 0.0%)
1  -O                                                                        (1 = 100.0%) {0.0%}
2  O                                                                         (0 = 0.0%) {100.0%}

Histogram: SegmentationPlatform.SegmentInfoDatabase.ProtoDBUpdateResult.CrossDeviceUserSegment recorded 1 samples, mean = 1.0 (flags = 0x1)
0  O                                                                         (0 = 0.0%)
1  -O                                                                        (1 = 100.0%) {0.0%}
2  O                                                                         (0 = 0.0%) {100.0%}

Histogram: SegmentationPlatform.SegmentInfoDatabase.ProtoDBUpdateResult.DatabaseApiClients recorded 1 samples, mean = 1.0 (flags = 0x1)
0  O                                                                         (0 = 0.0%)
1  -O                                                                        (1 = 100.0%) {0.0%}
2  O                                                                         (0 = 0.0%) {100.0%}

Histogram: SegmentationPlatform.SegmentInfoDatabase.ProtoDBUpdateResult.DeviceSwitcher recorded 1 samples, mean = 1.0 (flags = 0x1)
0  O                                                                         (0 = 0.0%)
1  -O                                                                        (1 = 100.0%) {0.0%}
2  O                                                                         (0 = 0.0%) {100.0%}

Histogram: SegmentationPlatform.SegmentInfoDatabase.ProtoDBUpdateResult.PasswordManagerUser recorded 1 samples, mean = 1.0 (flags = 0x1)
0  O                                                                         (0 = 0.0%)
1  -O                                                                        (1 = 100.0%) {0.0%}
2  O                                                                         (0 = 0.0%) {100.0%}

Histogram: SegmentationPlatform.SegmentInfoDatabase.ProtoDBUpdateResult.ResumeHeavyUserSegment recorded 1 samples, mean = 1.0 (flags = 0x1)
0  O                                                                         (0 = 0.0%)
1  -O                                                                        (1 = 100.0%) {0.0%}
2  O                                                                         (0 = 0.0%) {100.0%}

Histogram: SegmentationPlatform.SegmentInfoDatabase.ProtoDBUpdateResult.SearchUser recorded 1 samples, mean = 1.0 (flags = 0x1)
0  O                                                                         (0 = 0.0%)
1  -O                                                                        (1 = 100.0%) {0.0%}
2  O                                                                         (0 = 0.0%) {100.0%}

Histogram: SegmentationPlatform.SegmentInfoDatabase.ProtoDBUpdateResult.ShoppingUser recorded 1 samples, mean = 1.0 (flags = 0x1)
0  O                                                                         (0 = 0.0%)
1  -O                                                                        (1 = 100.0%) {0.0%}
2  O                                                                         (0 = 0.0%) {100.0%}

Histogram: SegmentationPlatform.SegmentInfoDatabase.ProtoDBUpdateResult.UrlVisitResumptionRanker recorded 1 samples, mean = 1.0 (flags = 0x1)
0  O                                                                         (0 = 0.0%)
1  -O                                                                        (1 = 100.0%) {0.0%}
2  O                                                                         (0 = 0.0%) {100.0%}

Histogram: SegmentationPlatform.SelectionFailedReason.ChromeLowUserEngagement recorded 1 samples, mean = 17.0 (flags = 0x1)
0   ... 
17  -O                                                                        (1 = 100.0%) {0.0%}
18  ... 

Histogram: SegmentationPlatform.SelectionFailedReason.ChromeUserEngagement recorded 1 samples, mean = 17.0 (flags = 0x1)
0   ... 
17  -O                                                                        (1 = 100.0%) {0.0%}
18  ... 

Histogram: SegmentationPlatform.SelectionFailedReason.ComposePromotion recorded 1 samples, mean = 17.0 (flags = 0x1)
0   ... 
17  -O                                                                        (1 = 100.0%) {0.0%}
18  ... 

Histogram: SegmentationPlatform.SelectionFailedReason.CrossDeviceUser recorded 1 samples, mean = 17.0 (flags = 0x1)
0   ... 
17  -O                                                                        (1 = 100.0%) {0.0%}
18  ... 

Histogram: SegmentationPlatform.SelectionFailedReason.DatabaseApiClients recorded 1 samples, mean = 17.0 (flags = 0x1)
0   ... 
17  -O                                                                        (1 = 100.0%) {0.0%}
18  ... 

Histogram: SegmentationPlatform.SelectionFailedReason.DeviceSwitcher recorded 1 samples, mean = 17.0 (flags = 0x1)
0   ... 
17  -O                                                                        (1 = 100.0%) {0.0%}
18  ... 

Histogram: SegmentationPlatform.SelectionFailedReason.PasswordManagerUser recorded 1 samples, mean = 17.0 (flags = 0x1)
0   ... 
17  -O                                                                        (1 = 100.0%) {0.0%}
18  ... 

Histogram: SegmentationPlatform.SelectionFailedReason.ResumeHeavyUser recorded 1 samples, mean = 17.0 (flags = 0x1)
0   ... 
17  -O                                                                        (1 = 100.0%) {0.0%}
18  ... 

Histogram: SegmentationPlatform.SelectionFailedReason.SearchUser recorded 1 samples, mean = 17.0 (flags = 0x1)
0   ... 
17  -O                                                                        (1 = 100.0%) {0.0%}
18  ... 

Histogram: SegmentationPlatform.SelectionFailedReason.ShoppingUser recorded 1 samples, mean = 17.0 (flags = 0x1)
0   ... 
17  -O                                                                        (1 = 100.0%) {0.0%}
18  ... 

Histogram: SegmentationPlatform.SelectionFailedReason.URLVisitResumptionRanker recorded 1 samples, mean = 17.0 (flags = 0x1)
0   ... 
17  -O                                                                        (1 = 100.0%) {0.0%}
18  ... 

Histogram: SegmentationPlatform.Signals.ListeningCount.HistogramEnum recorded 1 samples, mean = 7.0 (flags = 0x1)
0  ... 
7  -O                                                                        (1 = 100.0%) {0.0%}
8  ... 

Histogram: SegmentationPlatform.Signals.ListeningCount.HistogramValue recorded 1 samples, mean = 7.0 (flags = 0x1)
0  ... 
7  -O                                                                        (1 = 100.0%) {0.0%}
8  ... 

Histogram: SegmentationPlatform.Signals.ListeningCount.UserAction recorded 1 samples, mean = 7.0 (flags = 0x1)
0  ... 
7  -O                                                                        (1 = 100.0%) {0.0%}
8  ... 

Histogram: SegmentationPlatform.SyncSessions.TabsCountAtStartup recorded 1 samples, mean = 0.0 (flags = 0x1)
0  -O                                                                        (1 = 100.0%)
1  ... 

Histogram: ServiceWorker.Database.OpenResult recorded 1 samples, mean = 0.0 (flags = 0x1)
0  -O                                                                        (1 = 100.0%)
1  ... 

Histogram: ServiceWorker.Database.ReadResult recorded 3 samples, mean = 0.0 (flags = 0x1)
0  ---O                                                                      (3 = 100.0%)
1  ... 

Histogram: ServiceWorker.Database.WriteResult recorded 4 samples, mean = 0.0 (flags = 0x1)
0  ----O                                                                     (4 = 100.0%)
1  ... 

Histogram: ServiceWorker.DiskCache.InitResult recorded 1 samples, mean = 1.0 (flags = 0x1)
0  O                                                                         (0 = 0.0%)
1  -O                                                                        (1 = 100.0%) {0.0%}
2  O                                                                         (0 = 0.0%) {100.0%}

Histogram: ServiceWorker.DiskCache.WriteResponseResult recorded 4 samples, mean = 0.0 (flags = 0x1)
0  ----O                                                                     (4 = 100.0%)
1  ... 

Histogram: ServiceWorker.FindRegistrationForClientUrl.IsCalledForNavigation recorded 2 samples, mean = 0.0 (flags = 0x1)
0  --O                                                                       (2 = 100.0%)
1  ... 

Histogram: ServiceWorker.MainScriptUrlValidationResult recorded 2 samples, mean = 0.0 (flags = 0x1)
0  --O                                                                       (2 = 100.0%)
1  ... 

Histogram: ServiceWorker.MaybeStartWorker.Purpose recorded 2 samples, mean = 11.0 (flags = 0x1)
0   O                                                                         (0 = 0.0%)
1   -O                                                                        (1 = 50.0%) {0.0%}
2   ... 
21  -O                                                                        (1 = 50.0%) {50.0%}
22  ... 

Histogram: ServiceWorker.MaybeStartWorker.RunningStatus recorded 2 samples, mean = 2.0 (flags = 0x1)
0  ... 
2  --O                                                                       (2 = 100.0%) {0.0%}
3  ... 

Histogram: ServiceWorker.MaybeStartWorker.RunningStatusByPurpose_EXTERNAL_REQUEST recorded 1 samples, mean = 2.0 (flags = 0x1)
0  ... 
2  -O                                                                        (1 = 100.0%) {0.0%}
3  ... 

Histogram: ServiceWorker.MaybeStartWorker.RunningStatusByPurpose_INSTALL recorded 1 samples, mean = 2.0 (flags = 0x1)
0  ... 
2  -O                                                                        (1 = 100.0%) {0.0%}
3  ... 

Histogram: ServiceWorker.OnBrowserStartup.SkipServiceWorkerOnFirstNavigation recorded 1 samples, mean = 1.0 (flags = 0x1)
0  O                                                                         (0 = 0.0%)
1  -O                                                                        (1 = 100.0%) {0.0%}
2  O                                                                         (0 = 0.0%) {100.0%}

Histogram: ServiceWorker.RegisteredStorageKeyCount recorded 1 samples, mean = 0.0 (flags = 0x1)
0  -O                                                                        (1 = 100.0%)
1  ... 

Histogram: ServiceWorker.StartNewWorker.Time recorded 1 samples, mean = 787.0 (flags = 0x1)
0    ... 
718  -O                                                                        (1 = 100.0%) {0.0%}
881  ... 

Histogram: ServiceWorker.StartWorker.ContextValidationDifference recorded 1 samples, mean = 0.0 (flags = 0x1)
0  -O                                                                        (1 = 100.0%)
1  ... 

Histogram: ServiceWorker.Storage.ReadInitialDataFromDB.Time recorded 1 samples, mean = 1.0 (flags = 0x1)
0  O                                                                         (0 = 0.0%)
1  -O                                                                        (1 = 100.0%) {0.0%}
2  ... 

Histogram: ServiceWorker.Storage.RegisteredStorageKeyCacheInitialization.Time2 recorded 1 samples, mean = 393.0 (flags = 0x1)
0    ... 
356  -O                                                                        (1 = 100.0%) {0.0%}
452  ... 

Histogram: ServiceWorkerCache.CacheStorage.Scheduler.OperationDuration2 recorded 1 samples, mean = 0.0 (flags = 0x1)
0  -O                                                                        (1 = 100.0%)
1  ... 

Histogram: ServiceWorkerCache.CacheStorage.Scheduler.OperationDuration2.Init recorded 1 samples, mean = 0.0 (flags = 0x1)
0  -O                                                                        (1 = 100.0%)
1  ... 

Histogram: ServiceWorkerCache.CacheStorage.Scheduler.QueueDuration2 recorded 1 samples, mean = 0.0 (flags = 0x1)
0  -O                                                                        (1 = 100.0%)
1  ... 

Histogram: ServiceWorkerCache.CacheStorage.Scheduler.QueueDuration2.Init recorded 1 samples, mean = 0.0 (flags = 0x1)
0  -O                                                                        (1 = 100.0%)
1  ... 

Histogram: ServiceWorkerCache.CacheStorage.Scheduler.QueueLength recorded 1 samples, mean = 0.0 (flags = 0x1)
0  -O                                                                        (1 = 100.0%)
1  ... 

Histogram: ServiceWorkerCache.CacheStorage.Scheduler.QueueLength.Init recorded 1 samples, mean = 0.0 (flags = 0x1)
0  -O                                                                        (1 = 100.0%)
1  ... 

Histogram: Session.CommandStorageBackend.SessionRestore.Cleartext.AppendCommands.Append.Duration recorded 1 samples, mean = 0.0 (flags = 0x1)
0  -O                                                                        (1 = 100.0%)
1  ... 

Histogram: Session.CommandStorageBackend.SessionRestore.Cleartext.AppendCommands.Append.FileSize recorded 1 samples, mean = 2376.0 (flags = 0x1)
0     ... 
2008  -O                                                                        (1 = 100.0%) {0.0%}
2786  ... 

Histogram: Session.CommandStorageBackend.SessionRestore.Cleartext.AppendCommands.Append.Status recorded 1 samples, mean = 1.0 (flags = 0x1)
0  O                                                                         (0 = 0.0%)
1  -O                                                                        (1 = 100.0%) {0.0%}
2  ... 

Histogram: Session.CommandStorageBackend.SessionRestore.Cleartext.AppendCommands.Truncate.Duration recorded 1 samples, mean = 3.0 (flags = 0x1)
0  ... 
3  -O                                                                        (1 = 100.0%) {0.0%}
4  ... 

Histogram: Session.CommandStorageBackend.SessionRestore.Cleartext.AppendCommands.Truncate.FileSize recorded 1 samples, mean = 2246.0 (flags = 0x1)
0     ... 
2008  -O                                                                        (1 = 100.0%) {0.0%}
2786  ... 

Histogram: Session.CommandStorageBackend.SessionRestore.Cleartext.AppendCommands.Truncate.Status recorded 1 samples, mean = 1.0 (flags = 0x1)
0  O                                                                         (0 = 0.0%)
1  -O                                                                        (1 = 100.0%) {0.0%}
2  ... 

Histogram: Session.CommandStorageBackend.TabRestore.Cleartext.AppendCommands.Truncate.Duration recorded 1 samples, mean = 30.0 (flags = 0x1)
0   ... 
29  -O                                                                        (1 = 100.0%) {0.0%}
34  ... 

Histogram: Session.CommandStorageBackend.TabRestore.Cleartext.AppendCommands.Truncate.FileSize recorded 1 samples, mean = 1884.0 (flags = 0x1)
0     ... 
1447  -O                                                                        (1 = 100.0%) {0.0%}
2008  ... 

Histogram: Session.CommandStorageBackend.TabRestore.Cleartext.AppendCommands.Truncate.Status recorded 1 samples, mean = 1.0 (flags = 0x1)
0  O                                                                         (0 = 0.0%)
1  -O                                                                        (1 = 100.0%) {0.0%}
2  ... 

Histogram: Session.CommandStorageBackend.TabRestore.Cleartext.ReadLastSessionCommands.Duration recorded 1 samples, mean = 12.0 (flags = 0x1)
0   ... 
12  -O                                                                        (1 = 100.0%) {0.0%}
14  ... 

Histogram: Session.CommandStorageBackend.TabRestore.Cleartext.ReadLastSessionCommands.Status recorded 1 samples, mean = 2.0 (flags = 0x1)
0  ... 
2  -O                                                                        (1 = 100.0%) {0.0%}
3  ... 

Histogram: SessionRestore.UnrecoverableWriteErrorCount recorded 1 samples, mean = 0.0 (flags = 0x1)
0  -O                                                                        (1 = 100.0%)
1  ... 

Histogram: Settings.AdvancedSpellcheck.OnStartup2 recorded 1 samples, mean = 0.0 (flags = 0x1)
0  -O                                                                        (1 = 100.0%)
1  ... 

Histogram: Settings.AutocompleteSearches.OnStartup2 recorded 1 samples, mean = 1.0 (flags = 0x1)
0  O                                                                         (0 = 0.0%)
1  -O                                                                        (1 = 100.0%) {0.0%}
2  O                                                                         (0 = 0.0%) {100.0%}

Histogram: Settings.FirstPartySets.State recorded 1 samples, mean = 0.0 (flags = 0x1)
0  -O                                                                        (1 = 100.0%)
1  ... 

Histogram: Settings.PreloadStatus.OnStartup3 recorded 1 samples, mean = 1.0 (flags = 0x1)
0  O                                                                         (0 = 0.0%)
1  -O                                                                        (1 = 100.0%) {0.0%}
2  ... 

Histogram: Settings.PrivacySandbox.AdMeasurement.Enabled recorded 1 samples, mean = 0.0 (flags = 0x1)
0  -O                                                                        (1 = 100.0%)
1  ... 

Histogram: Settings.PrivacySandbox.Fledge.Enabled recorded 1 samples, mean = 0.0 (flags = 0x1)
0  -O                                                                        (1 = 100.0%)
1  ... 

Histogram: Settings.PrivacySandbox.Topics.Enabled recorded 1 samples, mean = 0.0 (flags = 0x1)
0  -O                                                                        (1 = 100.0%)
1  ... 

Histogram: Settings.StartupPageLoadSettings2 recorded 1 samples, mean = 5.0 (flags = 0x1)
0  ... 
5  -O                                                                        (1 = 100.0%) {0.0%}
6  ... 

Histogram: Settings.TrackedPreferenceCleared.FromRegistry recorded 3 samples, mean = 17.3 (flags = 0x1)
0   ... 
5   -O                                                                        (1 = 33.3%) {0.0%}
6   ... 
11  -O                                                                        (1 = 33.3%) {33.3%}
12  ... 
36  -O                                                                        (1 = 33.3%) {66.7%}
37  ... 

Histogram: Settings.TrackedPreferenceNullInitialized recorded 26 samples, mean = 16.3 (flags = 0x1)
0   --O                                                                       (2 = 7.7%)
1   --O                                                                       (2 = 7.7%) {7.7%}
2   --O                                                                       (2 = 7.7%) {15.4%}
3   --O                                                                       (2 = 7.7%) {23.1%}
4   --O                                                                       (2 = 7.7%) {30.8%}
5   O                                                                         (0 = 0.0%) {38.5%}
6   -O                                                                        (1 = 3.8%) {38.5%}
7   -O                                                                        (1 = 3.8%) {42.3%}
8   ... 
11  -O                                                                        (1 = 3.8%) {46.2%}
12  ... 
14  -O                                                                        (1 = 3.8%) {50.0%}
15  -O                                                                        (1 = 3.8%) {53.8%}
16  ... 
18  -O                                                                        (1 = 3.8%) {57.7%}
19  ... 
23  -O                                                                        (1 = 3.8%) {61.5%}
24  ... 
29  -O                                                                        (1 = 3.8%) {65.4%}
30  ... 
32  -O                                                                        (1 = 3.8%) {69.2%}
33  -O                                                                        (1 = 3.8%) {73.1%}
34  -O                                                                        (1 = 3.8%) {76.9%}
35  --O                                                                       (2 = 7.7%) {80.8%}
36  -O                                                                        (1 = 3.8%) {88.5%}
37  -O                                                                        (1 = 3.8%) {92.3%}
38  -O                                                                        (1 = 3.8%) {96.2%}
39  O                                                                         (0 = 0.0%) {100.0%}

Histogram: Settings.TrackedPreferenceResets.Count recorded 2 samples, mean = 0.0 (flags = 0x1)
0  --O                                                                       (2 = 100.0%)
1  ... 

Histogram: Settings.TrackedPreferenceSuperEncryptedHashResult recorded 4 samples, mean = 2.0 (flags = 0x1)
0  ... 
2  ----O                                                                     (4 = 100.0%) {0.0%}
3  O                                                                         (0 = 0.0%) {100.0%}

Histogram: Settings.TrackedPreferenceUnchanged recorded 2 samples, mean = 5.0 (flags = 0x1)
0  ... 
5  --O                                                                       (2 = 100.0%) {0.0%}
6  ... 

Histogram: Settings.TrackedPreferenceUnchanged.FromRegistry recorded 24 samples, mean = 15.7 (flags = 0x1)
0   --O                                                                       (2 = 8.3%)
1   --O                                                                       (2 = 8.3%) {8.3%}
2   --O                                                                       (2 = 8.3%) {16.7%}
3   --O                                                                       (2 = 8.3%) {25.0%}
4   --O                                                                       (2 = 8.3%) {33.3%}
5   O                                                                         (0 = 0.0%) {41.7%}
6   -O                                                                        (1 = 4.2%) {41.7%}
7   -O                                                                        (1 = 4.2%) {45.8%}
8   ... 
14  -O                                                                        (1 = 4.2%) {50.0%}
15  -O                                                                        (1 = 4.2%) {54.2%}
16  ... 
18  -O                                                                        (1 = 4.2%) {58.3%}
19  ... 
23  -O                                                                        (1 = 4.2%) {62.5%}
24  ... 
29  -O                                                                        (1 = 4.2%) {66.7%}
30  ... 
32  -O                                                                        (1 = 4.2%) {70.8%}
33  -O                                                                        (1 = 4.2%) {75.0%}
34  -O                                                                        (1 = 4.2%) {79.2%}
35  --O                                                                       (2 = 8.3%) {83.3%}
36  O                                                                         (0 = 0.0%) {91.7%}
37  -O                                                                        (1 = 4.2%) {91.7%}
38  -O                                                                        (1 = 4.2%) {95.8%}
39  O                                                                         (0 = 0.0%) {100.0%}

Histogram: Settings.TrackedPreferenceUnchangedViaHmacFallback recorded 20 samples, mean = 18.9 (flags = 0x1)
0   -O                                                                        (1 = 5.0%)
1   -O                                                                        (1 = 5.0%) {5.0%}
2   -O                                                                        (1 = 5.0%) {10.0%}
3   -O                                                                        (1 = 5.0%) {15.0%}
4   -O                                                                        (1 = 5.0%) {20.0%}
5   O                                                                         (0 = 0.0%) {25.0%}
6   -O                                                                        (1 = 5.0%) {25.0%}
7   -O                                                                        (1 = 5.0%) {30.0%}
8   ... 
11  -O                                                                        (1 = 5.0%) {35.0%}
12  ... 
14  -O                                                                        (1 = 5.0%) {40.0%}
15  -O                                                                        (1 = 5.0%) {45.0%}
16  ... 
18  -O                                                                        (1 = 5.0%) {50.0%}
19  ... 
23  -O                                                                        (1 = 5.0%) {55.0%}
24  ... 
29  -O                                                                        (1 = 5.0%) {60.0%}
30  ... 
32  -O                                                                        (1 = 5.0%) {65.0%}
33  -O                                                                        (1 = 5.0%) {70.0%}
34  -O                                                                        (1 = 5.0%) {75.0%}
35  -O                                                                        (1 = 5.0%) {80.0%}
36  -O                                                                        (1 = 5.0%) {85.0%}
37  -O                                                                        (1 = 5.0%) {90.0%}
38  -O                                                                        (1 = 5.0%) {95.0%}
39  O                                                                         (0 = 0.0%) {100.0%}

Histogram: Settings.TrackingProtection.Enabled recorded 1 samples, mean = 0.0 (flags = 0x1)
0  -O                                                                        (1 = 100.0%)
1  ... 

Histogram: Signin.APIKeyMatchesFeatureOnStartup recorded 1 samples, mean = 0.0 (flags = 0x1)
0  -O                                                                        (1 = 100.0%)
1  ... 

Histogram: Signin.AccountTracker.CountOfLoadedAccounts recorded 1 samples, mean = 0.0 (flags = 0x1)
0  -O                                                                        (1 = 100.0%)
1  ... 

Histogram: Signin.BoundSessionCredentials.SessionCountOnInit recorded 1 samples, mean = 0.0 (flags = 0x1)
0  -O                                                                        (1 = 100.0%)
1  ... 

Histogram: Signin.CookieBinding.NeedsUpgradeStatus recorded 1 samples, mean = 1.0 (flags = 0x1)
0  O                                                                         (0 = 0.0%)
1  -O                                                                        (1 = 100.0%) {0.0%}
2  ... 

Histogram: Signin.CookieJar.SignedInCount_OnChange recorded 1 samples, mean = 0.0 (flags = 0x1)
0  -O                                                                        (1 = 100.0%)
1  ... 

Histogram: Signin.CookieJar.SignedInCount_Periodic recorded 1 samples, mean = 0.0 (flags = 0x1)
0  -O                                                                        (1 = 100.0%)
1  ... 

Histogram: Signin.CookieJar.SignedOutCount_OnChange recorded 1 samples, mean = 0.0 (flags = 0x1)
0  -O                                                                        (1 = 100.0%)
1  ... 

Histogram: Signin.CookieJar.SignedOutCount_Periodic recorded 1 samples, mean = 0.0 (flags = 0x1)
0  -O                                                                        (1 = 100.0%)
1  ... 

Histogram: Signin.CookieJar.StableAge_OnChange recorded 1 samples, mean = 0.0 (flags = 0x1)
0  -O                                                                        (1 = 100.0%)
1  ... 

Histogram: Signin.CookieJar.StableAge_Periodic recorded 1 samples, mean = 0.0 (flags = 0x1)
0  -O                                                                        (1 = 100.0%)
1  ... 

Histogram: Signin.CookieJar.TotalCount_OnChange recorded 1 samples, mean = 0.0 (flags = 0x1)
0  -O                                                                        (1 = 100.0%)
1  ... 

Histogram: Signin.CookieJar.TotalCount_Periodic recorded 1 samples, mean = 0.0 (flags = 0x1)
0  -O                                                                        (1 = 100.0%)
1  ... 

Histogram: Signin.DiceMigration.ForceMigrated recorded 1 samples, mean = 0.0 (flags = 0x1)
0  -O                                                                        (1 = 100.0%)
1  ... 

Histogram: Signin.ListAccountsFailure recorded 1 samples, mean = 0.0 (flags = 0x1)
0  -O                                                                        (1 = 100.0%)
1  ... 

Histogram: Signin.NumberOfActiveAccounts.Last28Days recorded 1 samples, mean = 0.0 (flags = 0x1)
0  -O                                                                        (1 = 100.0%)
1  ... 

Histogram: Signin.NumberOfActiveAccounts.Last7Days recorded 1 samples, mean = 0.0 (flags = 0x1)
0  -O                                                                        (1 = 100.0%)
1  ... 

Histogram: Signin.NumberOfActiveManagedAccounts.Last28Days recorded 1 samples, mean = 0.0 (flags = 0x1)
0  -O                                                                        (1 = 100.0%)
1  ... 

Histogram: Signin.NumberOfActiveManagedAccounts.Last7Days recorded 1 samples, mean = 0.0 (flags = 0x1)
0  -O                                                                        (1 = 100.0%)
1  ... 

Histogram: Signin.PAMInitialize.PrimaryAccountPrefs recorded 1 samples, mean = 2.0 (flags = 0x1)
0  ... 
2  -O                                                                        (1 = 100.0%) {0.0%}
3  ... 

Histogram: Signin.Reconciler.CookieJar.IsFresh recorded 2 samples, mean = 0.5 (flags = 0x1)
0  -O                                                                        (1 = 50.0%)
1  -O                                                                        (1 = 50.0%) {50.0%}
2  O                                                                         (0 = 0.0%) {100.0%}

Histogram: Signin.Reconciler.Duration.UpTo3mins.Success recorded 2 samples, mean = 224.0 (flags = 0x1)
0    -O                                                                        (1 = 50.0%)
1    ... 
410  -O                                                                        (1 = 50.0%) {50.0%}
458  ... 

Histogram: Signin.Reconciler.Operation recorded 2 samples, mean = 0.0 (flags = 0x1)
0  --O                                                                       (2 = 100.0%)
1  ... 

Histogram: Signin.Reconciler.Trigger.Noop recorded 2 samples, mean = 3.0 (flags = 0x1)
0  O                                                                         (0 = 0.0%)
1  -O                                                                        (1 = 50.0%) {0.0%}
2  ... 
5  -O                                                                        (1 = 50.0%) {50.0%}
6  ... 

Histogram: Signin.RefreshTokensLoaded.Duration recorded 1 samples, mean = 761.0 (flags = 0x1)
0    ... 
729  -O                                                                        (1 = 100.0%) {0.0%}
926  ... 

Histogram: Signin.SigninAllowed recorded 1 samples, mean = 1.0 (flags = 0x1)
0  O                                                                         (0 = 0.0%)
1  -O                                                                        (1 = 100.0%) {0.0%}
2  O                                                                         (0 = 0.0%) {100.0%}

Histogram: Signin.TokenBinding.BoundTokenPrevalence recorded 1 samples, mean = 0.0 (flags = 0x1)
0  -O                                                                        (1 = 100.0%)
1  ... 

Histogram: Signin.TokenTable.GetAllTokensSqlStatementValidity recorded 1 samples, mean = 1.0 (flags = 0x1)
0  O                                                                         (0 = 0.0%)
1  -O                                                                        (1 = 100.0%) {0.0%}
2  O                                                                         (0 = 0.0%) {100.0%}

Histogram: Signin.TokenTable.GetAllTokensTime recorded 1 samples, mean = 0.0 (flags = 0x1)
0  -O                                                                        (1 = 100.0%)
1  ... 

Histogram: SimpleCache.App.CacheSizeOnInit2 recorded 1 samples, mean = 0.0 (flags = 0x1)
0  -O                                                                        (1 = 100.0%)
1  ... 

Histogram: SimpleCache.App.ConsistencyResult2 recorded 1 samples, mean = 12.0 (flags = 0x1)
0   ... 
12  -O                                                                        (1 = 100.0%) {0.0%}
13  ... 

Histogram: SimpleCache.App.CreationToIndex recorded 1 samples, mean = 122.0 (flags = 0x1)
0    ... 
114  -O                                                                        (1 = 100.0%) {0.0%}
135  ... 

Histogram: SimpleCache.App.DiskCloseLatency recorded 2 samples, mean = 0.0 (flags = 0x1)
0  --O                                                                       (2 = 100.0%)
1  ... 

Histogram: SimpleCache.App.DiskCreateLatency recorded 2 samples, mean = 0.5
0  -O                                                                        (1 = 50.0%)
1  -O                                                                        (1 = 50.0%) {50.0%}
2  ... 

Histogram: SimpleCache.App.DiskDoomLatency recorded 1 samples, mean = 23.0 (flags = 0x1)
0   ... 
20  -O                                                                        (1 = 100.0%) {0.0%}
24  ... 

Histogram: SimpleCache.App.DiskWriteLatency recorded 2 samples, mean = 0.5 (flags = 0x1)
0  -O                                                                        (1 = 50.0%)
1  -O                                                                        (1 = 50.0%) {50.0%}
2  ... 

Histogram: SimpleCache.App.EntryCreationTime recorded 2 samples, mean = 0.5 (flags = 0x1)
0  -O                                                                        (1 = 50.0%)
1  -O                                                                        (1 = 50.0%) {50.0%}
2  ... 

Histogram: SimpleCache.App.HeaderSize recorded 2 samples, mean = 176.0 (flags = 0x1)
0    ... 
160  --O                                                                       (2 = 100.0%) {0.0%}
190  ... 

Histogram: SimpleCache.App.IndexCreatedEntryCount recorded 1 samples, mean = 1.0 (flags = 0x1)
0  O                                                                         (0 = 0.0%)
1  -O                                                                        (1 = 100.0%) {0.0%}
2  ... 

Histogram: SimpleCache.App.IndexInitializeMethod recorded 1 samples, mean = 2.0 (flags = 0x1)
0  ... 
2  -O                                                                        (1 = 100.0%) {0.0%}
3  O                                                                         (0 = 0.0%) {100.0%}

Histogram: SimpleCache.App.IndexNumEntriesOnInit2 recorded 1 samples, mean = 1.0 (flags = 0x1)
0  O                                                                         (0 = 0.0%)
1  -O                                                                        (1 = 100.0%) {0.0%}
2  ... 

Histogram: SimpleCache.App.IndexRestoreTime recorded 1 samples, mean = 0.0 (flags = 0x1)
0  -O                                                                        (1 = 100.0%)
10 ... 

Histogram: SimpleCache.App.IndexWriteResult recorded 2 samples, mean = 0.0 (flags = 0x1)
0  --O                                                                       (2 = 100.0%)
1  ... 

Histogram: SimpleCache.App.MaxCacheSizeOnInit2 recorded 1 samples, mean = 0.0 (flags = 0x1)
0  -O                                                                        (1 = 100.0%)
1  ... 

Histogram: SimpleCache.App.SyncCloseResult recorded 2 samples, mean = 0.0
0  --O                                                                       (2 = 100.0%)
1  ... 

Histogram: SimpleCache.App.SyncWriteResult recorded 2 samples, mean = 0.0
0  --O                                                                       (2 = 100.0%)
1  ... 

Histogram: SimpleCache.Code.CacheSizeOnInit2 recorded 1 samples, mean = 0.0 (flags = 0x1)
0  -O                                                                        (1 = 100.0%)
1  ... 

Histogram: SimpleCache.Code.ConsistencyResult2 recorded 1 samples, mean = 12.0 (flags = 0x1)
0   ... 
12  -O                                                                        (1 = 100.0%) {0.0%}
13  ... 

Histogram: SimpleCache.Code.CreationToIndex recorded 1 samples, mean = 19.0 (flags = 0x1)
0   ... 
17  -O                                                                        (1 = 100.0%) {0.0%}
20  ... 

Histogram: SimpleCache.Code.DiskCloseLatency recorded 2 samples, mean = 0.0 (flags = 0x1)
0  --O                                                                       (2 = 100.0%)
1  ... 

Histogram: SimpleCache.Code.DiskCreateLatency recorded 2 samples, mean = 1.0
0  -O                                                                        (1 = 50.0%)
1  O                                                                         (0 = 0.0%) {50.0%}
2  -O                                                                        (1 = 50.0%) {50.0%}
3  ... 

Histogram: SimpleCache.Code.EntryCreationTime recorded 2 samples, mean = 3.0 (flags = 0x1)
0  ... 
3  --O                                                                       (2 = 100.0%) {0.0%}
4  ... 

Histogram: SimpleCache.Code.HeaderSize recorded 2 samples, mean = 56.0 (flags = 0x1)
0   ... 
34  -O                                                                        (1 = 50.0%) {0.0%}
40  ... 
68  -O                                                                        (1 = 50.0%) {50.0%}
81  ... 

Histogram: SimpleCache.Code.IndexCreatedEntryCount recorded 1 samples, mean = 0.0 (flags = 0x1)
0  -O                                                                        (1 = 100.0%)
1  ... 

Histogram: SimpleCache.Code.IndexInitializeMethod recorded 1 samples, mean = 2.0 (flags = 0x1)
0  ... 
2  -O                                                                        (1 = 100.0%) {0.0%}
3  O                                                                         (0 = 0.0%) {100.0%}

Histogram: SimpleCache.Code.IndexNumEntriesOnInit2 recorded 1 samples, mean = 0.0 (flags = 0x1)
0  -O                                                                        (1 = 100.0%)
1  ... 

Histogram: SimpleCache.Code.IndexRestoreTime recorded 1 samples, mean = 0.0 (flags = 0x1)
0  -O                                                                        (1 = 100.0%)
10 ... 

Histogram: SimpleCache.Code.IndexWriteResult recorded 2 samples, mean = 0.0 (flags = 0x1)
0  --O                                                                       (2 = 100.0%)
1  ... 

Histogram: SimpleCache.Code.MaxCacheSizeOnInit2 recorded 1 samples, mean = 320.0 (flags = 0x1)
0    ... 
316  -O                                                                        (1 = 100.0%) {0.0%}
338  ... 

Histogram: SimpleCache.Code.OpenEntryIndexState recorded 4 samples, mean = 1.0 (flags = 0x1)
0  O                                                                         (0 = 0.0%)
1  ----O                                                                     (4 = 100.0%) {0.0%}
2  ... 

Histogram: SimpleCache.Code.SyncCloseResult recorded 2 samples, mean = 0.0
0  --O                                                                       (2 = 100.0%)
1  ... 

Histogram: SiteEngagementService.EngagementType recorded 5 samples, mean = 3.2 (flags = 0x1)
0  ---O                                                                      (3 = 60.0%)
1  ... 
8  --O                                                                       (2 = 40.0%) {60.0%}
9  ... 

Histogram: SiteIsolatedCodeCache.JS.Behaviour recorded 4 samples, mean = 2.5 (flags = 0x1)
0  O                                                                         (0 = 0.0%)
1  --O                                                                       (2 = 50.0%) {0.0%}
2  ... 
4  --O                                                                       (2 = 50.0%) {50.0%}
5  ... 

Histogram: SiteIsolatedCodeCache.JS.Hit recorded 2 samples, mean = 0.0 (flags = 0x1)
0  --O                                                                       (2 = 100.0%)
1  ... 

Histogram: SiteIsolation.BrowsingInstance.MaxCountPerProcess recorded 7 samples, mean = 1.0 (flags = 0x1)
0  -O                                                                        (1 = 14.3%)
1  -----O                                                                    (5 = 71.4%) {14.3%}
2  -O                                                                        (1 = 14.3%) {85.7%}
3  ... 

Histogram: SiteIsolation.CreateOpenerProxiesTime recorded 7 samples, mean = 5.9 (flags = 0x1)
0   ... 
4   -----O                                                                    (5 = 71.4%) {0.0%}
6   -O                                                                        (1 = 14.3%) {71.4%}
8   O                                                                         (0 = 0.0%) {85.7%}
11  -O                                                                        (1 = 14.3%) {85.7%}
15  ... 

Histogram: SiteIsolation.IsSitePerProcessOrStricter recorded 1 samples, mean = 1.0 (flags = 0x1)
0  O                                                                         (0 = 0.0%)
1  -O                                                                        (1 = 100.0%) {0.0%}
2  O                                                                         (0 = 0.0%) {100.0%}

Histogram: SiteIsolation.MainFrameProcessReuse.BlockReason2 recorded 6 samples, mean = 3.5 (flags = 0x1)
0  ... 
2  ---O                                                                      (3 = 50.0%) {0.0%}
3  ... 
5  ---O                                                                      (3 = 50.0%) {50.0%}
6  ... 

Histogram: SiteIsolation.MissedReuseOpportunity.Found.MainFrame recorded 1 samples, mean = 0.0 (flags = 0x1)
0  -O                                                                        (1 = 100.0%)
1  ... 

Histogram: Sql.Database.DatabaseCloseTime.Affiliation recorded 1 samples, mean = 10884.0 (flags = 0x1)
0      ... 
10384  -O                                                                        (1 = 100.0%) {0.0%}
12348  ... 

Histogram: Sql.Database.DatabaseCloseTime.CdmStorage recorded 1 samples, mean = 0.0 (flags = 0x1)
0  -O                                                                        (1 = 100.0%)
1  ... 

Histogram: Sql.Database.DatabaseCloseTime.DeclarativePerformanceObserver recorded 2 samples, mean = 286.5 (flags = 0x1)
0    O                                                                         (0 = 0.0%)
1    -O                                                                        (1 = 50.0%) {0.0%}
2    ... 
546  -O                                                                        (1 = 50.0%) {50.0%}
649  ... 

Histogram: Sql.Database.DatabaseCloseTime.History recorded 1 samples, mean = 3264.0 (flags = 0x1)
0     ... 
3088  -O                                                                        (1 = 100.0%) {0.0%}
3672  ... 

Histogram: Sql.Database.DatabaseCloseTime.HistoryInMemoryDB recorded 1 samples, mean = 112.0 (flags = 0x1)
0   ... 
96  -O                                                                        (1 = 100.0%) {0.0%}
114 ... 

Histogram: Sql.Database.DatabaseCloseTime.Passwords recorded 2 samples, mean = 21381.5 (flags = 0x1)
0      ... 
8732   -O                                                                        (1 = 50.0%) {0.0%}
10384  ... 
29361  -O                                                                        (1 = 50.0%) {50.0%}
34915  ... 

Histogram: Sql.Database.DatabaseCloseTime.Quota recorded 1 samples, mean = 4329.0 (flags = 0x1)
0     ... 
3672  -O                                                                        (1 = 100.0%) {0.0%}
4367  ... 

Histogram: Sql.Database.DatabaseCloseTime.ServerCertificate recorded 1 samples, mean = 11684.0 (flags = 0x1)
0      ... 
10384  -O                                                                        (1 = 100.0%) {0.0%}
12348  ... 

Histogram: Sql.Database.DatabaseCloseTime.Thumbnail recorded 1 samples, mean = 1622.0 (flags = 0x1)
0     ... 
1545  -O                                                                        (1 = 100.0%) {0.0%}
1837  ... 

Histogram: Sql.Database.DatabaseCloseTime.TopSites recorded 1 samples, mean = 27033.0 (flags = 0x1)
0      ... 
24691  -O                                                                        (1 = 100.0%) {0.0%}
29361  ... 

Histogram: Sql.Database.DatabaseCloseTime.UKMMetrics recorded 1 samples, mean = 37777.0 (flags = 0x1)
0      ... 
34915  -O                                                                        (1 = 100.0%) {0.0%}
41519  ... 

Histogram: Sql.Database.DatabaseCloseTime.Web recorded 2 samples, mean = 3529.5 (flags = 0x1)
0     ... 
3088  -O                                                                        (1 = 50.0%) {0.0%}
3672  -O                                                                        (1 = 50.0%) {50.0%}
4367  ... 

Histogram: Sql.Database.DatabaseOpenTime.Affiliation recorded 1 samples, mean = 4158.0 (flags = 0x1)
0     ... 
3672  -O                                                                        (1 = 100.0%) {0.0%}
4367  ... 

Histogram: Sql.Database.DatabaseOpenTime.DeclarativePerformanceObserver recorded 1 samples, mean = 1103.0 (flags = 0x1)
0     ... 
1092  -O                                                                        (1 = 100.0%) {0.0%}
1299  ... 

Histogram: Sql.Database.DatabaseOpenTime.History recorded 1 samples, mean = 3723.0 (flags = 0x1)
0     ... 
3672  -O                                                                        (1 = 100.0%) {0.0%}
4367  ... 

Histogram: Sql.Database.DatabaseOpenTime.Passwords recorded 2 samples, mean = 9027.0 (flags = 0x1)
0      ... 
3672   -O                                                                        (1 = 50.0%) {0.0%}
4367   ... 
12348  -O                                                                        (1 = 50.0%) {50.0%}
14684  ... 

Histogram: Sql.Database.DatabaseOpenTime.Quota recorded 1 samples, mean = 2075.0 (flags = 0x1)
0     ... 
1837  -O                                                                        (1 = 100.0%) {0.0%}
2184  ... 

Histogram: Sql.Database.DatabaseOpenTime.ServerCertificate recorded 1 samples, mean = 1071.0 (flags = 0x1)
0    ... 
918  -O                                                                        (1 = 100.0%) {0.0%}
1092 ... 

Histogram: Sql.Database.DatabaseOpenTime.Thumbnail recorded 1 samples, mean = 14701.0 (flags = 0x1)
0      ... 
14684  -O                                                                        (1 = 100.0%) {0.0%}
17461  ... 

Histogram: Sql.Database.DatabaseOpenTime.TopSites recorded 1 samples, mean = 11487.0 (flags = 0x1)
0      ... 
10384  -O                                                                        (1 = 100.0%) {0.0%}
12348  ... 

Histogram: Sql.Database.DatabaseOpenTime.UKMMetrics recorded 1 samples, mean = 8154.0 (flags = 0x1)
0     ... 
7343  -O                                                                        (1 = 100.0%) {0.0%}
8732  ... 

Histogram: Sql.Database.DatabaseOpenTime.Web recorded 2 samples, mean = 3896.0 (flags = 0x1)
0     ... 
1299  -O                                                                        (1 = 50.0%) {0.0%}
1545  ... 
6175  -O                                                                        (1 = 50.0%) {50.0%}
7343  ... 

Histogram: Sql.Database.Success.OpenInternalTime.Affiliation recorded 1 samples, mean = 4100.0 (flags = 0x1)
0     ... 
3672  -O                                                                        (1 = 100.0%) {0.0%}
4367  ... 

Histogram: Sql.Database.Success.OpenInternalTime.DeclarativePerformanceObserver recorded 1 samples, mean = 1087.0 (flags = 0x1)
0    ... 
918  -O                                                                        (1 = 100.0%) {0.0%}
1092 ... 

Histogram: Sql.Database.Success.OpenInternalTime.History recorded 1 samples, mean = 3708.0 (flags = 0x1)
0     ... 
3672  -O                                                                        (1 = 100.0%) {0.0%}
4367  ... 

Histogram: Sql.Database.Success.OpenInternalTime.HistoryInMemoryDB recorded 1 samples, mean = 268.0 (flags = 0x1)
0    ... 
230  -O                                                                        (1 = 100.0%) {0.0%}
273  ... 

Histogram: Sql.Database.Success.OpenInternalTime.Passwords recorded 2 samples, mean = 9009.5 (flags = 0x1)
0      ... 
3672   -O                                                                        (1 = 50.0%) {0.0%}
4367   ... 
12348  -O                                                                        (1 = 50.0%) {50.0%}
14684  ... 

Histogram: Sql.Database.Success.OpenInternalTime.Quota recorded 1 samples, mean = 2044.0 (flags = 0x1)
0     ... 
1837  -O                                                                        (1 = 100.0%) {0.0%}
2184  ... 

Histogram: Sql.Database.Success.OpenInternalTime.ServerCertificate recorded 1 samples, mean = 1051.0 (flags = 0x1)
0    ... 
918  -O                                                                        (1 = 100.0%) {0.0%}
1092 ... 

Histogram: Sql.Database.Success.OpenInternalTime.Thumbnail recorded 1 samples, mean = 14656.0 (flags = 0x1)
0      ... 
12348  -O                                                                        (1 = 100.0%) {0.0%}
14684  ... 

Histogram: Sql.Database.Success.OpenInternalTime.TopSites recorded 1 samples, mean = 11468.0 (flags = 0x1)
0      ... 
10384  -O                                                                        (1 = 100.0%) {0.0%}
12348  ... 

Histogram: Sql.Database.Success.OpenInternalTime.UKMMetrics recorded 1 samples, mean = 8131.0 (flags = 0x1)
0     ... 
7343  -O                                                                        (1 = 100.0%) {0.0%}
8732  ... 

Histogram: Sql.Database.Success.OpenInternalTime.Web recorded 2 samples, mean = 3886.0 (flags = 0x1)
0     ... 
1299  -O                                                                        (1 = 50.0%) {0.0%}
1545  ... 
6175  -O                                                                        (1 = 50.0%) {50.0%}
7343  ... 

Histogram: Sql.Database.Success.SqliteOpenTime.Affiliation recorded 1 samples, mean = 2767.0 (flags = 0x1)
0     ... 
2597  -O                                                                        (1 = 100.0%) {0.0%}
3088  ... 

Histogram: Sql.Database.Success.SqliteOpenTime.DeclarativePerformanceObserver recorded 1 samples, mean = 665.0 (flags = 0x1)
0    ... 
649  -O                                                                        (1 = 100.0%) {0.0%}
772  ... 

Histogram: Sql.Database.Success.SqliteOpenTime.History recorded 1 samples, mean = 648.0 (flags = 0x1)
0    ... 
546  -O                                                                        (1 = 100.0%) {0.0%}
649  ... 

Histogram: Sql.Database.Success.SqliteOpenTime.HistoryInMemoryDB recorded 1 samples, mean = 37.0 (flags = 0x1)
0   ... 
34  -O                                                                        (1 = 100.0%) {0.0%}
40  ... 

Histogram: Sql.Database.Success.SqliteOpenTime.Passwords recorded 2 samples, mean = 6777.5 (flags = 0x1)
0     ... 
3672  -O                                                                        (1 = 50.0%) {0.0%}
4367  ... 
8732  -O                                                                        (1 = 50.0%) {50.0%}
10384 ... 

Histogram: Sql.Database.Success.SqliteOpenTime.Quota recorded 1 samples, mean = 1588.0 (flags = 0x1)
0     ... 
1545  -O                                                                        (1 = 100.0%) {0.0%}
1837  ... 

Histogram: Sql.Database.Success.SqliteOpenTime.ServerCertificate recorded 1 samples, mean = 611.0 (flags = 0x1)
0    ... 
546  -O                                                                        (1 = 100.0%) {0.0%}
649  ... 

Histogram: Sql.Database.Success.SqliteOpenTime.Thumbnail recorded 1 samples, mean = 13421.0 (flags = 0x1)
0      ... 
12348  -O                                                                        (1 = 100.0%) {0.0%}
14684  ... 

Histogram: Sql.Database.Success.SqliteOpenTime.TopSites recorded 1 samples, mean = 10989.0 (flags = 0x1)
0      ... 
10384  -O                                                                        (1 = 100.0%) {0.0%}
12348  ... 

Histogram: Sql.Database.Success.SqliteOpenTime.UKMMetrics recorded 1 samples, mean = 679.0 (flags = 0x1)
0    ... 
649  -O                                                                        (1 = 100.0%) {0.0%}
772  ... 

Histogram: Sql.Database.Success.SqliteOpenTime.Web recorded 2 samples, mean = 3393.5 (flags = 0x1)
0     ... 
918   -O                                                                        (1 = 50.0%) {0.0%}
1092  ... 
5193  -O                                                                        (1 = 50.0%) {50.0%}
6175  ... 

Histogram: Sql.Statement.Affiliation.VMSteps recorded 26 samples, mean = 14.7 (flags = 0x1)
0   ... 
3   ----------O                                                               (10 = 38.5%) {0.0%}
4   O                                                                         (0 = 0.0%) {38.5%}
5   -O                                                                        (1 = 3.8%) {38.5%}
6   -O                                                                        (1 = 3.8%) {42.3%}
7   O                                                                         (0 = 0.0%) {46.2%}
8   -O                                                                        (1 = 3.8%) {46.2%}
10  O                                                                         (0 = 0.0%) {50.0%}
12  --O                                                                       (2 = 7.7%) {50.0%}
14  --O                                                                       (2 = 7.7%) {57.7%}
17  ---O                                                                      (3 = 11.5%) {65.4%}
20  O                                                                         (0 = 0.0%) {76.9%}
24  --O                                                                       (2 = 7.7%) {76.9%}
29  O                                                                         (0 = 0.0%) {84.6%}
34  --O                                                                       (2 = 7.7%) {84.6%}
40  O                                                                         (0 = 0.0%) {92.3%}
48  --O                                                                       (2 = 7.7%) {92.3%}
57  ... 

Histogram: Sql.Statement.DeclarativePerformanceObserver.VMSteps recorded 11 samples, mean = 9.4 (flags = 0x1)
0   ... 
3   --O                                                                       (2 = 18.2%) {0.0%}
4   O                                                                         (0 = 0.0%) {18.2%}
5   -O                                                                        (1 = 9.1%) {18.2%}
6   -O                                                                        (1 = 9.1%) {27.3%}
7   O                                                                         (0 = 0.0%) {36.4%}
8   ----O                                                                     (4 = 36.4%) {36.4%}
10  ... 
17  ---O                                                                      (3 = 27.3%) {72.7%}
20  ... 

Histogram: Sql.Statement.ExecutionTime.Affiliation recorded 26 samples, mean = 16741.8 (flags = 0x1)
0       -O                                                                        (1 = 3.8%)
1       --O                                                                       (2 = 7.7%) {3.8%}
2       -O                                                                        (1 = 3.8%) {11.5%}
3       O                                                                         (0 = 0.0%) {15.4%}
4       ----O                                                                     (4 = 15.4%) {15.4%}
5       --O                                                                       (2 = 7.7%) {30.8%}
6       -O                                                                        (1 = 3.8%) {38.5%}
7       ---O                                                                      (3 = 11.5%) {42.3%}
8       O                                                                         (0 = 0.0%) {53.8%}
10      -O                                                                        (1 = 3.8%) {53.8%}
12      ---O                                                                      (3 = 11.5%) {57.7%}
14      ... 
20      -O                                                                        (1 = 3.8%) {69.2%}
24      ... 
40      -O                                                                        (1 = 3.8%) {73.1%}
48      ... 
96      -O                                                                        (1 = 3.8%) {76.9%}
114     ... 
6175    -O                                                                        (1 = 3.8%) {80.8%}
7343    ... 
20764   -O                                                                        (1 = 3.8%) {84.6%}
24691   --O                                                                       (2 = 7.7%) {88.5%}
29361   ... 
331956  -O                                                                        (1 = 3.8%) {96.2%}
394745  ... 

Histogram: Sql.Statement.ExecutionTime.DeclarativePerformanceObserver recorded 11 samples, mean = 898.5 (flags = 0x1)
0     -O                                                                        (1 = 9.1%)
1     -O                                                                        (1 = 9.1%) {9.1%}
2     O                                                                         (0 = 0.0%) {18.2%}
3     -O                                                                        (1 = 9.1%) {18.2%}
4     -O                                                                        (1 = 9.1%) {27.3%}
5     -O                                                                        (1 = 9.1%) {36.4%}
6     -O                                                                        (1 = 9.1%) {45.5%}
7     O                                                                         (0 = 0.0%) {54.5%}
8     -O                                                                        (1 = 9.1%) {54.5%}
10    ... 
14    -O                                                                        (1 = 9.1%) {63.6%}
17    ... 
24    -O                                                                        (1 = 9.1%) {72.7%}
29    O                                                                         (0 = 0.0%) {81.8%}
34    -O                                                                        (1 = 9.1%) {81.8%}
40    ... 
8732  -O                                                                        (1 = 9.1%) {90.9%}
10384 ... 

Histogram: Sql.Statement.ExecutionTime.History recorded 145 samples, mean = 2793.5 (flags = 0x1)
0       O                                                                         (0 = 0.0%)
1       --O                                                                       (2 = 1.4%) {0.0%}
2       -----O                                                                    (5 = 3.4%) {1.4%}
3       ------------O                                                             (12 = 8.3%) {4.8%}
4       -----------O                                                              (11 = 7.6%) {13.1%}
5       ---------------------------O                                              (27 = 18.6%) {20.7%}
6       ----------O                                                               (10 = 6.9%) {39.3%}
7       ------------O                                                             (12 = 8.3%) {46.2%}
8       -----------O                                                              (11 = 7.6%) {54.5%}
10      -----------O                                                              (11 = 7.6%) {62.1%}
12      --O                                                                       (2 = 1.4%) {69.7%}
14      ---------O                                                                (9 = 6.2%) {71.0%}
17      ---O                                                                      (3 = 2.1%) {77.2%}
20      ---O                                                                      (3 = 2.1%) {79.3%}
24      --O                                                                       (2 = 1.4%) {81.4%}
29      O                                                                         (0 = 0.0%) {82.8%}
34      -O                                                                        (1 = 0.7%) {82.8%}
40      -O                                                                        (1 = 0.7%) {83.4%}
48      O                                                                         (0 = 0.0%) {84.1%}
57      -O                                                                        (1 = 0.7%) {84.1%}
68      O                                                                         (0 = 0.0%) {84.8%}
81      -O                                                                        (1 = 0.7%) {84.8%}
96      -O                                                                        (1 = 0.7%) {85.5%}
114     O                                                                         (0 = 0.0%) {86.2%}
136     --O                                                                       (2 = 1.4%) {86.2%}
162     ----O                                                                     (4 = 2.8%) {87.6%}
193     -O                                                                        (1 = 0.7%) {90.3%}
230     ---O                                                                      (3 = 2.1%) {91.0%}
273     -O                                                                        (1 = 0.7%) {93.1%}
325     --O                                                                       (2 = 1.4%) {93.8%}
386     -O                                                                        (1 = 0.7%) {95.2%}
459     O                                                                         (0 = 0.0%) {95.9%}
546     -O                                                                        (1 = 0.7%) {95.9%}
649     -O                                                                        (1 = 0.7%) {96.6%}
772     ... 
1299    -O                                                                        (1 = 0.7%) {97.2%}
1545    -O                                                                        (1 = 0.7%) {97.9%}
1837    ... 
49372   -O                                                                        (1 = 0.7%) {98.6%}
58711   ... 
331956  -O                                                                        (1 = 0.7%) {99.3%}
394745  ... 

Histogram: Sql.Statement.ExecutionTime.HistoryInMemoryDB recorded 14 samples, mean = 211.9 (flags = 0x1)
0     O                                                                         (0 = 0.0%)
1     -O                                                                        (1 = 7.1%) {0.0%}
2     O                                                                         (0 = 0.0%) {7.1%}
3     ----O                                                                     (4 = 28.6%) {7.1%}
4     -O                                                                        (1 = 7.1%) {35.7%}
5     --O                                                                       (2 = 14.3%) {42.9%}
6     O                                                                         (0 = 0.0%) {57.1%}
7     -O                                                                        (1 = 7.1%) {57.1%}
8     ... 
24    -O                                                                        (1 = 7.1%) {64.3%}
29    O                                                                         (0 = 0.0%) {71.4%}
34    -O                                                                        (1 = 7.1%) {71.4%}
40    O                                                                         (0 = 0.0%) {78.6%}
48    -O                                                                        (1 = 7.1%) {78.6%}
57    ... 
162   -O                                                                        (1 = 7.1%) {85.7%}
193   ... 
2597  -O                                                                        (1 = 7.1%) {92.9%}
3088  ... 

Histogram: Sql.Statement.ExecutionTime.Passwords recorded 51 samples, mean = 17250.9 (flags = 0x1)
0       -O                                                                        (1 = 2.0%)
1       ---O                                                                      (3 = 5.9%) {2.0%}
2       --O                                                                       (2 = 3.9%) {7.8%}
3       --O                                                                       (2 = 3.9%) {11.8%}
4       -------O                                                                  (7 = 13.7%) {15.7%}
5       -----O                                                                    (5 = 9.8%) {29.4%}
6       -O                                                                        (1 = 2.0%) {39.2%}
7       ---O                                                                      (3 = 5.9%) {41.2%}
8       --O                                                                       (2 = 3.9%) {47.1%}
10      O                                                                         (0 = 0.0%) {51.0%}
12      -O                                                                        (1 = 2.0%) {51.0%}
14      --O                                                                       (2 = 3.9%) {52.9%}
17      -------O                                                                  (7 = 13.7%) {56.9%}
20      ----O                                                                     (4 = 7.8%) {70.6%}
24      --O                                                                       (2 = 3.9%) {78.4%}
29      --O                                                                       (2 = 3.9%) {82.4%}
34      -O                                                                        (1 = 2.0%) {86.3%}
40      -O                                                                        (1 = 2.0%) {88.2%}
48      -O                                                                        (1 = 2.0%) {90.2%}
57      ... 
96      -O                                                                        (1 = 2.0%) {92.2%}
114     -O                                                                        (1 = 2.0%) {94.1%}
136     ... 
331956  -O                                                                        (1 = 2.0%) {96.1%}
394745  O                                                                         (0 = 0.0%) {98.0%}
469410  -O                                                                        (1 = 2.0%) {98.0%}
558198  ... 

Histogram: Sql.Statement.ExecutionTime.Quota recorded 21 samples, mean = 5142.3 (flags = 0x1)
0      -O                                                                        (1 = 4.8%)
1      -O                                                                        (1 = 4.8%) {4.8%}
2      -O                                                                        (1 = 4.8%) {9.5%}
3      ---O                                                                      (3 = 14.3%) {14.3%}
4      O                                                                         (0 = 0.0%) {28.6%}
5      -O                                                                        (1 = 4.8%) {28.6%}
6      ... 
8      ---O                                                                      (3 = 14.3%) {33.3%}
10     O                                                                         (0 = 0.0%) {47.6%}
12     -O                                                                        (1 = 4.8%) {47.6%}
14     -O                                                                        (1 = 4.8%) {52.4%}
17     --O                                                                       (2 = 9.5%) {57.1%}
20     ... 
96     -O                                                                        (1 = 4.8%) {66.7%}
114    ... 
193    -O                                                                        (1 = 4.8%) {71.4%}
230    ... 
2184   -O                                                                        (1 = 4.8%) {76.2%}
2597   ... 
4367   -O                                                                        (1 = 4.8%) {81.0%}
5193   ... 
14684  -O                                                                        (1 = 4.8%) {85.7%}
17461  ... 
29361  -O                                                                        (1 = 4.8%) {90.5%}
34915  ... 
49372  -O                                                                        (1 = 4.8%) {95.2%}
58711  ... 

Histogram: Sql.Statement.ExecutionTime.ServerCertificate recorded 10 samples, mean = 16948.6 (flags = 0x1)
0       -O                                                                        (1 = 10.0%)
1       -O                                                                        (1 = 10.0%) {10.0%}
2       -O                                                                        (1 = 10.0%) {20.0%}
3       -O                                                                        (1 = 10.0%) {30.0%}
4       -O                                                                        (1 = 10.0%) {40.0%}
5       -O                                                                        (1 = 10.0%) {50.0%}
6       -O                                                                        (1 = 10.0%) {60.0%}
7       ... 
34      -O                                                                        (1 = 10.0%) {70.0%}
40      ... 
1299    -O                                                                        (1 = 10.0%) {80.0%}
1545    ... 
166011  -O                                                                        (1 = 10.0%) {90.0%}
197412  ... 

Histogram: Sql.Statement.ExecutionTime.Thumbnail recorded 25 samples, mean = 1136.5 (flags = 0x1)
0      -O                                                                        (1 = 4.0%)
1      --O                                                                       (2 = 8.0%) {4.0%}
2      O                                                                         (0 = 0.0%) {12.0%}
3      -O                                                                        (1 = 4.0%) {12.0%}
4      -O                                                                        (1 = 4.0%) {16.0%}
5      -O                                                                        (1 = 4.0%) {20.0%}
6      O                                                                         (0 = 0.0%) {24.0%}
7      -O                                                                        (1 = 4.0%) {24.0%}
8      --O                                                                       (2 = 8.0%) {28.0%}
10     -O                                                                        (1 = 4.0%) {36.0%}
12     ----O                                                                     (4 = 16.0%) {40.0%}
14     --O                                                                       (2 = 8.0%) {56.0%}
17     -O                                                                        (1 = 4.0%) {64.0%}
20     ... 
34     -O                                                                        (1 = 4.0%) {68.0%}
40     O                                                                         (0 = 0.0%) {72.0%}
48     -O                                                                        (1 = 4.0%) {72.0%}
57     ... 
96     -O                                                                        (1 = 4.0%) {76.0%}
114    ... 
230    -O                                                                        (1 = 4.0%) {80.0%}
273    ... 
772    -O                                                                        (1 = 4.0%) {84.0%}
918    O                                                                         (0 = 0.0%) {88.0%}
1092   -O                                                                        (1 = 4.0%) {88.0%}
1299   ... 
8732   -O                                                                        (1 = 4.0%) {92.0%}
10384  ... 
14684  -O                                                                        (1 = 4.0%) {96.0%}
17461  ... 

Histogram: Sql.Statement.ExecutionTime.TopSites recorded 19 samples, mean = 8832.7 (flags = 0x1)
0       -O                                                                        (1 = 5.3%)
1       -O                                                                        (1 = 5.3%) {5.3%}
2       --O                                                                       (2 = 10.5%) {10.5%}
3       --O                                                                       (2 = 10.5%) {21.1%}
4       --O                                                                       (2 = 10.5%) {31.6%}
5       -O                                                                        (1 = 5.3%) {42.1%}
6       -O                                                                        (1 = 5.3%) {47.4%}
7       O                                                                         (0 = 0.0%) {52.6%}
8       --O                                                                       (2 = 10.5%) {52.6%}
10      ... 
17      -O                                                                        (1 = 5.3%) {63.2%}
20      -O                                                                        (1 = 5.3%) {68.4%}
24      ... 
114     -O                                                                        (1 = 5.3%) {73.7%}
136     ... 
273     -O                                                                        (1 = 5.3%) {78.9%}
325     ... 
10384   -O                                                                        (1 = 5.3%) {84.2%}
12348   -O                                                                        (1 = 5.3%) {89.5%}
14684   ... 
139605  -O                                                                        (1 = 5.3%) {94.7%}
166011  ... 

Histogram: Sql.Statement.ExecutionTime.UKMMetrics recorded 36 samples, mean = 52.7 (flags = 0x1)
0    -O                                                                        (1 = 2.8%)
1    --O                                                                       (2 = 5.6%) {2.8%}
2    --O                                                                       (2 = 5.6%) {8.3%}
3    ---O                                                                      (3 = 8.3%) {13.9%}
4    ---O                                                                      (3 = 8.3%) {22.2%}
5    ---O                                                                      (3 = 8.3%) {30.6%}
6    ------O                                                                   (6 = 16.7%) {38.9%}
7    --O                                                                       (2 = 5.6%) {55.6%}
8    -------O                                                                  (7 = 19.4%) {61.1%}
10   ... 
17   -O                                                                        (1 = 2.8%) {80.6%}
20   ... 
34   -O                                                                        (1 = 2.8%) {83.3%}
40   ... 
57   -O                                                                        (1 = 2.8%) {86.1%}
68   ... 
162  --O                                                                       (2 = 5.6%) {88.9%}
193  -O                                                                        (1 = 2.8%) {94.4%}
230  ... 
918  -O                                                                        (1 = 2.8%) {97.2%}
1092 ... 

Histogram: Sql.Statement.ExecutionTime.Web recorded 183 samples, mean = 560.4 (flags = 0x1)
0      -O                                                                        (1 = 0.5%)
1      --------------O                                                           (14 = 7.7%) {0.5%}
2      -------------------------O                                                (25 = 13.7%) {8.2%}
3      ----------------O                                                         (16 = 8.7%) {21.9%}
4      ---------O                                                                (9 = 4.9%) {30.6%}
5      --------O                                                                 (8 = 4.4%) {35.5%}
6      ---O                                                                      (3 = 1.6%) {39.9%}
7      O                                                                         (0 = 0.0%) {41.5%}
8      -------O                                                                  (7 = 3.8%) {41.5%}
10     ------------O                                                             (12 = 6.6%) {45.4%}
12     -------------O                                                            (13 = 7.1%) {51.9%}
14     ----------------------O                                                   (22 = 12.0%) {59.0%}
17     --------------O                                                           (14 = 7.7%) {71.0%}
20     ------O                                                                   (6 = 3.3%) {78.7%}
24     --------O                                                                 (8 = 4.4%) {82.0%}
29     -O                                                                        (1 = 0.5%) {86.3%}
34     ---O                                                                      (3 = 1.6%) {86.9%}
40     -----O                                                                    (5 = 2.7%) {88.5%}
48     ---O                                                                      (3 = 1.6%) {91.3%}
57     ... 
162    -O                                                                        (1 = 0.5%) {92.9%}
193    --O                                                                       (2 = 1.1%) {93.4%}
230    O                                                                         (0 = 0.0%) {94.5%}
273    -O                                                                        (1 = 0.5%) {94.5%}
325    O                                                                         (0 = 0.0%) {95.1%}
386    -O                                                                        (1 = 0.5%) {95.1%}
459    ... 
918    -O                                                                        (1 = 0.5%) {95.6%}
1092   ... 
5193   --O                                                                       (2 = 1.1%) {96.2%}
6175   -O                                                                        (1 = 0.5%) {97.3%}
7343   O                                                                         (0 = 0.0%) {97.8%}
8732   -O                                                                        (1 = 0.5%) {97.8%}
10384  -O                                                                        (1 = 0.5%) {98.4%}
12348  ... 
24691  -O                                                                        (1 = 0.5%) {98.9%}
29361  -O                                                                        (1 = 0.5%) {99.5%}
34915  ... 

Histogram: Sql.Statement.History.VMSteps recorded 145 samples, mean = 26.2 (flags = 0x1)
0    ... 
3    ----O                                                                     (4 = 2.8%) {0.0%}
4    O                                                                         (0 = 0.0%) {2.8%}
5    -O                                                                        (1 = 0.7%) {2.8%}
6    --O                                                                       (2 = 1.4%) {3.4%}
7    ---O                                                                      (3 = 2.1%) {4.8%}
8    ------O                                                                   (6 = 4.1%) {6.9%}
10   ------------O                                                             (12 = 8.3%) {11.0%}
12   --------O                                                                 (8 = 5.5%) {19.3%}
14   --O                                                                       (2 = 1.4%) {24.8%}
17   ---------------------------------------------------------O                (57 = 39.3%) {26.2%}
20   ---O                                                                      (3 = 2.1%) {65.5%}
24   ---------------O                                                          (15 = 10.3%) {67.6%}
29   -------O                                                                  (7 = 4.8%) {77.9%}
34   -O                                                                        (1 = 0.7%) {82.8%}
40   ---O                                                                      (3 = 2.1%) {83.4%}
48   -O                                                                        (1 = 0.7%) {85.5%}
57   --O                                                                       (2 = 1.4%) {86.2%}
68   --------------O                                                           (14 = 9.7%) {87.6%}
81   --O                                                                       (2 = 1.4%) {97.2%}
96   ... 
135  --O                                                                       (2 = 1.4%) {98.6%}
160  ... 

Histogram: Sql.Statement.HistoryInMemoryDB.VMSteps recorded 14 samples, mean = 18.1 (flags = 0x1)
0   ... 
4   -O                                                                        (1 = 7.1%) {0.0%}
5   ... 
8   -----O                                                                    (5 = 35.7%) {7.1%}
10  ----O                                                                     (4 = 28.6%) {42.9%}
12  ... 
17  -O                                                                        (1 = 7.1%) {71.4%}
20  ... 
48  ---O                                                                      (3 = 21.4%) {78.6%}
57  ... 

Histogram: Sql.Statement.Passwords.VMSteps recorded 51 samples, mean = 23.6 (flags = 0x1)
0   ... 
3   ----O                                                                     (4 = 7.8%) {0.0%}
4   O                                                                         (0 = 0.0%) {7.8%}
5   --O                                                                       (2 = 3.9%) {7.8%}
6   --------O                                                                 (8 = 15.7%) {11.8%}
7   --O                                                                       (2 = 3.9%) {27.5%}
8   -------O                                                                  (7 = 13.7%) {31.4%}
10  O                                                                         (0 = 0.0%) {45.1%}
12  ----O                                                                     (4 = 7.8%) {45.1%}
14  --O                                                                       (2 = 3.9%) {52.9%}
17  ------O                                                                   (6 = 11.8%) {56.9%}
20  ... 
29  --O                                                                       (2 = 3.9%) {68.6%}
34  --O                                                                       (2 = 3.9%) {72.5%}
40  --O                                                                       (2 = 3.9%) {76.5%}
48  --O                                                                       (2 = 3.9%) {80.4%}
57  ----O                                                                     (4 = 7.8%) {84.3%}
68  ----O                                                                     (4 = 7.8%) {92.2%}
81  ... 

Histogram: Sql.Statement.Quota.VMSteps recorded 21 samples, mean = 14.0 (flags = 0x1)
0   ... 
3   ------O                                                                   (6 = 28.6%) {0.0%}
4   O                                                                         (0 = 0.0%) {28.6%}
5   -O                                                                        (1 = 4.8%) {28.6%}
6   ... 
8   --O                                                                       (2 = 9.5%) {33.3%}
10  ----O                                                                     (4 = 19.0%) {42.9%}
12  -O                                                                        (1 = 4.8%) {61.9%}
14  O                                                                         (0 = 0.0%) {66.7%}
17  -----O                                                                    (5 = 23.8%) {66.7%}
20  -O                                                                        (1 = 4.8%) {90.5%}
24  ... 
81  -O                                                                        (1 = 4.8%) {95.2%}
96  ... 

Histogram: Sql.Statement.ServerCertificate.VMSteps recorded 10 samples, mean = 9.9 (flags = 0x1)
0   ... 
3   --O                                                                       (2 = 20.0%) {0.0%}
4   O                                                                         (0 = 0.0%) {20.0%}
5   -O                                                                        (1 = 10.0%) {20.0%}
6   -O                                                                        (1 = 10.0%) {30.0%}
7   O                                                                         (0 = 0.0%) {40.0%}
8   --O                                                                       (2 = 20.0%) {40.0%}
10  O                                                                         (0 = 0.0%) {60.0%}
12  -O                                                                        (1 = 10.0%) {60.0%}
14  O                                                                         (0 = 0.0%) {70.0%}
17  ---O                                                                      (3 = 30.0%) {70.0%}
20  ... 

Histogram: Sql.Statement.StepTime.Affiliation recorded 26 samples, mean = 16741.8 (flags = 0x1)
0       -O                                                                        (1 = 3.8%)
1       --O                                                                       (2 = 7.7%) {3.8%}
2       -O                                                                        (1 = 3.8%) {11.5%}
3       O                                                                         (0 = 0.0%) {15.4%}
4       ----O                                                                     (4 = 15.4%) {15.4%}
5       --O                                                                       (2 = 7.7%) {30.8%}
6       -O                                                                        (1 = 3.8%) {38.5%}
7       ---O                                                                      (3 = 11.5%) {42.3%}
8       O                                                                         (0 = 0.0%) {53.8%}
10      -O                                                                        (1 = 3.8%) {53.8%}
12      ---O                                                                      (3 = 11.5%) {57.7%}
14      ... 
20      -O                                                                        (1 = 3.8%) {69.2%}
24      ... 
40      -O                                                                        (1 = 3.8%) {73.1%}
48      ... 
96      -O                                                                        (1 = 3.8%) {76.9%}
114     ... 
6175    -O                                                                        (1 = 3.8%) {80.8%}
7343    ... 
20764   -O                                                                        (1 = 3.8%) {84.6%}
24691   --O                                                                       (2 = 7.7%) {88.5%}
29361   ... 
331956  -O                                                                        (1 = 3.8%) {96.2%}
394745  ... 

Histogram: Sql.Statement.StepTime.DeclarativePerformanceObserver recorded 11 samples, mean = 898.5 (flags = 0x1)
0     -O                                                                        (1 = 9.1%)
1     -O                                                                        (1 = 9.1%) {9.1%}
2     O                                                                         (0 = 0.0%) {18.2%}
3     -O                                                                        (1 = 9.1%) {18.2%}
4     -O                                                                        (1 = 9.1%) {27.3%}
5     -O                                                                        (1 = 9.1%) {36.4%}
6     -O                                                                        (1 = 9.1%) {45.5%}
7     O                                                                         (0 = 0.0%) {54.5%}
8     -O                                                                        (1 = 9.1%) {54.5%}
10    ... 
14    -O                                                                        (1 = 9.1%) {63.6%}
17    ... 
24    -O                                                                        (1 = 9.1%) {72.7%}
29    O                                                                         (0 = 0.0%) {81.8%}
34    -O                                                                        (1 = 9.1%) {81.8%}
40    ... 
8732  -O                                                                        (1 = 9.1%) {90.9%}
10384 ... 

Histogram: Sql.Statement.StepTime.History recorded 153 samples, mean = 2647.5 (flags = 0x1)
0       O                                                                         (0 = 0.0%)
1       --O                                                                       (2 = 1.3%) {0.0%}
2       -----O                                                                    (5 = 3.3%) {1.3%}
3       ------------O                                                             (12 = 7.8%) {4.6%}
4       ------------O                                                             (12 = 7.8%) {12.4%}
5       ---------------------------O                                              (27 = 17.6%) {20.3%}
6       ----------O                                                               (10 = 6.5%) {37.9%}
7       ---------------O                                                          (15 = 9.8%) {44.4%}
8       ------------O                                                             (12 = 7.8%) {54.2%}
10      --------------O                                                           (14 = 9.2%) {62.1%}
12      --O                                                                       (2 = 1.3%) {71.2%}
14      ---------O                                                                (9 = 5.9%) {72.5%}
17      ---O                                                                      (3 = 2.0%) {78.4%}
20      ---O                                                                      (3 = 2.0%) {80.4%}
24      --O                                                                       (2 = 1.3%) {82.4%}
29      O                                                                         (0 = 0.0%) {83.7%}
34      -O                                                                        (1 = 0.7%) {83.7%}
40      -O                                                                        (1 = 0.7%) {84.3%}
48      O                                                                         (0 = 0.0%) {85.0%}
57      -O                                                                        (1 = 0.7%) {85.0%}
68      O                                                                         (0 = 0.0%) {85.6%}
81      -O                                                                        (1 = 0.7%) {85.6%}
96      -O                                                                        (1 = 0.7%) {86.3%}
114     O                                                                         (0 = 0.0%) {86.9%}
136     ---O                                                                      (3 = 2.0%) {86.9%}
162     ---O                                                                      (3 = 2.0%) {88.9%}
193     -O                                                                        (1 = 0.7%) {90.8%}
230     ---O                                                                      (3 = 2.0%) {91.5%}
273     -O                                                                        (1 = 0.7%) {93.5%}
325     --O                                                                       (2 = 1.3%) {94.1%}
386     -O                                                                        (1 = 0.7%) {95.4%}
459     O                                                                         (0 = 0.0%) {96.1%}
546     -O                                                                        (1 = 0.7%) {96.1%}
649     -O                                                                        (1 = 0.7%) {96.7%}
772     ... 
1299    -O                                                                        (1 = 0.7%) {97.4%}
1545    -O                                                                        (1 = 0.7%) {98.0%}
1837    ... 
49372   -O                                                                        (1 = 0.7%) {98.7%}
58711   ... 
331956  -O                                                                        (1 = 0.7%) {99.3%}
394745  ... 

Histogram: Sql.Statement.StepTime.HistoryInMemoryDB recorded 14 samples, mean = 211.9 (flags = 0x1)
0     O                                                                         (0 = 0.0%)
1     -O                                                                        (1 = 7.1%) {0.0%}
2     O                                                                         (0 = 0.0%) {7.1%}
3     ----O                                                                     (4 = 28.6%) {7.1%}
4     -O                                                                        (1 = 7.1%) {35.7%}
5     --O                                                                       (2 = 14.3%) {42.9%}
6     O                                                                         (0 = 0.0%) {57.1%}
7     -O                                                                        (1 = 7.1%) {57.1%}
8     ... 
24    -O                                                                        (1 = 7.1%) {64.3%}
29    O                                                                         (0 = 0.0%) {71.4%}
34    -O                                                                        (1 = 7.1%) {71.4%}
40    O                                                                         (0 = 0.0%) {78.6%}
48    -O                                                                        (1 = 7.1%) {78.6%}
57    ... 
162   -O                                                                        (1 = 7.1%) {85.7%}
193   ... 
2597  -O                                                                        (1 = 7.1%) {92.9%}
3088  ... 

Histogram: Sql.Statement.StepTime.Passwords recorded 51 samples, mean = 17250.9 (flags = 0x1)
0       -O                                                                        (1 = 2.0%)
1       ---O                                                                      (3 = 5.9%) {2.0%}
2       --O                                                                       (2 = 3.9%) {7.8%}
3       --O                                                                       (2 = 3.9%) {11.8%}
4       -------O                                                                  (7 = 13.7%) {15.7%}
5       -----O                                                                    (5 = 9.8%) {29.4%}
6       -O                                                                        (1 = 2.0%) {39.2%}
7       ---O                                                                      (3 = 5.9%) {41.2%}
8       --O                                                                       (2 = 3.9%) {47.1%}
10      O                                                                         (0 = 0.0%) {51.0%}
12      -O                                                                        (1 = 2.0%) {51.0%}
14      --O                                                                       (2 = 3.9%) {52.9%}
17      -------O                                                                  (7 = 13.7%) {56.9%}
20      ----O                                                                     (4 = 7.8%) {70.6%}
24      --O                                                                       (2 = 3.9%) {78.4%}
29      --O                                                                       (2 = 3.9%) {82.4%}
34      -O                                                                        (1 = 2.0%) {86.3%}
40      -O                                                                        (1 = 2.0%) {88.2%}
48      -O                                                                        (1 = 2.0%) {90.2%}
57      ... 
96      -O                                                                        (1 = 2.0%) {92.2%}
114     -O                                                                        (1 = 2.0%) {94.1%}
136     ... 
331956  -O                                                                        (1 = 2.0%) {96.1%}
394745  O                                                                         (0 = 0.0%) {98.0%}
469410  -O                                                                        (1 = 2.0%) {98.0%}
558198  ... 

Histogram: Sql.Statement.StepTime.Quota recorded 22 samples, mean = 4908.6 (flags = 0x1)
0      -O                                                                        (1 = 4.5%)
1      -O                                                                        (1 = 4.5%) {4.5%}
2      -O                                                                        (1 = 4.5%) {9.1%}
3      ---O                                                                      (3 = 13.6%) {13.6%}
4      O                                                                         (0 = 0.0%) {27.3%}
5      -O                                                                        (1 = 4.5%) {27.3%}
6      ... 
8      ---O                                                                      (3 = 13.6%) {31.8%}
10     O                                                                         (0 = 0.0%) {45.5%}
12     -O                                                                        (1 = 4.5%) {45.5%}
14     --O                                                                       (2 = 9.1%) {50.0%}
17     --O                                                                       (2 = 9.1%) {59.1%}
20     ... 
96     -O                                                                        (1 = 4.5%) {68.2%}
114    ... 
193    -O                                                                        (1 = 4.5%) {72.7%}
230    ... 
2184   -O                                                                        (1 = 4.5%) {77.3%}
2597   ... 
4367   -O                                                                        (1 = 4.5%) {81.8%}
5193   ... 
14684  -O                                                                        (1 = 4.5%) {86.4%}
17461  ... 
29361  -O                                                                        (1 = 4.5%) {90.9%}
34915  ... 
49372  -O                                                                        (1 = 4.5%) {95.5%}
58711  ... 

Histogram: Sql.Statement.StepTime.ServerCertificate recorded 10 samples, mean = 16948.6 (flags = 0x1)
0       -O                                                                        (1 = 10.0%)
1       -O                                                                        (1 = 10.0%) {10.0%}
2       -O                                                                        (1 = 10.0%) {20.0%}
3       -O                                                                        (1 = 10.0%) {30.0%}
4       -O                                                                        (1 = 10.0%) {40.0%}
5       -O                                                                        (1 = 10.0%) {50.0%}
6       -O                                                                        (1 = 10.0%) {60.0%}
7       ... 
34      -O                                                                        (1 = 10.0%) {70.0%}
40      ... 
1299    -O                                                                        (1 = 10.0%) {80.0%}
1545    ... 
166011  -O                                                                        (1 = 10.0%) {90.0%}
197412  ... 

Histogram: Sql.Statement.StepTime.Thumbnail recorded 25 samples, mean = 1136.5 (flags = 0x1)
0      -O                                                                        (1 = 4.0%)
1      --O                                                                       (2 = 8.0%) {4.0%}
2      O                                                                         (0 = 0.0%) {12.0%}
3      -O                                                                        (1 = 4.0%) {12.0%}
4      -O                                                                        (1 = 4.0%) {16.0%}
5      -O                                                                        (1 = 4.0%) {20.0%}
6      O                                                                         (0 = 0.0%) {24.0%}
7      -O                                                                        (1 = 4.0%) {24.0%}
8      --O                                                                       (2 = 8.0%) {28.0%}
10     -O                                                                        (1 = 4.0%) {36.0%}
12     ----O                                                                     (4 = 16.0%) {40.0%}
14     --O                                                                       (2 = 8.0%) {56.0%}
17     -O                                                                        (1 = 4.0%) {64.0%}
20     ... 
34     -O                                                                        (1 = 4.0%) {68.0%}
40     O                                                                         (0 = 0.0%) {72.0%}
48     -O                                                                        (1 = 4.0%) {72.0%}
57     ... 
96     -O                                                                        (1 = 4.0%) {76.0%}
114    ... 
230    -O                                                                        (1 = 4.0%) {80.0%}
273    ... 
772    -O                                                                        (1 = 4.0%) {84.0%}
918    O                                                                         (0 = 0.0%) {88.0%}
1092   -O                                                                        (1 = 4.0%) {88.0%}
1299   ... 
8732   -O                                                                        (1 = 4.0%) {92.0%}
10384  ... 
14684  -O                                                                        (1 = 4.0%) {96.0%}
17461  ... 

Histogram: Sql.Statement.StepTime.TopSites recorded 19 samples, mean = 8832.7 (flags = 0x1)
0       -O                                                                        (1 = 5.3%)
1       -O                                                                        (1 = 5.3%) {5.3%}
2       --O                                                                       (2 = 10.5%) {10.5%}
3       --O                                                                       (2 = 10.5%) {21.1%}
4       --O                                                                       (2 = 10.5%) {31.6%}
5       -O                                                                        (1 = 5.3%) {42.1%}
6       -O                                                                        (1 = 5.3%) {47.4%}
7       O                                                                         (0 = 0.0%) {52.6%}
8       --O                                                                       (2 = 10.5%) {52.6%}
10      ... 
17      -O                                                                        (1 = 5.3%) {63.2%}
20      -O                                                                        (1 = 5.3%) {68.4%}
24      ... 
114     -O                                                                        (1 = 5.3%) {73.7%}
136     ... 
273     -O                                                                        (1 = 5.3%) {78.9%}
325     ... 
10384   -O                                                                        (1 = 5.3%) {84.2%}
12348   -O                                                                        (1 = 5.3%) {89.5%}
14684   ... 
139605  -O                                                                        (1 = 5.3%) {94.7%}
166011  ... 

Histogram: Sql.Statement.StepTime.UKMMetrics recorded 36 samples, mean = 52.7 (flags = 0x1)
0    -O                                                                        (1 = 2.8%)
1    --O                                                                       (2 = 5.6%) {2.8%}
2    --O                                                                       (2 = 5.6%) {8.3%}
3    ---O                                                                      (3 = 8.3%) {13.9%}
4    ---O                                                                      (3 = 8.3%) {22.2%}
5    ---O                                                                      (3 = 8.3%) {30.6%}
6    ------O                                                                   (6 = 16.7%) {38.9%}
7    --O                                                                       (2 = 5.6%) {55.6%}
8    -------O                                                                  (7 = 19.4%) {61.1%}
10   ... 
17   -O                                                                        (1 = 2.8%) {80.6%}
20   ... 
34   -O                                                                        (1 = 2.8%) {83.3%}
40   ... 
57   -O                                                                        (1 = 2.8%) {86.1%}
68   ... 
162  --O                                                                       (2 = 5.6%) {88.9%}
193  -O                                                                        (1 = 2.8%) {94.4%}
230  ... 
918  -O                                                                        (1 = 2.8%) {97.2%}
1092 ... 

Histogram: Sql.Statement.StepTime.Web recorded 183 samples, mean = 560.4 (flags = 0x1)
0      -O                                                                        (1 = 0.5%)
1      --------------O                                                           (14 = 7.7%) {0.5%}
2      -------------------------O                                                (25 = 13.7%) {8.2%}
3      ----------------O                                                         (16 = 8.7%) {21.9%}
4      ---------O                                                                (9 = 4.9%) {30.6%}
5      --------O                                                                 (8 = 4.4%) {35.5%}
6      ---O                                                                      (3 = 1.6%) {39.9%}
7      O                                                                         (0 = 0.0%) {41.5%}
8      -------O                                                                  (7 = 3.8%) {41.5%}
10     ------------O                                                             (12 = 6.6%) {45.4%}
12     -------------O                                                            (13 = 7.1%) {51.9%}
14     ----------------------O                                                   (22 = 12.0%) {59.0%}
17     --------------O                                                           (14 = 7.7%) {71.0%}
20     ------O                                                                   (6 = 3.3%) {78.7%}
24     --------O                                                                 (8 = 4.4%) {82.0%}
29     -O                                                                        (1 = 0.5%) {86.3%}
34     ---O                                                                      (3 = 1.6%) {86.9%}
40     -----O                                                                    (5 = 2.7%) {88.5%}
48     ---O                                                                      (3 = 1.6%) {91.3%}
57     ... 
162    -O                                                                        (1 = 0.5%) {92.9%}
193    --O                                                                       (2 = 1.1%) {93.4%}
230    O                                                                         (0 = 0.0%) {94.5%}
273    -O                                                                        (1 = 0.5%) {94.5%}
325    O                                                                         (0 = 0.0%) {95.1%}
386    -O                                                                        (1 = 0.5%) {95.1%}
459    ... 
918    -O                                                                        (1 = 0.5%) {95.6%}
1092   ... 
5193   --O                                                                       (2 = 1.1%) {96.2%}
6175   -O                                                                        (1 = 0.5%) {97.3%}
7343   O                                                                         (0 = 0.0%) {97.8%}
8732   -O                                                                        (1 = 0.5%) {97.8%}
10384  -O                                                                        (1 = 0.5%) {98.4%}
12348  ... 
24691  -O                                                                        (1 = 0.5%) {98.9%}
29361  -O                                                                        (1 = 0.5%) {99.5%}
34915  ... 

Histogram: Sql.Statement.Thumbnail.VMSteps recorded 25 samples, mean = 12.9 (flags = 0x1)
0   ... 
3   ----O                                                                     (4 = 16.0%) {0.0%}
4   O                                                                         (0 = 0.0%) {16.0%}
5   -O                                                                        (1 = 4.0%) {16.0%}
6   ... 
8   --O                                                                       (2 = 8.0%) {20.0%}
10  ---O                                                                      (3 = 12.0%) {28.0%}
12  --O                                                                       (2 = 8.0%) {40.0%}
14  -----O                                                                    (5 = 20.0%) {48.0%}
17  ----O                                                                     (4 = 16.0%) {68.0%}
20  --O                                                                       (2 = 8.0%) {84.0%}
24  --O                                                                       (2 = 8.0%) {92.0%}
29  ... 

Histogram: Sql.Statement.TopSites.VMSteps recorded 19 samples, mean = 10.8 (flags = 0x1)
0   ... 
3   ----O                                                                     (4 = 21.1%) {0.0%}
4   O                                                                         (0 = 0.0%) {21.1%}
5   -O                                                                        (1 = 5.3%) {21.1%}
6   ... 
8   ----O                                                                     (4 = 21.1%) {26.3%}
10  -O                                                                        (1 = 5.3%) {47.4%}
12  ----O                                                                     (4 = 21.1%) {52.6%}
14  O                                                                         (0 = 0.0%) {73.7%}
17  ---O                                                                      (3 = 15.8%) {73.7%}
20  --O                                                                       (2 = 10.5%) {89.5%}
24  ... 

Histogram: Sql.Statement.UKMMetrics.VMSteps recorded 36 samples, mean = 11.2 (flags = 0x1)
0   ... 
3   ------O                                                                   (6 = 16.7%) {0.0%}
4   O                                                                         (0 = 0.0%) {16.7%}
5   -O                                                                        (1 = 2.8%) {16.7%}
6   O                                                                         (0 = 0.0%) {19.4%}
7   --------O                                                                 (8 = 22.2%) {19.4%}
8   ---O                                                                      (3 = 8.3%) {41.7%}
10  O                                                                         (0 = 0.0%) {50.0%}
12  -----------O                                                              (11 = 30.6%) {50.0%}
14  O                                                                         (0 = 0.0%) {80.6%}
17  --O                                                                       (2 = 5.6%) {80.6%}
20  ---O                                                                      (3 = 8.3%) {86.1%}
24  -O                                                                        (1 = 2.8%) {94.4%}
29  ... 
40  -O                                                                        (1 = 2.8%) {97.2%}
48  ... 

Histogram: Sql.Statement.Web.VMSteps recorded 183 samples, mean = 48.8 (flags = 0x1)
0    ... 
3    --------------------O                                                     (20 = 10.9%) {0.0%}
4    O                                                                         (0 = 0.0%) {10.9%}
5    --O                                                                       (2 = 1.1%) {10.9%}
6    -----------------------O                                                  (23 = 12.6%) {12.0%}
7    ---------------------O                                                    (21 = 11.5%) {24.6%}
8    --------O                                                                 (8 = 4.4%) {36.1%}
10   --------------------O                                                     (20 = 10.9%) {40.4%}
12   --------O                                                                 (8 = 4.4%) {51.4%}
14   --O                                                                       (2 = 1.1%) {55.7%}
17   ----------O                                                               (10 = 5.5%) {56.8%}
20   O                                                                         (0 = 0.0%) {62.3%}
24   --O                                                                       (2 = 1.1%) {62.3%}
29   --O                                                                       (2 = 1.1%) {63.4%}
34   --O                                                                       (2 = 1.1%) {64.5%}
40   --------------O                                                           (14 = 7.7%) {65.6%}
48   --O                                                                       (2 = 1.1%) {73.2%}
57   ---O                                                                      (3 = 1.6%) {74.3%}
68   ----O                                                                     (4 = 2.2%) {76.0%}
81   ---O                                                                      (3 = 1.6%) {78.1%}
96   ------O                                                                   (6 = 3.3%) {79.8%}
114  ------O                                                                   (6 = 3.3%) {83.1%}
135  --------O                                                                 (8 = 4.4%) {86.3%}
160  ----O                                                                     (4 = 2.2%) {90.7%}
190  ------O                                                                   (6 = 3.3%) {92.9%}
226  ----O                                                                     (4 = 2.2%) {96.2%}
268  ---O                                                                      (3 = 1.6%) {98.4%}
318  ... 

Histogram: Sql.vfs.SyncTime recorded 140 samples, mean = 20.3 (flags = 0x1)
0    ---------O                                                                (9 = 6.4%)
1    ---------------------------------O                                        (33 = 23.6%) {6.4%}
2    --------------------------O                                               (26 = 18.6%) {30.0%}
3    -------------O                                                            (13 = 9.3%) {48.6%}
4    --------O                                                                 (8 = 5.7%) {57.9%}
5    ----O                                                                     (4 = 2.9%) {63.6%}
6    --O                                                                       (2 = 1.4%) {66.4%}
7    --O                                                                       (2 = 1.4%) {67.9%}
8    ----------O                                                               (10 = 7.1%) {69.3%}
10   --O                                                                       (2 = 1.4%) {76.4%}
12   --O                                                                       (2 = 1.4%) {77.9%}
14   ---O                                                                      (3 = 2.1%) {79.3%}
17   -O                                                                        (1 = 0.7%) {81.4%}
20   --O                                                                       (2 = 1.4%) {82.1%}
24   --O                                                                       (2 = 1.4%) {83.6%}
29   O                                                                         (0 = 0.0%) {85.0%}
34   -O                                                                        (1 = 0.7%) {85.0%}
40   -O                                                                        (1 = 0.7%) {85.7%}
48   O                                                                         (0 = 0.0%) {86.4%}
57   -O                                                                        (1 = 0.7%) {86.4%}
68   ----O                                                                     (4 = 2.9%) {87.1%}
81   O                                                                         (0 = 0.0%) {90.0%}
96   ----O                                                                     (4 = 2.9%) {90.0%}
114  --O                                                                       (2 = 1.4%) {92.9%}
135  -----O                                                                    (5 = 3.6%) {94.3%}
160  ---O                                                                      (3 = 2.1%) {97.9%}
190  ... 

Histogram: Stability.Counts2 recorded 13 samples, mean = 21.4 (flags = 0x3)
0   ... 
2   ---O                                                                      (3 = 23.1%) {0.0%}
3   ... 
15  -O                                                                        (1 = 7.7%) {23.1%}
16  ... 
26  ----O                                                                     (4 = 30.8%) {30.8%}
27  --O                                                                       (2 = 15.4%) {61.5%}
28  ... 
33  ---O                                                                      (3 = 23.1%) {76.9%}
34  O                                                                         (0 = 0.0%) {100.0%}

Histogram: Stability.Experimental.PageLoads recorded 7 samples, mean = 9.7 (flags = 0x1)
0   --O                                                                       (2 = 28.6%)
1   O                                                                         (0 = 0.0%) {28.6%}
2   -O                                                                        (1 = 14.3%) {28.6%}
3   ... 
15  -O                                                                        (1 = 14.3%) {42.9%}
16  O                                                                         (0 = 0.0%) {57.1%}
17  ---O                                                                      (3 = 42.9%) {57.1%}
18  O                                                                         (0 = 0.0%) {100.0%}

Histogram: Startup.Browser.LoadTime.PreReadFile recorded 1 samples, mean = 59.0 (flags = 0x1)
0   ... 
47  -O                                                                        (1 = 100.0%) {0.0%}
64  ... 

Histogram: Startup.Browser.LoadTime.PreReadFile.WarmStartup recorded 1 samples, mean = 59.0 (flags = 0x1)
0   ... 
47  -O                                                                        (1 = 100.0%) {0.0%}
64  ... 

Histogram: Startup.BrowserMainRunnerImplInitializeLongTime recorded 1 samples, mean = 555.0 (flags = 0x1)
0    ... 
495  -O                                                                        (1 = 100.0%) {0.0%}
571  ... 

Histogram: Startup.BrowserMessageLoopFirstIdle recorded 1 samples, mean = 777.0 (flags = 0x1)
0    ... 
761  -O                                                                        (1 = 100.0%) {0.0%}
878  ... 

Histogram: Startup.BrowserMessageLoopFirstIdle.WarmStartup recorded 1 samples, mean = 777.0 (flags = 0x1)
0    ... 
761  -O                                                                        (1 = 100.0%) {0.0%}
878  ... 

Histogram: Startup.BrowserMessageLoopStartHardFaultBytes recorded 1 samples, mean = 0.0 (flags = 0x1)
0  -O                                                                        (1 = 100.0%)
1024... 

Histogram: Startup.BrowserMessageLoopStartHardFaultCount recorded 1 samples, mean = 0.0 (flags = 0x1)
0  -O                                                                        (1 = 100.0%)
1  ... 

Histogram: Startup.BrowserMessageLoopStartTime recorded 1 samples, mean = 671.0 (flags = 0x1)
0    ... 
659  -O                                                                        (1 = 100.0%) {0.0%}
761  ... 

Histogram: Startup.BrowserMessageLoopStartTime.WarmStartup recorded 1 samples, mean = 671.0 (flags = 0x1)
0    ... 
659  -O                                                                        (1 = 100.0%) {0.0%}
761  ... 

Histogram: Startup.BrowserWindow.FirstPaint recorded 1 samples, mean = 767.0 (flags = 0x1)
0    ... 
761  -O                                                                        (1 = 100.0%) {0.0%}
878  ... 

Histogram: Startup.BrowserWindow.FirstPaint.WarmStartup recorded 1 samples, mean = 767.0 (flags = 0x1)
0    ... 
761  -O                                                                        (1 = 100.0%) {0.0%}
878  ... 

Histogram: Startup.BrowserWindowDisplay recorded 1 samples, mean = 669.0 (flags = 0x1)
0    ... 
539  -O                                                                        (1 = 100.0%) {0.0%}
730  ... 

Histogram: Startup.BrowserWindowDisplay.WarmStartup recorded 1 samples, mean = 669.0 (flags = 0x1)
0    ... 
539  -O                                                                        (1 = 100.0%) {0.0%}
730  ... 

Histogram: Startup.CrashBubbleShown recorded 1 samples, mean = 0.0 (flags = 0x1)
0  -O                                                                        (1 = 100.0%)
1  ... 

Histogram: Startup.CreateFirstProfile recorded 1 samples, mean = 96.0 (flags = 0x1)
0   ... 
87  -O                                                                        (1 = 100.0%) {0.0%}
118 ... 

Histogram: Startup.FirstWebContents.FinishReason recorded 1 samples, mean = 6.0 (flags = 0x1)
0  ... 
6  -O                                                                        (1 = 100.0%) {0.0%}
7  ... 

Histogram: Startup.IncognitoForcedStart recorded 1 samples, mean = 0.0 (flags = 0x1)
0  -O                                                                        (1 = 100.0%)
1  ... 

Histogram: Startup.LoadTime.ApplicationStartToChromeMain recorded 1 samples, mean = 66.0 (flags = 0x1)
0   ... 
64  -O                                                                        (1 = 100.0%) {0.0%}
87  ... 

Histogram: Startup.LoadTime.ApplicationStartToChromeMain.WarmStartup recorded 1 samples, mean = 66.0 (flags = 0x1)
0   ... 
64  -O                                                                        (1 = 100.0%) {0.0%}
87  ... 

Histogram: Startup.LoadTime.ProcessCreateToApplicationStart recorded 1 samples, mean = 106.0 (flags = 0x1)
0   ... 
87  -O                                                                        (1 = 100.0%) {0.0%}
118 ... 

Histogram: Startup.LoadTime.ProcessCreateToApplicationStart.WarmStartup recorded 1 samples, mean = 106.0 (flags = 0x1)
0   ... 
87  -O                                                                        (1 = 100.0%) {0.0%}
118 ... 

Histogram: Startup.LoadTime.RecordedProcessCreation recorded 1 samples, mean = 1.0 (flags = 0x1)
0  O                                                                         (0 = 0.0%)
1  -O                                                                        (1 = 100.0%) {0.0%}
2  O                                                                         (0 = 0.0%) {100.0%}

Histogram: Startup.PreMainMessageLoopRunImplLongTime recorded 1 samples, mean = 465.0 (flags = 0x1)
0    ... 
429  -O                                                                        (1 = 100.0%) {0.0%}
495  ... 

Histogram: Startup.StartupBrowserCreator.LaunchBrowser recorded 1 samples, mean = 346.0 (flags = 0x1)
0    ... 
318  -O                                                                        (1 = 100.0%) {0.0%}
378  ... 

Histogram: Startup.Temperature recorded 1 samples, mean = 1.0 (flags = 0x1)
0  O                                                                         (0 = 0.0%)
1  -O                                                                        (1 = 100.0%) {0.0%}
2  ... 

Histogram: Storage.DeclarativePerformanceObserver.DatabaseSize recorded 1 samples, mean = 32.0 (flags = 0x1)
0  -O                                                                        (1 = 100.0%)
1000... 

Histogram: Storage.DeclarativePerformanceObserver.StoredOriginCount recorded 1 samples, mean = 0.0 (flags = 0x1)
0  -O                                                                        (1 = 100.0%)
1  ... 

Histogram: Storage.DeclarativePerformanceObserver.StoredReportCount recorded 1 samples, mean = 0.0 (flags = 0x1)
0  -O                                                                        (1 = 100.0%)
1  ... 

Histogram: Storage.SessionStorage.ClearDiskStateAtStoragePartitionInit recorded 1 samples, mean = 1.0 (flags = 0x1)
0  O                                                                         (0 = 0.0%)
1  -O                                                                        (1 = 100.0%) {0.0%}
2  O                                                                         (0 = 0.0%) {100.0%}

Histogram: Storage.SharedStorage.Worklet.NumPerPage recorded 2 samples, mean = 0.0 (flags = 0x1)
0  --O                                                                       (2 = 100.0%)
1  ... 

Histogram: Storage.SharedStorage.Worklet.SelectURL.CallsPerPage recorded 2 samples, mean = 0.0 (flags = 0x1)
0  --O                                                                       (2 = 100.0%)
1  ... 

Histogram: Storage.StoragePartition.InitializeDuration recorded 1 samples, mean = 5.0 (flags = 0x1)
0  ... 
5  -O                                                                        (1 = 100.0%) {0.0%}
6  ... 

Histogram: Storage.StoragePartition.InitializeDuration.BackgroundTasks recorded 1 samples, mean = 0.0 (flags = 0x1)
0  -O                                                                        (1 = 100.0%)
1  ... 

Histogram: Storage.StoragePartition.InitializeDuration.CodeCacheAndInterestGroup recorded 1 samples, mean = 0.0 (flags = 0x1)
0  -O                                                                        (1 = 100.0%)
1  ... 

Histogram: Storage.StoragePartition.InitializeDuration.DOMStorageAndIndexedDB recorded 1 samples, mean = 1.0 (flags = 0x1)
0  O                                                                         (0 = 0.0%)
1  -O                                                                        (1 = 100.0%) {0.0%}
2  ... 

Histogram: Storage.StoragePartition.InitializeDuration.QuotaAndFileSystem recorded 1 samples, mean = 0.0 (flags = 0x1)
0  -O                                                                        (1 = 100.0%)
1  ... 

Histogram: Storage.StoragePartition.InitializeDuration.ServiceWorkerContext recorded 1 samples, mean = 3.0 (flags = 0x1)
0  ... 
3  -O                                                                        (1 = 100.0%) {0.0%}
4  ... 

Histogram: Storage.StoragePartitionMap.Get.Duration recorded 477 samples, mean = 0.0 (flags = 0x1)
0   ------------------------------------------------------------------------O (476 = 99.8%)
1   ... 
10  O                                                                         (1 = 0.2%) {99.8%}
12  ... 

Histogram: StructuredMetrics.InitSequence recorded 1 samples, mean = 1.0 (flags = 0x1)
0  O                                                                         (0 = 0.0%)
1  -O                                                                        (1 = 100.0%) {0.0%}
2  O                                                                         (0 = 0.0%) {100.0%}

Histogram: SubresourceFilter.PageLoad.ActivationDecision recorded 2 samples, mean = 1.0 (flags = 0x1)
0  O                                                                         (0 = 0.0%)
1  --O                                                                       (2 = 100.0%) {0.0%}
2  ... 

Histogram: SubresourceFilter.PageLoad.ActivationList recorded 2 samples, mean = 0.0 (flags = 0x1)
0  --O                                                                       (2 = 100.0%)
1  ... 

Histogram: SubresourceFilter.PageLoad.ActivationState recorded 3 samples, mean = 0.0 (flags = 0x1)
0  ---O                                                                      (3 = 100.0%)
1  ... 

Histogram: SubresourceFilter.PageLoad.ActivationState.DisabledReason recorded 3 samples, mean = 7.3 (flags = 0x1)
0  ... 
7  --O                                                                       (2 = 66.7%) {0.0%}
8  -O                                                                        (1 = 33.3%) {66.7%}
9  O                                                                         (0 = 0.0%) {100.0%}

Histogram: SubresourceFilter.PageLoad.SafeBrowsingDelay recorded 2 samples, mean = 0.0 (flags = 0x1)
0  --O                                                                       (2 = 100.0%)
1  ... 

Histogram: SubresourceFilter.SafeBrowsing.TotalCheckTime recorded 2 samples, mean = 0.0 (flags = 0x1)
0  --O                                                                       (2 = 100.0%)
1  ... 

Histogram: Sync.DataTypeStoreBackendError.ReadRecords recorded 28 samples, mean = 1.0 (flags = 0x1)
0  O                                                                         (0 = 0.0%)
1  ----------------------------O                                             (28 = 100.0%) {0.0%}
2  ... 

Histogram: Sync.DataTypeStoreBackendInitializationSuccess recorded 1 samples, mean = 1.0 (flags = 0x1)
0  O                                                                         (0 = 0.0%)
1  -O                                                                        (1 = 100.0%) {0.0%}
2  O                                                                         (0 = 0.0%) {100.0%}

Histogram: Sync.FeatureStatusForSyncToSigninMigration recorded 1 samples, mean = 0.0 (flags = 0x1)
0  -O                                                                        (1 = 100.0%)
1  ... 

Histogram: Sync.InitialState2 recorded 1 samples, mean = 1.0 (flags = 0x1)
0  O                                                                         (0 = 0.0%)
1  -O                                                                        (1 = 100.0%) {0.0%}
2  ... 

Histogram: Sync.Local.Enabled2 recorded 1 samples, mean = 0.0 (flags = 0x1)
0  -O                                                                        (1 = 100.0%)
1  ... 

Histogram: Sync.PassphraseType5 recorded 1 samples, mean = 0.0 (flags = 0x1)
0  -O                                                                        (1 = 100.0%)
1  ... 

Histogram: Sync.SearchEngine.AddedKeywordHasAccountData recorded 11 samples, mean = 0.0 (flags = 0x1)
0  -----------O                                                              (11 = 100.0%)
1  ... 

Histogram: Sync.SyncSetupIncompleteMigrationDecision recorded 1 samples, mean = 1.0 (flags = 0x1)
0  O                                                                         (0 = 0.0%)
1  -O                                                                        (1 = 100.0%) {0.0%}
2  ... 

Histogram: Sync.SyncToSigninMigration.MigrationType recorded 1 samples, mean = 4.0 (flags = 0x1)
0  ... 
4  -O                                                                        (1 = 100.0%) {0.0%}
5  O                                                                         (0 = 0.0%) {100.0%}

Histogram: Sync.SyncToSigninMigrationDecision recorded 1 samples, mean = 1.0 (flags = 0x1)
0  O                                                                         (0 = 0.0%)
1  -O                                                                        (1 = 100.0%) {0.0%}
2  ... 

Histogram: Sync.SyncableService.MaybeClearDataIfMetadataEmptyOrInvalid.APP recorded 1 samples, mean = 1.0 (flags = 0x1)
0  O                                                                         (0 = 0.0%)
1  -O                                                                        (1 = 100.0%) {0.0%}
2  O                                                                         (0 = 0.0%) {100.0%}

Histogram: Sync.SyncableService.MaybeClearDataIfMetadataEmptyOrInvalid.APP_SETTING recorded 1 samples, mean = 1.0 (flags = 0x1)
0  O                                                                         (0 = 0.0%)
1  -O                                                                        (1 = 100.0%) {0.0%}
2  O                                                                         (0 = 0.0%) {100.0%}

Histogram: Sync.SyncableService.MaybeClearDataIfMetadataEmptyOrInvalid.DICTIONARY recorded 1 samples, mean = 1.0 (flags = 0x1)
0  O                                                                         (0 = 0.0%)
1  -O                                                                        (1 = 100.0%) {0.0%}
2  O                                                                         (0 = 0.0%) {100.0%}

Histogram: Sync.SyncableService.MaybeClearDataIfMetadataEmptyOrInvalid.EXTENSION recorded 1 samples, mean = 1.0 (flags = 0x1)
0  O                                                                         (0 = 0.0%)
1  -O                                                                        (1 = 100.0%) {0.0%}
2  O                                                                         (0 = 0.0%) {100.0%}

Histogram: Sync.SyncableService.MaybeClearDataIfMetadataEmptyOrInvalid.EXTENSION_SETTING recorded 1 samples, mean = 1.0 (flags = 0x1)
0  O                                                                         (0 = 0.0%)
1  -O                                                                        (1 = 100.0%) {0.0%}
2  O                                                                         (0 = 0.0%) {100.0%}

Histogram: Sync.SyncableService.MaybeClearDataIfMetadataEmptyOrInvalid.HISTORY_DELETE_DIRECTIVE recorded 1 samples, mean = 1.0 (flags = 0x1)
0  O                                                                         (0 = 0.0%)
1  -O                                                                        (1 = 100.0%) {0.0%}
2  O                                                                         (0 = 0.0%) {100.0%}

Histogram: Sync.SyncableService.MaybeClearDataIfMetadataEmptyOrInvalid.MANAGED_USER_SETTING recorded 1 samples, mean = 1.0 (flags = 0x1)
0  O                                                                         (0 = 0.0%)
1  -O                                                                        (1 = 100.0%) {0.0%}
2  O                                                                         (0 = 0.0%) {100.0%}

Histogram: Sync.SyncableService.MaybeClearDataIfMetadataEmptyOrInvalid.PREFERENCE recorded 1 samples, mean = 1.0 (flags = 0x1)
0  O                                                                         (0 = 0.0%)
1  -O                                                                        (1 = 100.0%) {0.0%}
2  O                                                                         (0 = 0.0%) {100.0%}

Histogram: Sync.SyncableService.MaybeClearDataIfMetadataEmptyOrInvalid.PRIORITY_PREFERENCE recorded 1 samples, mean = 1.0 (flags = 0x1)
0  O                                                                         (0 = 0.0%)
1  -O                                                                        (1 = 100.0%) {0.0%}
2  O                                                                         (0 = 0.0%) {100.0%}

Histogram: Sync.SyncableService.MaybeClearDataIfMetadataEmptyOrInvalid.SEARCH_ENGINE recorded 1 samples, mean = 1.0 (flags = 0x1)
0  O                                                                         (0 = 0.0%)
1  -O                                                                        (1 = 100.0%) {0.0%}
2  O                                                                         (0 = 0.0%) {100.0%}

Histogram: Sync.SyncableService.MaybeClearDataIfMetadataEmptyOrInvalid.THEME recorded 1 samples, mean = 1.0 (flags = 0x1)
0  O                                                                         (0 = 0.0%)
1  -O                                                                        (1 = 100.0%) {0.0%}
2  O                                                                         (0 = 0.0%) {100.0%}

Histogram: Tab.Icon.UpdateThrobber.Time recorded 44 samples, mean = 5.9 (flags = 0x1)
0    ---------------O                                                          (15 = 34.1%)
1    -------------------------O                                                (25 = 56.8%) {34.1%}
2    O                                                                         (0 = 0.0%) {90.9%}
3    -O                                                                        (1 = 2.3%) {90.9%}
4    O                                                                         (0 = 0.0%) {93.2%}
6    --O                                                                       (2 = 4.5%) {93.2%}
8    ... 
203  -O                                                                        (1 = 2.3%) {97.7%}
282  ... 

Histogram: Tab.Icon.UpdateThrobber.Time.NotCached recorded 1 samples, mean = 197.0 (flags = 0x1)
0    ... 
146  -O                                                                        (1 = 100.0%) {0.0%}
203  ... 

Histogram: TabGroups.CollapsedGroupCountPerLoad recorded 3 samples, mean = 0.0 (flags = 0x1)
0  ---O                                                                      (3 = 100.0%)
1  ... 

Histogram: TabGroups.ParseSavedTabGroupDataEntries.ParseFailurePercentage recorded 1 samples, mean = 0.0 (flags = 0x1)
0  -O                                                                        (1 = 100.0%)
1  ... 

Histogram: TabGroups.SavedTabGroupSyncBridge.MigrationResult recorded 6 samples, mean = 6.3 (flags = 0x1)
0   O                                                                         (0 = 0.0%)
1   -O                                                                        (1 = 16.7%) {0.0%}
2   O                                                                         (0 = 0.0%) {16.7%}
3   -O                                                                        (1 = 16.7%) {16.7%}
4   -O                                                                        (1 = 16.7%) {33.3%}
5   ... 
7   -O                                                                        (1 = 16.7%) {50.0%}
8   -O                                                                        (1 = 16.7%) {66.7%}
9   ... 
15  -O                                                                        (1 = 16.7%) {83.3%}
16  O                                                                         (0 = 0.0%) {100.0%}

Histogram: TabGroups.UserCustomizedGroupCountPerLoad recorded 3 samples, mean = 0.0 (flags = 0x1)
0  ---O                                                                      (3 = 100.0%)
1  ... 

Histogram: TabGroups.UserGroupCountPerLoad recorded 3 samples, mean = 0.0 (flags = 0x1)
0  ---O                                                                      (3 = 100.0%)
1  ... 

Histogram: TabGroups.UserPinnedTabCountPerLoad recorded 3 samples, mean = 0.0 (flags = 0x1)
0  ---O                                                                      (3 = 100.0%)
1  ... 

Histogram: Tabs.PageLoad.TimeSinceActive2 recorded 2 samples, mean = 1142.5 (flags = 0x1)
0    ... 
962  --O                                                                       (2 = 100.0%) {0.0%}
1491 ... 

Histogram: Tabs.PageLoad.TimeSinceCreated2 recorded 2 samples, mean = 1174.5 (flags = 0x1)
0    ... 
962  --O                                                                       (2 = 100.0%) {0.0%}
1491 ... 

Histogram: Tabs.Selections.Count recorded 2 samples, mean = 0.5 (flags = 0x1)
0  -O                                                                        (1 = 50.0%)
1  -O                                                                        (1 = 50.0%) {50.0%}
2  ... 

Histogram: Tabs.TabCountActiveWindow recorded 3 samples, mean = 1.0 (flags = 0x1)
0  O                                                                         (0 = 0.0%)
1  ---O                                                                      (3 = 100.0%) {0.0%}
2  ... 

Histogram: Tabs.TabCountInGroupPerLoad recorded 3 samples, mean = 0.0 (flags = 0x1)
0  ---O                                                                      (3 = 100.0%)
1  ... 

Histogram: Tabs.TabCountPerLoad recorded 3 samples, mean = 1.0 (flags = 0x1)
0  O                                                                         (0 = 0.0%)
1  ---O                                                                      (3 = 100.0%) {0.0%}
2  ... 

Histogram: Tabs.TabCountPerWindow recorded 3 samples, mean = 1.0 (flags = 0x1)
0  O                                                                         (0 = 0.0%)
1  ---O                                                                      (3 = 100.0%) {0.0%}
2  ... 

Histogram: Tabs.VerticalTabs.EnabledAtSessionStart recorded 1 samples, mean = 0.0 (flags = 0x1)
0  -O                                                                        (1 = 100.0%)
1  ... 

Histogram: Theme.ThemePrefMigration.AlreadyMigrated recorded 1 samples, mean = 0.0 (flags = 0x1)
0  -O                                                                        (1 = 100.0%)
1  ... 

Histogram: Theme.ThemePrefMigration.PrefRegistered recorded 1 samples, mean = 1.0 (flags = 0x1)
0  O                                                                         (0 = 0.0%)
1  -O                                                                        (1 = 100.0%) {0.0%}
2  O                                                                         (0 = 0.0%) {100.0%}

Histogram: ThreadPool.UnnecessaryWakeup.Browser.Foreground recorded 74 samples, mean = 1.0 (flags = 0x1)
0  O                                                                         (0 = 0.0%)
1  ------------------------------------------------------------------------O (74 = 100.0%) {0.0%}
2  O                                                                         (0 = 0.0%) {100.0%}

Histogram: TopChromeUI.OmniboxPopup.RequestToFirstContentfulPaint recorded 1 samples, mean = 2006.0 (flags = 0x1)
0     ... 
1920  -O                                                                        (1 = 100.0%) {0.0%}
2118  ... 

Histogram: Touch.DevicePosture.Startup recorded 1 samples, mean = 1.0 (flags = 0x1)
0  O                                                                         (0 = 0.0%)
1  -O                                                                        (1 = 100.0%) {0.0%}
2  O                                                                         (0 = 0.0%) {100.0%}

Histogram: Tracing.Init.InitTracing recorded 1 samples, mean = 0.0 (flags = 0x1)
0  -O                                                                        (1 = 100.0%)
1  ... 

Histogram: Tracing.Init.Perfetto.Initialize recorded 1 samples, mean = 0.0 (flags = 0x1)
0  -O                                                                        (1 = 100.0%)
1  ... 

Histogram: Translate.ApplicationStart.AlwaysTranslateLanguage.Count recorded 1 samples, mean = 0.0 (flags = 0x1)
0  -O                                                                        (1 = 100.0%)
1  ... 

Histogram: Translate.ApplicationStart.NeverTranslateLanguage recorded 1 samples (flags = 0x1)
-74147910-O                                                                        (1 = 100.0%)

Histogram: Translate.ApplicationStart.NeverTranslateLanguage.Count recorded 1 samples, mean = 1.0 (flags = 0x1)
0  O                                                                         (0 = 0.0%)
1  -O                                                                        (1 = 100.0%) {0.0%}
2  ... 

Histogram: Translate.ApplicationStart.NeverTranslateSite.Count recorded 1 samples, mean = 0.0 (flags = 0x1)
0  -O                                                                        (1 = 100.0%)
1  ... 

Histogram: Translate.LanguageDeterminedDuration recorded 2 samples, mean = 69.5 (flags = 0x1)
0   ... 
26  -O                                                                        (1 = 50.0%) {0.0%}
35  ... 
87  -O                                                                        (1 = 50.0%) {50.0%}
118 ... 

Histogram: Translate.PageLoad.FinalSourceLanguage recorded 2 samples (flags = 0x1)
-1895779836-O                                                                        (1 = 50.0%)
-74147910-O                                                                        (1 = 50.0%)

Histogram: Translate.PageLoad.FinalState recorded 2 samples, mean = 1.0 (flags = 0x1)
0  O                                                                         (0 = 0.0%)
1  --O                                                                       (2 = 100.0%) {0.0%}
2  ... 

Histogram: Translate.PageLoad.FinalTargetLanguage recorded 2 samples (flags = 0x1)
-74147910--O                                                                       (2 = 100.0%)

Histogram: Translate.PageLoad.InitialSourceLanguage recorded 2 samples (flags = 0x1)
-1895779836-O                                                                        (1 = 50.0%)
-74147910-O                                                                        (1 = 50.0%)

Histogram: Translate.PageLoad.InitialState recorded 2 samples, mean = 1.0 (flags = 0x1)
0  O                                                                         (0 = 0.0%)
1  --O                                                                       (2 = 100.0%) {0.0%}
2  ... 

Histogram: Translate.PageLoad.InitialTargetLanguage recorded 2 samples (flags = 0x1)
-74147910--O                                                                       (2 = 100.0%)

Histogram: Translate.PageLoad.InitialTargetLanguage.Origin recorded 2 samples, mean = 1.0 (flags = 0x1)
0  O                                                                         (0 = 0.0%)
1  --O                                                                       (2 = 100.0%) {0.0%}
2  ... 

Histogram: Translate.PageLoad.IsInitialSourceLanguageInUsersContentLanguages recorded 2 samples, mean = 0.5 (flags = 0x1)
0  -O                                                                        (1 = 50.0%)
1  -O                                                                        (1 = 50.0%) {50.0%}
2  O                                                                         (0 = 0.0%) {100.0%}

Histogram: Translate.PageLoad.NumReversions recorded 2 samples, mean = 0.0 (flags = 0x1)
0  --O                                                                       (2 = 100.0%)
1  ... 

Histogram: Translate.PageLoad.NumTargetLanguageChanges recorded 2 samples, mean = 0.0 (flags = 0x1)
0  --O                                                                       (2 = 100.0%)
1  ... 

Histogram: Translate.PageLoad.NumTranslations recorded 2 samples, mean = 0.0 (flags = 0x1)
0  --O                                                                       (2 = 100.0%)
1  ... 

Histogram: Translate.PageLoad.Ranker.Decision recorded 2 samples, mean = 1.0 (flags = 0x1)
0  O                                                                         (0 = 0.0%)
1  --O                                                                       (2 = 100.0%) {0.0%}
2  ... 

Histogram: Translate.PageLoad.Ranker.Version recorded 2 samples (flags = 0x1)
0  --O                                                                       (2 = 100.0%)

Histogram: Translate.PageLoad.TriggerDecision recorded 2 samples, mean = 4.5 (flags = 0x1)
0  O                                                                         (0 = 0.0%)
1  -O                                                                        (1 = 50.0%) {0.0%}
2  ... 
8  -O                                                                        (1 = 50.0%) {50.0%}
9  ... 

Histogram: TrustedVault.AccessTokenFetchSuccess.HwProtected recorded 1 samples, mean = 0.0 (flags = 0x1)
0  -O                                                                        (1 = 100.0%)
1  ... 

Histogram: TrustedVault.DownloadAuthenticationFactorsRegistrationState.HwProtected recorded 1 samples, mean = 0.0 (flags = 0x1)
0  -O                                                                        (1 = 100.0%)
1  ... 

Histogram: TrustedVault.FileReadStatus.ChromeSync recorded 1 samples, mean = 1.0 (flags = 0x1)
0  O                                                                         (0 = 0.0%)
1  -O                                                                        (1 = 100.0%) {0.0%}
2  ... 

Histogram: TrustedVault.FileWriteSuccess.ChromeSync recorded 1 samples, mean = 1.0 (flags = 0x1)
0  O                                                                         (0 = 0.0%)
1  -O                                                                        (1 = 100.0%) {0.0%}
2  O                                                                         (0 = 0.0%) {100.0%}

Histogram: TrustedVault.ListSecurityDomainMembersPinStatus.HwProtected recorded 1 samples, mean = 2.0 (flags = 0x1)
0  ... 
2  -O                                                                        (1 = 100.0%) {0.0%}
3  O                                                                         (0 = 0.0%) {100.0%}

Histogram: UKM.ConsentObserver.Purge recorded 1 samples, mean = 0.0 (flags = 0x1)
0  -O                                                                        (1 = 100.0%)
1  ... 

Histogram: UKM.Entries.Dropped recorded 131 samples, mean = 1.0 (flags = 0x1)
0  O                                                                         (0 = 0.0%)
1  ------------------------------------------------------------------------O (131 = 100.0%) {0.0%}
2  ... 

Histogram: UKM.Entries.Dropped.ByEntryHash recorded 131 samples (flags = 0x1)
42578854    --O                                                                       (2 = 1.5%)
58315124    -O                                                                        (1 = 0.8%)
119435925   -O                                                                        (1 = 0.8%)
180190397   -O                                                                        (1 = 0.8%)
182085608   ------O                                                                   (6 = 4.6%)
189164898   --O                                                                       (2 = 1.5%)
239399480   --O                                                                       (2 = 1.5%)
251237400   --O                                                                       (2 = 1.5%)
270025173   --O                                                                       (2 = 1.5%)
277070773   --O                                                                       (2 = 1.5%)
385121421   ------O                                                                   (6 = 4.6%)
410645267   --O                                                                       (2 = 1.5%)
480593958   -------O                                                                  (7 = 5.3%)
532600439   -------O                                                                  (7 = 5.3%)
624513781   --O                                                                       (2 = 1.5%)
661477988   --O                                                                       (2 = 1.5%)
705322609   ---O                                                                      (3 = 2.3%)
911916855   -------O                                                                  (7 = 5.3%)
1004547038  --O                                                                       (2 = 1.5%)
1035062417  -------O                                                                  (7 = 5.3%)
1078164680  -O                                                                        (1 = 0.8%)
1204549770  --O                                                                       (2 = 1.5%)
1262170432  ---O                                                                      (3 = 2.3%)
1354891390  --O                                                                       (2 = 1.5%)
1458241900  -O                                                                        (1 = 0.8%)
1486378388  -O                                                                        (1 = 0.8%)
1548358279  --O                                                                       (2 = 1.5%)
1604233346  ----------------O                                                         (16 = 12.2%)
1663717192  --O                                                                       (2 = 1.5%)
1767609109  -----------------O                                                        (17 = 13.0%)
1832900131  ------O                                                                   (6 = 4.6%)
1871083634  --O                                                                       (2 = 1.5%)
1892405964  -----O                                                                    (5 = 3.8%)
2037740339  ---O                                                                      (3 = 2.3%)
2066033668  --O                                                                       (2 = 1.5%)

Histogram: UKM.PersistentLogRecall.Status recorded 1 samples, mean = 1.0 (flags = 0x1)
0  O                                                                         (0 = 0.0%)
1  -O                                                                        (1 = 100.0%) {0.0%}
2  ... 

Histogram: UKM.Sources.Dropped recorded 13 samples, mean = 1.0 (flags = 0x1)
0  O                                                                         (0 = 0.0%)
1  -------------O                                                            (13 = 100.0%) {0.0%}
2  ... 

Histogram: UKM.WebDXFeatureSets.Dropped recorded 2 samples, mean = 1.0 (flags = 0x1)
0  O                                                                         (0 = 0.0%)
1  --O                                                                       (2 = 100.0%) {0.0%}
2  ... 

Histogram: UMA.ChildProcess.Ping.SharedMemorySetUp recorded 19 samples, mean = 0.9 (flags = 0x1)
0  ----------O                                                               (10 = 52.6%)
1  O                                                                         (0 = 0.0%) {52.6%}
2  ---------O                                                                (9 = 47.4%) {52.6%}
3  O                                                                         (0 = 0.0%) {100.0%}

Histogram: UMA.CleanExitBeaconConsistency3 recorded 1 samples, mean = 6.0 (flags = 0x1)
0  ... 
6  -O                                                                        (1 = 100.0%) {0.0%}
7  ... 

Histogram: UMA.ClientIdBackupRecoveredWithAge recorded 1 samples, mean = 1111.0 (flags = 0x1)
0     ... 
1062  -O                                                                        (1 = 100.0%) {0.0%}
1262  ... 

Histogram: UMA.ClientIdSource recorded 3 samples, mean = 0.7 (flags = 0x1)
0  --O                                                                       (2 = 66.7%)
1  O                                                                         (0 = 0.0%) {66.7%}
2  -O                                                                        (1 = 33.3%) {66.7%}
3  ... 

Histogram: UMA.DriveIsRemovableResult recorded 2 samples, mean = 0.0 (flags = 0x1)
0  --O                                                                       (2 = 100.0%)
1  ... 

Histogram: UMA.DriveIsUSBResult recorded 2 samples, mean = 0.0 (flags = 0x1)
0  --O                                                                       (2 = 100.0%)
1  ... 

Histogram: UMA.EntropySourceType recorded 1 samples, mean = 2.0 (flags = 0x1)
0  ... 
2  -O                                                                        (1 = 100.0%) {0.0%}
3  O                                                                         (0 = 0.0%) {100.0%}

Histogram: UMA.FileMetricsProvider.InitialAccessResult recorded 1 samples, mean = 1.0 (flags = 0x1)
0  O                                                                         (0 = 0.0%)
1  -O                                                                        (1 = 100.0%) {0.0%}
2  ... 

Histogram: UMA.LocalHistogram recorded 2 samples, mean = 1.0
0  O                                                                         (0 = 0.0%)
1  --O                                                                       (2 = 100.0%) {0.0%}
2  O                                                                         (0 = 0.0%) {100.0%}

Histogram: UMA.MetricsService.Initialize.Time recorded 1 samples, mean = 307.0 (flags = 0x1)
0    ... 
258  -O                                                                        (1 = 100.0%) {0.0%}
340  ... 

Histogram: UMA.MetricsService.PendingOngoingLogOnDisable recorded 1 samples, mean = 0.0 (flags = 0x1)
0  -O                                                                        (1 = 100.0%)
1  ... 

Histogram: UMA.PersistentAllocator.FieldTrialAllocator.UsedPct recorded 11 samples, mean = 0.0 (flags = 0x1)
0  -----------O                                                              (11 = 100.0%)
1  ... 

Histogram: UMA.Pseudo.PageLoad.LayoutInstability.CumulativeShiftScore recorded 2 samples, mean = 0.0 (flags = 0x1)
0  --O                                                                       (2 = 100.0%)
1  ... 

Histogram: UMA.Pseudo.PageLoad.LayoutInstability.MaxCumulativeShiftScore.SessionWindow.Gap1000ms.Max5000ms2 recorded 2 samples, mean = 0.0 (flags = 0x1)
0  --O                                                                       (2 = 100.0%)
1  ... 

Histogram: UMA.Pseudo.PageLoad.PaintTiming.NavigationToLargestContentfulPaint2 recorded 1 samples, mean = 337.0 (flags = 0x1)
0    ... 
322  -O                                                                        (1 = 100.0%) {0.0%}
360  ... 

Histogram: UMA.Startup.LocalStateFileExistence recorded 1 samples, mean = 0.0 (flags = 0x1)
0  -O                                                                        (1 = 100.0%)
1  ... 

Histogram: UMA.UserActionsCount recorded 8 samples, mean = 1.0 (flags = 0x1)
0  O                                                                         (0 = 0.0%)
1  --------O                                                                 (8 = 100.0%) {0.0%}
2  O                                                                         (0 = 0.0%) {100.0%}

Histogram: UnifiedConsent.MakeSearchesAndBrowsingBetter.OnProfileLoad recorded 1 samples, mean = 0.0 (flags = 0x1)
0  -O                                                                        (1 = 100.0%)
1  ... 

Histogram: UserEducation.Session.ActivePeriodDuration.Min.Under1Hour recorded 1 samples, mean = 0.0 (flags = 0x1)
0  -O                                                                        (1 = 100.0%)
1  ... 

Histogram: UserEducation.Session.ActivePeriodDuration.Min.Under24Hours recorded 1 samples, mean = 0.0 (flags = 0x1)
0  -O                                                                        (1 = 100.0%)
1  ... 

Histogram: UserEducation.Session.IdlePeriodDuration.Hr.Under28Days recorded 1 samples, mean = 3731631.0 (flags = 0x1)
0    ... 
672  -O                                                                        (1 = 100.0%) {0.0%}

Histogram: UserEducation.Session.IdlePeriodDuration.Min.Under24Hours recorded 1 samples, mean = 223897872.0 (flags = 0x1)
0     ... 
1440  -O                                                                        (1 = 100.0%) {0.0%}

Histogram: Variations.ExtendedSafeMode.BeaconFileDeserializationError recorded 1 samples (flags = 0x1)
1003  -O                                                                        (1 = 100.0%)

Histogram: Variations.ExtendedSafeMode.BeaconFileStateAtStartup recorded 1 samples, mean = 1.0 (flags = 0x1)
0  O                                                                         (0 = 0.0%)
1  -O                                                                        (1 = 100.0%) {0.0%}
2  ... 

Histogram: Variations.ExtendedSafeMode.BeaconFileWrite recorded 2 samples, mean = 1.0 (flags = 0x1)
0  O                                                                         (0 = 0.0%)
1  --O                                                                       (2 = 100.0%) {0.0%}
2  O                                                                         (0 = 0.0%) {100.0%}

Histogram: Variations.FeatureAccess recorded 1097 samples (flags = 0x1)
-2145869757 -O                                                                        (1 = 0.1%)
-2145586007 -O                                                                        (1 = 0.1%)
-2145384429 -O                                                                        (1 = 0.1%)
-2142950691 -O                                                                        (1 = 0.1%)
-2142718884 -O                                                                        (1 = 0.1%)
-2135552438 -O                                                                        (1 = 0.1%)
-2133167904 -O                                                                        (1 = 0.1%)
-2132319377 -O                                                                        (1 = 0.1%)
-2132154893 -O                                                                        (1 = 0.1%)
-2127597430 -O                                                                        (1 = 0.1%)
-2124500473 -O                                                                        (1 = 0.1%)
-2118151042 -O                                                                        (1 = 0.1%)
-2117579521 -O                                                                        (1 = 0.1%)
-2116789466 -O                                                                        (1 = 0.1%)
-2107538580 -O                                                                        (1 = 0.1%)
-2102298458 -O                                                                        (1 = 0.1%)
-2095384374 -O                                                                        (1 = 0.1%)
-2092355922 -O                                                                        (1 = 0.1%)
-2088646020 -O                                                                        (1 = 0.1%)
-2086567989 -O                                                                        (1 = 0.1%)
-2086183844 -O                                                                        (1 = 0.1%)
-2082548071 -O                                                                        (1 = 0.1%)
-2072745679 -O                                                                        (1 = 0.1%)
-2071487388 -O                                                                        (1 = 0.1%)
-2068513691 -O                                                                        (1 = 0.1%)
-2068180713 -O                                                                        (1 = 0.1%)
-2063702825 -O                                                                        (1 = 0.1%)
-2060232198 -O                                                                        (1 = 0.1%)
-2051244513 -O                                                                        (1 = 0.1%)
-2048350800 -O                                                                        (1 = 0.1%)
-2038935471 -O                                                                        (1 = 0.1%)
-2032995513 -O                                                                        (1 = 0.1%)
-2032335047 -O                                                                        (1 = 0.1%)
-2030858807 -O                                                                        (1 = 0.1%)
-2028773981 -O                                                                        (1 = 0.1%)
-2027521937 -O                                                                        (1 = 0.1%)
-2026430048 -O                                                                        (1 = 0.1%)
-2024758451 -O                                                                        (1 = 0.1%)
-2021461599 -O                                                                        (1 = 0.1%)
-2019550579 -O                                                                        (1 = 0.1%)
-2016703407 -O                                                                        (1 = 0.1%)
-2007367978 -O                                                                        (1 = 0.1%)
-2003020968 -O                                                                        (1 = 0.1%)
-1999341188 -O                                                                        (1 = 0.1%)
-1995209261 -O                                                                        (1 = 0.1%)
-1992505436 -O                                                                        (1 = 0.1%)
-1986499138 -O                                                                        (1 = 0.1%)
-1984191186 -O                                                                        (1 = 0.1%)
-1981181909 -O                                                                        (1 = 0.1%)
-1973556333 -O                                                                        (1 = 0.1%)
-1967329539 -O                                                                        (1 = 0.1%)
-1962460375 -O                                                                        (1 = 0.1%)
-1947809879 -O                                                                        (1 = 0.1%)
-1947723263 -O                                                                        (1 = 0.1%)
-1941288922 -O                                                                        (1 = 0.1%)
-1940787398 -O                                                                        (1 = 0.1%)
-1938097662 -O                                                                        (1 = 0.1%)
-1930553982 -O                                                                        (1 = 0.1%)
-1921825570 -O                                                                        (1 = 0.1%)
-1921098492 -O                                                                        (1 = 0.1%)
-1914946335 -O                                                                        (1 = 0.1%)
-1908102178 -O                                                                        (1 = 0.1%)
-1906867679 -O                                                                        (1 = 0.1%)
-1905886587 -O                                                                        (1 = 0.1%)
-1903991318 -O                                                                        (1 = 0.1%)
-1903657634 -O                                                                        (1 = 0.1%)
-1891529980 -O                                                                        (1 = 0.1%)
-1888723770 -O                                                                        (1 = 0.1%)
-1886812280 -O                                                                        (1 = 0.1%)
-1886162394 -O                                                                        (1 = 0.1%)
-1885506161 -O                                                                        (1 = 0.1%)
-1883405997 -O                                                                        (1 = 0.1%)
-1881178584 -O                                                                        (1 = 0.1%)
-1873061566 -O                                                                        (1 = 0.1%)
-1871827041 -O                                                                        (1 = 0.1%)
-1870265580 -O                                                                        (1 = 0.1%)
-1867603782 -O                                                                        (1 = 0.1%)
-1864523202 -O                                                                        (1 = 0.1%)
-1859983128 -O                                                                        (1 = 0.1%)
-1858910104 -O                                                                        (1 = 0.1%)
-1856790151 -O                                                                        (1 = 0.1%)
-1852028426 -O                                                                        (1 = 0.1%)
-1850079939 -O                                                                        (1 = 0.1%)
-1833695555 -O                                                                        (1 = 0.1%)
-1823174393 -O                                                                        (1 = 0.1%)
-1822861670 -O                                                                        (1 = 0.1%)
-1818184913 -O                                                                        (1 = 0.1%)
-1817078094 -O                                                                        (1 = 0.1%)
-1803691564 -O                                                                        (1 = 0.1%)
-1798107012 -O                                                                        (1 = 0.1%)
-1794442769 -O                                                                        (1 = 0.1%)
-1792100036 -O                                                                        (1 = 0.1%)
-1791746840 -O                                                                        (1 = 0.1%)
-1789293042 -O                                                                        (1 = 0.1%)
-1788575013 -O                                                                        (1 = 0.1%)
-1785165294 -O                                                                        (1 = 0.1%)
-1784875571 -O                                                                        (1 = 0.1%)
-1784773969 -O                                                                        (1 = 0.1%)
-1784638019 -O                                                                        (1 = 0.1%)
-1772223725 -O                                                                        (1 = 0.1%)
-1760445437 -O                                                                        (1 = 0.1%)
-1760372553 -O                                                                        (1 = 0.1%)
-1755135931 -O                                                                        (1 = 0.1%)
-1749961986 -O                                                                        (1 = 0.1%)
-1747026610 -O                                                                        (1 = 0.1%)
-1738728058 -O                                                                        (1 = 0.1%)
-1738329526 -O                                                                        (1 = 0.1%)
-1735781953 -O                                                                        (1 = 0.1%)
-1735659514 -O                                                                        (1 = 0.1%)
-1731176913 -O                                                                        (1 = 0.1%)
-1728976901 -O                                                                        (1 = 0.1%)
-1727068267 -O                                                                        (1 = 0.1%)
-1726171288 -O                                                                        (1 = 0.1%)
-1724856181 -O                                                                        (1 = 0.1%)
-1711598625 -O                                                                        (1 = 0.1%)
-1711317086 -O                                                                        (1 = 0.1%)
-1704698411 -O                                                                        (1 = 0.1%)
-1703706136 -O                                                                        (1 = 0.1%)
-1688499241 -O                                                                        (1 = 0.1%)
-1688165356 -O                                                                        (1 = 0.1%)
-1686201644 -O                                                                        (1 = 0.1%)
-1685422779 -O                                                                        (1 = 0.1%)
-1684433827 -O                                                                        (1 = 0.1%)
-1683296285 -O                                                                        (1 = 0.1%)
-1679623685 -O                                                                        (1 = 0.1%)
-1677836585 -O                                                                        (1 = 0.1%)
-1676182141 -O                                                                        (1 = 0.1%)
-1674115531 -O                                                                        (1 = 0.1%)
-1671311516 -O                                                                        (1 = 0.1%)
-1665305151 -O                                                                        (1 = 0.1%)
-1663229405 -O                                                                        (1 = 0.1%)
-1661548781 -O                                                                        (1 = 0.1%)
-1660447659 -O                                                                        (1 = 0.1%)
-1659481002 -O                                                                        (1 = 0.1%)
-1658600787 -O                                                                        (1 = 0.1%)
-1656029720 -O                                                                        (1 = 0.1%)
-1651812571 -O                                                                        (1 = 0.1%)
-1650881947 -O                                                                        (1 = 0.1%)
-1650293885 -O                                                                        (1 = 0.1%)
-1648703329 -O                                                                        (1 = 0.1%)
-1641781126 -O                                                                        (1 = 0.1%)
-1638710886 -O                                                                        (1 = 0.1%)
-1636573672 -O                                                                        (1 = 0.1%)
-1634611633 -O                                                                        (1 = 0.1%)
-1626354494 -O                                                                        (1 = 0.1%)
-1622635118 -O                                                                        (1 = 0.1%)
-1620883999 -O                                                                        (1 = 0.1%)
-1618341934 -O                                                                        (1 = 0.1%)
-1613533715 -O                                                                        (1 = 0.1%)
-1609489975 -O                                                                        (1 = 0.1%)
-1608772517 -O                                                                        (1 = 0.1%)
-1606737133 -O                                                                        (1 = 0.1%)
-1601251088 -O                                                                        (1 = 0.1%)
-1597152580 -O                                                                        (1 = 0.1%)
-1593383347 -O                                                                        (1 = 0.1%)
-1588902416 -O                                                                        (1 = 0.1%)
-1582826108 -O                                                                        (1 = 0.1%)
-1577691036 -O                                                                        (1 = 0.1%)
-1568555221 -O                                                                        (1 = 0.1%)
-1557317159 -O                                                                        (1 = 0.1%)
-1555306139 -O                                                                        (1 = 0.1%)
-1553292923 -O                                                                        (1 = 0.1%)
-1548149371 -O                                                                        (1 = 0.1%)
-1544127909 -O                                                                        (1 = 0.1%)
-1543199619 -O                                                                        (1 = 0.1%)
-1535341166 -O                                                                        (1 = 0.1%)
-1534966156 -O                                                                        (1 = 0.1%)
-1530233679 -O                                                                        (1 = 0.1%)
-1522320129 -O                                                                        (1 = 0.1%)
-1522184591 -O                                                                        (1 = 0.1%)
-1521874576 -O                                                                        (1 = 0.1%)
-1518631314 -O                                                                        (1 = 0.1%)
-1516046961 -O                                                                        (1 = 0.1%)
-1512085727 -O                                                                        (1 = 0.1%)
-1510838826 -O                                                                        (1 = 0.1%)
-1506607080 -O                                                                        (1 = 0.1%)
-1502757532 -O                                                                        (1 = 0.1%)
-1500152976 -O                                                                        (1 = 0.1%)
-1492938903 -O                                                                        (1 = 0.1%)
-1488446205 -O                                                                        (1 = 0.1%)
-1488134663 -O                                                                        (1 = 0.1%)
-1487447918 -O                                                                        (1 = 0.1%)
-1479803422 -O                                                                        (1 = 0.1%)
-1479340943 -O                                                                        (1 = 0.1%)
-1477577832 -O                                                                        (1 = 0.1%)
-1473630700 -O                                                                        (1 = 0.1%)
-1470447588 -O                                                                        (1 = 0.1%)
-1469117582 -O                                                                        (1 = 0.1%)
-1468948794 -O                                                                        (1 = 0.1%)
-1468615972 -O                                                                        (1 = 0.1%)
-1467201699 -O                                                                        (1 = 0.1%)
-1461496132 -O                                                                        (1 = 0.1%)
-1451791717 -O                                                                        (1 = 0.1%)
-1450315983 -O                                                                        (1 = 0.1%)
-1448654536 -O                                                                        (1 = 0.1%)
-1443857033 -O                                                                        (1 = 0.1%)
-1438236640 -O                                                                        (1 = 0.1%)
-1437331633 -O                                                                        (1 = 0.1%)
-1429809981 -O                                                                        (1 = 0.1%)
-1422038153 -O                                                                        (1 = 0.1%)
-1420356038 -O                                                                        (1 = 0.1%)
-1420005567 -O                                                                        (1 = 0.1%)
-1416905258 -O                                                                        (1 = 0.1%)
-1413541017 -O                                                                        (1 = 0.1%)
-1411626360 -O                                                                        (1 = 0.1%)
-1407379687 -O                                                                        (1 = 0.1%)
-1396932391 -O                                                                        (1 = 0.1%)
-1393975922 -O                                                                        (1 = 0.1%)
-1387606566 -O                                                                        (1 = 0.1%)
-1384809929 -O                                                                        (1 = 0.1%)
-1384383425 -O                                                                        (1 = 0.1%)
-1383091376 -O                                                                        (1 = 0.1%)
-1381921099 -O                                                                        (1 = 0.1%)
-1379458294 -O                                                                        (1 = 0.1%)
-1374322193 -O                                                                        (1 = 0.1%)
-1374111299 -O                                                                        (1 = 0.1%)
-1371109751 -O                                                                        (1 = 0.1%)
-1368099243 -O                                                                        (1 = 0.1%)
-1349239985 -O                                                                        (1 = 0.1%)
-1343192542 -O                                                                        (1 = 0.1%)
-1340011923 -O                                                                        (1 = 0.1%)
-1335430204 -O                                                                        (1 = 0.1%)
-1332318525 -O                                                                        (1 = 0.1%)
-1327490011 -O                                                                        (1 = 0.1%)
-1326359757 -O                                                                        (1 = 0.1%)
-1325209387 -O                                                                        (1 = 0.1%)
-1322780481 -O                                                                        (1 = 0.1%)
-1321341451 -O                                                                        (1 = 0.1%)
-1319274447 -O                                                                        (1 = 0.1%)
-1318572481 -O                                                                        (1 = 0.1%)
-1313912393 -O                                                                        (1 = 0.1%)
-1311854481 -O                                                                        (1 = 0.1%)
-1311203343 -O                                                                        (1 = 0.1%)
-1307465037 -O                                                                        (1 = 0.1%)
-1303231446 -O                                                                        (1 = 0.1%)
-1298502197 -O                                                                        (1 = 0.1%)
-1288419188 -O                                                                        (1 = 0.1%)
-1287847997 -O                                                                        (1 = 0.1%)
-1285497952 -O                                                                        (1 = 0.1%)
-1285323685 -O                                                                        (1 = 0.1%)
-1281039606 -O                                                                        (1 = 0.1%)
-1274265012 -O                                                                        (1 = 0.1%)
-1273938066 -O                                                                        (1 = 0.1%)
-1260593843 -O                                                                        (1 = 0.1%)
-1260351817 -O                                                                        (1 = 0.1%)
-1251190866 -O                                                                        (1 = 0.1%)
-1245252381 -O                                                                        (1 = 0.1%)
-1241318337 -O                                                                        (1 = 0.1%)
-1237962370 -O                                                                        (1 = 0.1%)
-1237892181 -O                                                                        (1 = 0.1%)
-1231097558 -O                                                                        (1 = 0.1%)
-1230229724 -O                                                                        (1 = 0.1%)
-1228702833 -O                                                                        (1 = 0.1%)
-1226907069 -O                                                                        (1 = 0.1%)
-1226824357 -O                                                                        (1 = 0.1%)
-1224343139 -O                                                                        (1 = 0.1%)
-1221358929 -O                                                                        (1 = 0.1%)
-1219193334 -O                                                                        (1 = 0.1%)
-1217703601 -O                                                                        (1 = 0.1%)
-1217663612 -O                                                                        (1 = 0.1%)
-1216466086 -O                                                                        (1 = 0.1%)
-1206381727 -O                                                                        (1 = 0.1%)
-1205717921 -O                                                                        (1 = 0.1%)
-1205164734 -O                                                                        (1 = 0.1%)
-1204708571 -O                                                                        (1 = 0.1%)
-1204597838 -O                                                                        (1 = 0.1%)
-1200886268 -O                                                                        (1 = 0.1%)
-1197536098 -O                                                                        (1 = 0.1%)
-1195638501 -O                                                                        (1 = 0.1%)
-1195108879 -O                                                                        (1 = 0.1%)
-1190903179 -O                                                                        (1 = 0.1%)
-1188768166 -O                                                                        (1 = 0.1%)
-1187667623 -O                                                                        (1 = 0.1%)
-1182576088 -O                                                                        (1 = 0.1%)
-1175982860 -O                                                                        (1 = 0.1%)
-1170775947 -O                                                                        (1 = 0.1%)
-1167619499 -O                                                                        (1 = 0.1%)
-1165506693 -O                                                                        (1 = 0.1%)
-1160830566 -O                                                                        (1 = 0.1%)
-1159387546 -O                                                                        (1 = 0.1%)
-1155952509 -O                                                                        (1 = 0.1%)
-1152685328 -O                                                                        (1 = 0.1%)
-1145641745 -O                                                                        (1 = 0.1%)
-1140109755 -O                                                                        (1 = 0.1%)
-1134526102 -O                                                                        (1 = 0.1%)
-1134061751 -O                                                                        (1 = 0.1%)
-1121757091 -O                                                                        (1 = 0.1%)
-1116876432 -O                                                                        (1 = 0.1%)
-1113804422 -O                                                                        (1 = 0.1%)
-1101905933 -O                                                                        (1 = 0.1%)
-1091190778 -O                                                                        (1 = 0.1%)
-1087575519 -O                                                                        (1 = 0.1%)
-1085869190 -O                                                                        (1 = 0.1%)
-1083393632 -O                                                                        (1 = 0.1%)
-1081925361 -O                                                                        (1 = 0.1%)
-1078518853 -O                                                                        (1 = 0.1%)
-1071481783 -O                                                                        (1 = 0.1%)
-1068105657 -O                                                                        (1 = 0.1%)
-1064867076 -O                                                                        (1 = 0.1%)
-1064301768 -O                                                                        (1 = 0.1%)
-1056607660 -O                                                                        (1 = 0.1%)
-1056602958 -O                                                                        (1 = 0.1%)
-1049548357 -O                                                                        (1 = 0.1%)
-1049192801 -O                                                                        (1 = 0.1%)
-1049158714 -O                                                                        (1 = 0.1%)
-1044745515 -O                                                                        (1 = 0.1%)
-1039936165 -O                                                                        (1 = 0.1%)
-1033577144 -O                                                                        (1 = 0.1%)
-1032654333 -O                                                                        (1 = 0.1%)
-1027842515 -O                                                                        (1 = 0.1%)
-1027626410 -O                                                                        (1 = 0.1%)
-1024286304 -O                                                                        (1 = 0.1%)
-1022116348 -O                                                                        (1 = 0.1%)
-1016276104 -O                                                                        (1 = 0.1%)
-1015193393 -O                                                                        (1 = 0.1%)
-1014105586 -O                                                                        (1 = 0.1%)
-1012095710 -O                                                                        (1 = 0.1%)
-1007487135 -O                                                                        (1 = 0.1%)
-1002964626 -O                                                                        (1 = 0.1%)
-969925462  -O                                                                        (1 = 0.1%)
-969123364  -O                                                                        (1 = 0.1%)
-967033622  -O                                                                        (1 = 0.1%)
-965840685  -O                                                                        (1 = 0.1%)
-960321073  -O                                                                        (1 = 0.1%)
-950244418  -O                                                                        (1 = 0.1%)
-948819910  -O                                                                        (1 = 0.1%)
-940700569  -O                                                                        (1 = 0.1%)
-934318077  -O                                                                        (1 = 0.1%)
-921220228  -O                                                                        (1 = 0.1%)
-919786300  -O                                                                        (1 = 0.1%)
-915547897  -O                                                                        (1 = 0.1%)
-909212394  -O                                                                        (1 = 0.1%)
-892048512  -O                                                                        (1 = 0.1%)
-891183159  -O                                                                        (1 = 0.1%)
-877510970  -O                                                                        (1 = 0.1%)
-873912925  -O                                                                        (1 = 0.1%)
-869987279  -O                                                                        (1 = 0.1%)
-868694230  -O                                                                        (1 = 0.1%)
-845806365  -O                                                                        (1 = 0.1%)
-845563312  -O                                                                        (1 = 0.1%)
-838583211  -O                                                                        (1 = 0.1%)
-837633133  -O                                                                        (1 = 0.1%)
-837509356  -O                                                                        (1 = 0.1%)
-832716341  -O                                                                        (1 = 0.1%)
-830373112  -O                                                                        (1 = 0.1%)
-820743846  -O                                                                        (1 = 0.1%)
-818031166  -O                                                                        (1 = 0.1%)
-811535300  -O                                                                        (1 = 0.1%)
-810437722  -O                                                                        (1 = 0.1%)
-807606769  -O                                                                        (1 = 0.1%)
-807202530  -O                                                                        (1 = 0.1%)
-804768953  -O                                                                        (1 = 0.1%)
-804172351  -O                                                                        (1 = 0.1%)
-800797190  -O                                                                        (1 = 0.1%)
-798606943  -O                                                                        (1 = 0.1%)
-779973379  -O                                                                        (1 = 0.1%)
-779554574  -O                                                                        (1 = 0.1%)
-768898991  -O                                                                        (1 = 0.1%)
-767144696  -O                                                                        (1 = 0.1%)
-767094578  -O                                                                        (1 = 0.1%)
-758278149  -O                                                                        (1 = 0.1%)
-755260595  -O                                                                        (1 = 0.1%)
-752940581  -O                                                                        (1 = 0.1%)
-741112468  -O                                                                        (1 = 0.1%)
-738595380  -O                                                                        (1 = 0.1%)
-738168128  -O                                                                        (1 = 0.1%)
-737853651  -O                                                                        (1 = 0.1%)
-733404954  -O                                                                        (1 = 0.1%)
-730509471  -O                                                                        (1 = 0.1%)
-727594202  -O                                                                        (1 = 0.1%)
-723866759  -O                                                                        (1 = 0.1%)
-722908287  -O                                                                        (1 = 0.1%)
-721367417  -O                                                                        (1 = 0.1%)
-717224835  -O                                                                        (1 = 0.1%)
-711579683  -O                                                                        (1 = 0.1%)
-710519982  -O                                                                        (1 = 0.1%)
-705874554  -O                                                                        (1 = 0.1%)
-693916429  -O                                                                        (1 = 0.1%)
-693272678  -O                                                                        (1 = 0.1%)
-692401743  -O                                                                        (1 = 0.1%)
-686892857  -O                                                                        (1 = 0.1%)
-685749681  -O                                                                        (1 = 0.1%)
-674352999  -O                                                                        (1 = 0.1%)
-666496099  -O                                                                        (1 = 0.1%)
-656705559  -O                                                                        (1 = 0.1%)
-652883820  -O                                                                        (1 = 0.1%)
-652615638  -O                                                                        (1 = 0.1%)
-649893643  -O                                                                        (1 = 0.1%)
-649857755  -O                                                                        (1 = 0.1%)
-647569023  -O                                                                        (1 = 0.1%)
-647327842  -O                                                                        (1 = 0.1%)
-647321143  -O                                                                        (1 = 0.1%)
-641503653  -O                                                                        (1 = 0.1%)
-635687636  -O                                                                        (1 = 0.1%)
-632734404  -O                                                                        (1 = 0.1%)
-630537623  -O                                                                        (1 = 0.1%)
-627361072  -O                                                                        (1 = 0.1%)
-626588394  -O                                                                        (1 = 0.1%)
-618132215  -O                                                                        (1 = 0.1%)
-614860742  -O                                                                        (1 = 0.1%)
-612630107  -O                                                                        (1 = 0.1%)
-608945016  -O                                                                        (1 = 0.1%)
-605548490  -O                                                                        (1 = 0.1%)
-602285835  -O                                                                        (1 = 0.1%)
-601999812  -O                                                                        (1 = 0.1%)
-595026883  -O                                                                        (1 = 0.1%)
-573442686  -O                                                                        (1 = 0.1%)
-570260697  -O                                                                        (1 = 0.1%)
-570090822  -O                                                                        (1 = 0.1%)
-566659406  -O                                                                        (1 = 0.1%)
-565753573  -O                                                                        (1 = 0.1%)
-565183011  -O                                                                        (1 = 0.1%)
-563025578  -O                                                                        (1 = 0.1%)
-562537721  -O                                                                        (1 = 0.1%)
-561152828  -O                                                                        (1 = 0.1%)
-559256579  -O                                                                        (1 = 0.1%)
-554297769  -O                                                                        (1 = 0.1%)
-548770633  -O                                                                        (1 = 0.1%)
-548255851  -O                                                                        (1 = 0.1%)
-547210436  -O                                                                        (1 = 0.1%)
-543312318  -O                                                                        (1 = 0.1%)
-541926158  -O                                                                        (1 = 0.1%)
-536603818  -O                                                                        (1 = 0.1%)
-532679651  -O                                                                        (1 = 0.1%)
-526233807  -O                                                                        (1 = 0.1%)
-522055251  -O                                                                        (1 = 0.1%)
-516599012  -O                                                                        (1 = 0.1%)
-514923026  -O                                                                        (1 = 0.1%)
-512950475  -O                                                                        (1 = 0.1%)
-506135020  -O                                                                        (1 = 0.1%)
-506046811  -O                                                                        (1 = 0.1%)
-500401001  -O                                                                        (1 = 0.1%)
-498476324  -O                                                                        (1 = 0.1%)
-494086340  -O                                                                        (1 = 0.1%)
-480931309  -O                                                                        (1 = 0.1%)
-473053807  -O                                                                        (1 = 0.1%)
-457303863  -O                                                                        (1 = 0.1%)
-449493376  -O                                                                        (1 = 0.1%)
-441588425  -O                                                                        (1 = 0.1%)
-439044890  -O                                                                        (1 = 0.1%)
-434164570  -O                                                                        (1 = 0.1%)
-429885207  -O                                                                        (1 = 0.1%)
-429845436  -O                                                                        (1 = 0.1%)
-426515111  -O                                                                        (1 = 0.1%)
-424260141  -O                                                                        (1 = 0.1%)
-420005343  -O                                                                        (1 = 0.1%)
-416111073  -O                                                                        (1 = 0.1%)
-412043378  -O                                                                        (1 = 0.1%)
-411582127  -O                                                                        (1 = 0.1%)
-410734873  -O                                                                        (1 = 0.1%)
-408837618  -O                                                                        (1 = 0.1%)
-406115708  -O                                                                        (1 = 0.1%)
-402617088  -O                                                                        (1 = 0.1%)
-386480243  -O                                                                        (1 = 0.1%)
-384422827  -O                                                                        (1 = 0.1%)
-382056976  -O                                                                        (1 = 0.1%)
-379722626  -O                                                                        (1 = 0.1%)
-377205440  -O                                                                        (1 = 0.1%)
-366761921  -O                                                                        (1 = 0.1%)
-363021704  -O                                                                        (1 = 0.1%)
-362063204  -O                                                                        (1 = 0.1%)
-359833222  -O                                                                        (1 = 0.1%)
-355396818  -O                                                                        (1 = 0.1%)
-355211874  -O                                                                        (1 = 0.1%)
-354651229  -O                                                                        (1 = 0.1%)
-353578783  -O                                                                        (1 = 0.1%)
-346977706  -O                                                                        (1 = 0.1%)
-340062021  -O                                                                        (1 = 0.1%)
-337400621  -O                                                                        (1 = 0.1%)
-336737022  -O                                                                        (1 = 0.1%)
-335233151  -O                                                                        (1 = 0.1%)
-332311586  -O                                                                        (1 = 0.1%)
-329255152  -O                                                                        (1 = 0.1%)
-327894069  -O                                                                        (1 = 0.1%)
-325881338  -O                                                                        (1 = 0.1%)
-314613906  -O                                                                        (1 = 0.1%)
-309276699  -O                                                                        (1 = 0.1%)
-304280190  -O                                                                        (1 = 0.1%)
-301540694  -O                                                                        (1 = 0.1%)
-298008975  -O                                                                        (1 = 0.1%)
-295930877  -O                                                                        (1 = 0.1%)
-293526972  -O                                                                        (1 = 0.1%)
-292676953  -O                                                                        (1 = 0.1%)
-291538660  -O                                                                        (1 = 0.1%)
-281472605  -O                                                                        (1 = 0.1%)
-280533801  -O                                                                        (1 = 0.1%)
-272866787  -O                                                                        (1 = 0.1%)
-272551386  -O                                                                        (1 = 0.1%)
-270634582  -O                                                                        (1 = 0.1%)
-264008106  -O                                                                        (1 = 0.1%)
-260445951  -O                                                                        (1 = 0.1%)
-259169281  -O                                                                        (1 = 0.1%)
-257966146  -O                                                                        (1 = 0.1%)
-251122473  -O                                                                        (1 = 0.1%)
-243194081  -O                                                                        (1 = 0.1%)
-236956379  -O                                                                        (1 = 0.1%)
-232605228  -O                                                                        (1 = 0.1%)
-218580861  -O                                                                        (1 = 0.1%)
-216730183  -O                                                                        (1 = 0.1%)
-215293331  -O                                                                        (1 = 0.1%)
-215273883  -O                                                                        (1 = 0.1%)
-212923548  -O                                                                        (1 = 0.1%)
-211220351  -O                                                                        (1 = 0.1%)
-208378545  -O                                                                        (1 = 0.1%)
-207104346  -O                                                                        (1 = 0.1%)
-207015805  -O                                                                        (1 = 0.1%)
-203688515  -O                                                                        (1 = 0.1%)
-202553235  -O                                                                        (1 = 0.1%)
-199910589  -O                                                                        (1 = 0.1%)
-193755489  -O                                                                        (1 = 0.1%)
-179758137  -O                                                                        (1 = 0.1%)
-177830980  -O                                                                        (1 = 0.1%)
-165620841  -O                                                                        (1 = 0.1%)
-165265259  -O                                                                        (1 = 0.1%)
-161487917  -O                                                                        (1 = 0.1%)
-154232056  -O                                                                        (1 = 0.1%)
-151665342  -O                                                                        (1 = 0.1%)
-150047060  -O                                                                        (1 = 0.1%)
-145841236  -O                                                                        (1 = 0.1%)
-140414497  -O                                                                        (1 = 0.1%)
-139594597  -O                                                                        (1 = 0.1%)
-137791953  -O                                                                        (1 = 0.1%)
-126461160  -O                                                                        (1 = 0.1%)
-122834900  -O                                                                        (1 = 0.1%)
-116115601  -O                                                                        (1 = 0.1%)
-108627637  -O                                                                        (1 = 0.1%)
-107324234  -O                                                                        (1 = 0.1%)
-105097242  -O                                                                        (1 = 0.1%)
-104967858  -O                                                                        (1 = 0.1%)
-102488104  -O                                                                        (1 = 0.1%)
-99634165   -O                                                                        (1 = 0.1%)
-96297854   -O                                                                        (1 = 0.1%)
-81100378   -O                                                                        (1 = 0.1%)
-74261947   -O                                                                        (1 = 0.1%)
-69807469   -O                                                                        (1 = 0.1%)
-69330911   -O                                                                        (1 = 0.1%)
-68137922   -O                                                                        (1 = 0.1%)
-65564450   -O                                                                        (1 = 0.1%)
-60191898   -O                                                                        (1 = 0.1%)
-56279600   -O                                                                        (1 = 0.1%)
-48358731   -O                                                                        (1 = 0.1%)
-45403844   -O                                                                        (1 = 0.1%)
-44706896   -O                                                                        (1 = 0.1%)
-43843929   -O                                                                        (1 = 0.1%)
-43192377   -O                                                                        (1 = 0.1%)
-20323592   -O                                                                        (1 = 0.1%)
-19644006   -O                                                                        (1 = 0.1%)
-17890915   -O                                                                        (1 = 0.1%)
-14044739   -O                                                                        (1 = 0.1%)
-12700192   -O                                                                        (1 = 0.1%)
-2678114    -O                                                                        (1 = 0.1%)
-6301       -O                                                                        (1 = 0.1%)
1171460     -O                                                                        (1 = 0.1%)
10652703    -O                                                                        (1 = 0.1%)
13167029    -O                                                                        (1 = 0.1%)
20850721    -O                                                                        (1 = 0.1%)
24348400    -O                                                                        (1 = 0.1%)
30829796    -O                                                                        (1 = 0.1%)
31935084    -O                                                                        (1 = 0.1%)
35254614    -O                                                                        (1 = 0.1%)
40719996    -O                                                                        (1 = 0.1%)
41534857    -O                                                                        (1 = 0.1%)
42752991    -O                                                                        (1 = 0.1%)
59221068    -O                                                                        (1 = 0.1%)
59269257    -O                                                                        (1 = 0.1%)
64618105    -O                                                                        (1 = 0.1%)
68558157    -O                                                                        (1 = 0.1%)
69114502    -O                                                                        (1 = 0.1%)
70489579    -O                                                                        (1 = 0.1%)
87152686    -O                                                                        (1 = 0.1%)
98757146    -O                                                                        (1 = 0.1%)
105698267   -O                                                                        (1 = 0.1%)
115764684   -O                                                                        (1 = 0.1%)
119135443   -O                                                                        (1 = 0.1%)
122435175   -O                                                                        (1 = 0.1%)
123942091   -O                                                                        (1 = 0.1%)
126673147   -O                                                                        (1 = 0.1%)
128817829   -O                                                                        (1 = 0.1%)
131680643   -O                                                                        (1 = 0.1%)
140237334   -O                                                                        (1 = 0.1%)
140506361   -O                                                                        (1 = 0.1%)
141548103   -O                                                                        (1 = 0.1%)
144153869   -O                                                                        (1 = 0.1%)
145106208   -O                                                                        (1 = 0.1%)
150473744   -O                                                                        (1 = 0.1%)
152877720   -O                                                                        (1 = 0.1%)
157238201   -O                                                                        (1 = 0.1%)
158002229   -O                                                                        (1 = 0.1%)
159701509   -O                                                                        (1 = 0.1%)
163156895   -O                                                                        (1 = 0.1%)
173119200   -O                                                                        (1 = 0.1%)
173876332   -O                                                                        (1 = 0.1%)
180753942   -O                                                                        (1 = 0.1%)
181204854   -O                                                                        (1 = 0.1%)
187629702   -O                                                                        (1 = 0.1%)
189943527   -O                                                                        (1 = 0.1%)
190219904   -O                                                                        (1 = 0.1%)
190303437   -O                                                                        (1 = 0.1%)
190688834   -O                                                                        (1 = 0.1%)
191225949   -O                                                                        (1 = 0.1%)
195828957   -O                                                                        (1 = 0.1%)
199554416   -O                                                                        (1 = 0.1%)
202679858   -O                                                                        (1 = 0.1%)
202773422   -O                                                                        (1 = 0.1%)
204450333   -O                                                                        (1 = 0.1%)
207650986   -O                                                                        (1 = 0.1%)
216427602   -O                                                                        (1 = 0.1%)
216775511   -O                                                                        (1 = 0.1%)
218641390   -O                                                                        (1 = 0.1%)
224150737   -O                                                                        (1 = 0.1%)
224923078   -O                                                                        (1 = 0.1%)
228140132   -O                                                                        (1 = 0.1%)
228918698   -O                                                                        (1 = 0.1%)
237854718   -O                                                                        (1 = 0.1%)
238763780   -O                                                                        (1 = 0.1%)
240240699   -O                                                                        (1 = 0.1%)
240623967   -O                                                                        (1 = 0.1%)
240877432   -O                                                                        (1 = 0.1%)
242040082   -O                                                                        (1 = 0.1%)
248448395   -O                                                                        (1 = 0.1%)
251086192   -O                                                                        (1 = 0.1%)
254190120   -O                                                                        (1 = 0.1%)
259669705   -O                                                                        (1 = 0.1%)
265379224   -O                                                                        (1 = 0.1%)
270624428   -O                                                                        (1 = 0.1%)
280629231   -O                                                                        (1 = 0.1%)
283411442   -O                                                                        (1 = 0.1%)
284785381   -O                                                                        (1 = 0.1%)
288257372   -O                                                                        (1 = 0.1%)
299463670   -O                                                                        (1 = 0.1%)
301764056   -O                                                                        (1 = 0.1%)
304494069   -O                                                                        (1 = 0.1%)
305862212   -O                                                                        (1 = 0.1%)
310256564   -O                                                                        (1 = 0.1%)
315422501   -O                                                                        (1 = 0.1%)
326104825   -O                                                                        (1 = 0.1%)
329525767   -O                                                                        (1 = 0.1%)
331875907   -O                                                                        (1 = 0.1%)
337310237   -O                                                                        (1 = 0.1%)
340071696   -O                                                                        (1 = 0.1%)
340181216   -O                                                                        (1 = 0.1%)
341753648   -O                                                                        (1 = 0.1%)
344183154   -O                                                                        (1 = 0.1%)
348632295   -O                                                                        (1 = 0.1%)
358642704   -O                                                                        (1 = 0.1%)
362151914   -O                                                                        (1 = 0.1%)
365027022   -O                                                                        (1 = 0.1%)
365913335   -O                                                                        (1 = 0.1%)
366064344   -O                                                                        (1 = 0.1%)
367743903   -O                                                                        (1 = 0.1%)
369146031   -O                                                                        (1 = 0.1%)
381644806   -O                                                                        (1 = 0.1%)
387541329   -O                                                                        (1 = 0.1%)
394507292   -O                                                                        (1 = 0.1%)
395217719   -O                                                                        (1 = 0.1%)
402323701   -O                                                                        (1 = 0.1%)
402854499   -O                                                                        (1 = 0.1%)
415058822   -O                                                                        (1 = 0.1%)
428086230   -O                                                                        (1 = 0.1%)
428318796   -O                                                                        (1 = 0.1%)
429119433   -O                                                                        (1 = 0.1%)
435853294   -O                                                                        (1 = 0.1%)
437594665   -O                                                                        (1 = 0.1%)
438331638   -O                                                                        (1 = 0.1%)
442858647   -O                                                                        (1 = 0.1%)
473134879   -O                                                                        (1 = 0.1%)
484427022   -O                                                                        (1 = 0.1%)
485578342   -O                                                                        (1 = 0.1%)
485903736   -O                                                                        (1 = 0.1%)
492662271   -O                                                                        (1 = 0.1%)
495345096   -O                                                                        (1 = 0.1%)
496832312   -O                                                                        (1 = 0.1%)
499939252   -O                                                                        (1 = 0.1%)
501811310   -O                                                                        (1 = 0.1%)
511435904   -O                                                                        (1 = 0.1%)
517589044   -O                                                                        (1 = 0.1%)
522041050   -O                                                                        (1 = 0.1%)
527496450   -O                                                                        (1 = 0.1%)
528170159   -O                                                                        (1 = 0.1%)
529850105   -O                                                                        (1 = 0.1%)
533100406   -O                                                                        (1 = 0.1%)
535189609   -O                                                                        (1 = 0.1%)
536065358   -O                                                                        (1 = 0.1%)
536514728   -O                                                                        (1 = 0.1%)
536804122   -O                                                                        (1 = 0.1%)
539743242   -O                                                                        (1 = 0.1%)
539928835   -O                                                                        (1 = 0.1%)
560966240   -O                                                                        (1 = 0.1%)
568622890   -O                                                                        (1 = 0.1%)
570325247   -O                                                                        (1 = 0.1%)
573111415   -O                                                                        (1 = 0.1%)
589916568   -O                                                                        (1 = 0.1%)
590821544   -O                                                                        (1 = 0.1%)
595345417   -O                                                                        (1 = 0.1%)
595981361   -O                                                                        (1 = 0.1%)
597931456   -O                                                                        (1 = 0.1%)
598827249   -O                                                                        (1 = 0.1%)
602026053   -O                                                                        (1 = 0.1%)
604475936   -O                                                                        (1 = 0.1%)
608288828   -O                                                                        (1 = 0.1%)
610130348   -O                                                                        (1 = 0.1%)
614852686   -O                                                                        (1 = 0.1%)
615017398   -O                                                                        (1 = 0.1%)
618784215   -O                                                                        (1 = 0.1%)
621831742   -O                                                                        (1 = 0.1%)
621966228   -O                                                                        (1 = 0.1%)
626310230   -O                                                                        (1 = 0.1%)
631840768   -O                                                                        (1 = 0.1%)
638316413   -O                                                                        (1 = 0.1%)
643563980   -O                                                                        (1 = 0.1%)
648687128   -O                                                                        (1 = 0.1%)
650260154   -O                                                                        (1 = 0.1%)
654040171   -O                                                                        (1 = 0.1%)
659620224   -O                                                                        (1 = 0.1%)
665081717   -O                                                                        (1 = 0.1%)
671367647   -O                                                                        (1 = 0.1%)
672687826   -O                                                                        (1 = 0.1%)
675214097   -O                                                                        (1 = 0.1%)
675943413   -O                                                                        (1 = 0.1%)
680673438   -O                                                                        (1 = 0.1%)
681400080   -O                                                                        (1 = 0.1%)
682867558   -O                                                                        (1 = 0.1%)
684909481   -O                                                                        (1 = 0.1%)
697525570   -O                                                                        (1 = 0.1%)
702165630   -O                                                                        (1 = 0.1%)
704550595   -O                                                                        (1 = 0.1%)
707444699   -O                                                                        (1 = 0.1%)
710697929   -O                                                                        (1 = 0.1%)
711130131   -O                                                                        (1 = 0.1%)
713242337   -O                                                                        (1 = 0.1%)
713485102   -O                                                                        (1 = 0.1%)
717619853   -O                                                                        (1 = 0.1%)
718807221   -O                                                                        (1 = 0.1%)
720628981   -O                                                                        (1 = 0.1%)
723519979   -O                                                                        (1 = 0.1%)
728170710   -O                                                                        (1 = 0.1%)
732710317   -O                                                                        (1 = 0.1%)
743024375   -O                                                                        (1 = 0.1%)
744420423   -O                                                                        (1 = 0.1%)
748164110   -O                                                                        (1 = 0.1%)
748711191   -O                                                                        (1 = 0.1%)
759649158   -O                                                                        (1 = 0.1%)
761967206   -O                                                                        (1 = 0.1%)
768069684   -O                                                                        (1 = 0.1%)
769518020   -O                                                                        (1 = 0.1%)
770026269   -O                                                                        (1 = 0.1%)
770461997   -O                                                                        (1 = 0.1%)
772571709   -O                                                                        (1 = 0.1%)
775040515   -O                                                                        (1 = 0.1%)
778000320   -O                                                                        (1 = 0.1%)
780542868   -O                                                                        (1 = 0.1%)
781973865   -O                                                                        (1 = 0.1%)
782061913   -O                                                                        (1 = 0.1%)
783089855   -O                                                                        (1 = 0.1%)
787457778   -O                                                                        (1 = 0.1%)
787942611   -O                                                                        (1 = 0.1%)
788859383   -O                                                                        (1 = 0.1%)
793646023   -O                                                                        (1 = 0.1%)
796453587   -O                                                                        (1 = 0.1%)
807543636   -O                                                                        (1 = 0.1%)
810696877   -O                                                                        (1 = 0.1%)
811480936   -O                                                                        (1 = 0.1%)
818174885   -O                                                                        (1 = 0.1%)
822905842   -O                                                                        (1 = 0.1%)
826939846   -O                                                                        (1 = 0.1%)
826980127   -O                                                                        (1 = 0.1%)
831294049   -O                                                                        (1 = 0.1%)
832704520   -O                                                                        (1 = 0.1%)
835442743   -O                                                                        (1 = 0.1%)
840746654   -O                                                                        (1 = 0.1%)
847277647   -O                                                                        (1 = 0.1%)
852886919   -O                                                                        (1 = 0.1%)
855291490   -O                                                                        (1 = 0.1%)
855421857   -O                                                                        (1 = 0.1%)
863847320   -O                                                                        (1 = 0.1%)
866302182   -O                                                                        (1 = 0.1%)
877861501   -O                                                                        (1 = 0.1%)
882028443   -O                                                                        (1 = 0.1%)
884726905   -O                                                                        (1 = 0.1%)
887544668   -O                                                                        (1 = 0.1%)
890776444   -O                                                                        (1 = 0.1%)
901842633   -O                                                                        (1 = 0.1%)
906079591   -O                                                                        (1 = 0.1%)
908631188   -O                                                                        (1 = 0.1%)
917178516   -O                                                                        (1 = 0.1%)
919092195   -O                                                                        (1 = 0.1%)
922314079   -O                                                                        (1 = 0.1%)
925450654   -O                                                                        (1 = 0.1%)
925721579   -O                                                                        (1 = 0.1%)
926236927   -O                                                                        (1 = 0.1%)
928785784   -O                                                                        (1 = 0.1%)
930725523   -O                                                                        (1 = 0.1%)
932276704   -O                                                                        (1 = 0.1%)
933111391   -O                                                                        (1 = 0.1%)
949507937   -O                                                                        (1 = 0.1%)
950126665   -O                                                                        (1 = 0.1%)
951531790   -O                                                                        (1 = 0.1%)
959291264   -O                                                                        (1 = 0.1%)
962216855   -O                                                                        (1 = 0.1%)
964893395   -O                                                                        (1 = 0.1%)
966264390   -O                                                                        (1 = 0.1%)
966976872   -O                                                                        (1 = 0.1%)
967866421   -O                                                                        (1 = 0.1%)
968585465   -O                                                                        (1 = 0.1%)
969062971   -O                                                                        (1 = 0.1%)
970795042   -O                                                                        (1 = 0.1%)
971788739   -O                                                                        (1 = 0.1%)
973030584   -O                                                                        (1 = 0.1%)
977023550   -O                                                                        (1 = 0.1%)
986315961   -O                                                                        (1 = 0.1%)
986827134   -O                                                                        (1 = 0.1%)
988158415   -O                                                                        (1 = 0.1%)
989585550   -O                                                                        (1 = 0.1%)
999412808   -O                                                                        (1 = 0.1%)
1000787032  -O                                                                        (1 = 0.1%)
1003372023  -O                                                                        (1 = 0.1%)
1003887156  -O                                                                        (1 = 0.1%)
1016564569  -O                                                                        (1 = 0.1%)
1027171324  -O                                                                        (1 = 0.1%)
1035653911  -O                                                                        (1 = 0.1%)
1036355324  -O                                                                        (1 = 0.1%)
1040402327  -O                                                                        (1 = 0.1%)
1040504811  -O                                                                        (1 = 0.1%)
1042196098  -O                                                                        (1 = 0.1%)
1046949849  -O                                                                        (1 = 0.1%)
1049574092  -O                                                                        (1 = 0.1%)
1054475148  -O                                                                        (1 = 0.1%)
1057076752  -O                                                                        (1 = 0.1%)
1062997723  -O                                                                        (1 = 0.1%)
1064210974  -O                                                                        (1 = 0.1%)
1065257349  -O                                                                        (1 = 0.1%)
1065284319  -O                                                                        (1 = 0.1%)
1070526649  -O                                                                        (1 = 0.1%)
1072948060  -O                                                                        (1 = 0.1%)
1077239320  -O                                                                        (1 = 0.1%)
1078028982  -O                                                                        (1 = 0.1%)
1078852383  -O                                                                        (1 = 0.1%)
1081479179  -O                                                                        (1 = 0.1%)
1088669215  -O                                                                        (1 = 0.1%)
1092316494  -O                                                                        (1 = 0.1%)
1094264373  -O                                                                        (1 = 0.1%)
1095158822  -O                                                                        (1 = 0.1%)
1099064605  -O                                                                        (1 = 0.1%)
1104083834  -O                                                                        (1 = 0.1%)
1109724149  -O                                                                        (1 = 0.1%)
1114935574  -O                                                                        (1 = 0.1%)
1118476053  -O                                                                        (1 = 0.1%)
1122463538  -O                                                                        (1 = 0.1%)
1127060580  -O                                                                        (1 = 0.1%)
1127113212  -O                                                                        (1 = 0.1%)
1128649040  -O                                                                        (1 = 0.1%)
1129753674  -O                                                                        (1 = 0.1%)
1142028164  -O                                                                        (1 = 0.1%)
1146166635  -O                                                                        (1 = 0.1%)
1157034639  -O                                                                        (1 = 0.1%)
1177112123  -O                                                                        (1 = 0.1%)
1179054107  -O                                                                        (1 = 0.1%)
1184353886  -O                                                                        (1 = 0.1%)
1190355537  -O                                                                        (1 = 0.1%)
1204126224  -O                                                                        (1 = 0.1%)
1208454642  -O                                                                        (1 = 0.1%)
1212414187  -O                                                                        (1 = 0.1%)
1217227946  -O                                                                        (1 = 0.1%)
1219024460  -O                                                                        (1 = 0.1%)
1221070861  -O                                                                        (1 = 0.1%)
1223362865  -O                                                                        (1 = 0.1%)
1229528890  -O                                                                        (1 = 0.1%)
1230594779  -O                                                                        (1 = 0.1%)
1230693414  -O                                                                        (1 = 0.1%)
1238676194  -O                                                                        (1 = 0.1%)
1244485374  -O                                                                        (1 = 0.1%)
1244701693  -O                                                                        (1 = 0.1%)
1253247623  -O                                                                        (1 = 0.1%)
1260852708  -O                                                                        (1 = 0.1%)
1264787918  -O                                                                        (1 = 0.1%)
1266075380  -O                                                                        (1 = 0.1%)
1266162257  -O                                                                        (1 = 0.1%)
1268001787  -O                                                                        (1 = 0.1%)
1274524678  -O                                                                        (1 = 0.1%)
1276760156  -O                                                                        (1 = 0.1%)
1279460878  -O                                                                        (1 = 0.1%)
1283609399  -O                                                                        (1 = 0.1%)
1286195915  -O                                                                        (1 = 0.1%)
1287815939  -O                                                                        (1 = 0.1%)
1289710144  -O                                                                        (1 = 0.1%)
1290109675  -O                                                                        (1 = 0.1%)
1299036421  -O                                                                        (1 = 0.1%)
1303688396  -O                                                                        (1 = 0.1%)
1304621603  -O                                                                        (1 = 0.1%)
1314327410  -O                                                                        (1 = 0.1%)
1320786126  -O                                                                        (1 = 0.1%)
1321043525  -O                                                                        (1 = 0.1%)
1322026317  -O                                                                        (1 = 0.1%)
1323038415  -O                                                                        (1 = 0.1%)
1325055724  -O                                                                        (1 = 0.1%)
1333376455  -O                                                                        (1 = 0.1%)
1344205832  -O                                                                        (1 = 0.1%)
1362357059  -O                                                                        (1 = 0.1%)
1363370496  -O                                                                        (1 = 0.1%)
1364307783  -O                                                                        (1 = 0.1%)
1369034087  -O                                                                        (1 = 0.1%)
1378756643  -O                                                                        (1 = 0.1%)
1388709076  -O                                                                        (1 = 0.1%)
1393326858  -O                                                                        (1 = 0.1%)
1394272239  -O                                                                        (1 = 0.1%)
1403753528  -O                                                                        (1 = 0.1%)
1406198230  -O                                                                        (1 = 0.1%)
1421768776  -O                                                                        (1 = 0.1%)
1428160704  -O                                                                        (1 = 0.1%)
1440555470  -O                                                                        (1 = 0.1%)
1453073480  -O                                                                        (1 = 0.1%)
1466722568  -O                                                                        (1 = 0.1%)
1473407800  -O                                                                        (1 = 0.1%)
1478684461  -O                                                                        (1 = 0.1%)
1479958148  -O                                                                        (1 = 0.1%)
1485854100  -O                                                                        (1 = 0.1%)
1487197080  -O                                                                        (1 = 0.1%)
1492148979  -O                                                                        (1 = 0.1%)
1495087254  -O                                                                        (1 = 0.1%)
1495121320  -O                                                                        (1 = 0.1%)
1496404932  -O                                                                        (1 = 0.1%)
1498336596  -O                                                                        (1 = 0.1%)
1500777042  -O                                                                        (1 = 0.1%)
1506130378  -O                                                                        (1 = 0.1%)
1506213657  -O                                                                        (1 = 0.1%)
1508219773  -O                                                                        (1 = 0.1%)
1508587357  -O                                                                        (1 = 0.1%)
1516664014  -O                                                                        (1 = 0.1%)
1518425317  -O                                                                        (1 = 0.1%)
1522495696  -O                                                                        (1 = 0.1%)
1529825604  -O                                                                        (1 = 0.1%)
1536988322  -O                                                                        (1 = 0.1%)
1537607498  -O                                                                        (1 = 0.1%)
1540526872  -O                                                                        (1 = 0.1%)
1545625355  -O                                                                        (1 = 0.1%)
1546696789  -O                                                                        (1 = 0.1%)
1561815194  -O                                                                        (1 = 0.1%)
1564719687  -O                                                                        (1 = 0.1%)
1579611292  -O                                                                        (1 = 0.1%)
1580801830  -O                                                                        (1 = 0.1%)
1580947630  -O                                                                        (1 = 0.1%)
1587066157  -O                                                                        (1 = 0.1%)
1588267342  -O                                                                        (1 = 0.1%)
1589069224  -O                                                                        (1 = 0.1%)
1594065002  -O                                                                        (1 = 0.1%)
1598917456  -O                                                                        (1 = 0.1%)
1603134104  -O                                                                        (1 = 0.1%)
1610972690  -O                                                                        (1 = 0.1%)
1613256920  -O                                                                        (1 = 0.1%)
1617736959  -O                                                                        (1 = 0.1%)
1618058642  -O                                                                        (1 = 0.1%)
1625701043  -O                                                                        (1 = 0.1%)
1628349947  -O                                                                        (1 = 0.1%)
1633770736  -O                                                                        (1 = 0.1%)
1638576851  -O                                                                        (1 = 0.1%)
1639919907  -O                                                                        (1 = 0.1%)
1640390781  -O                                                                        (1 = 0.1%)
1640401204  -O                                                                        (1 = 0.1%)
1644632101  -O                                                                        (1 = 0.1%)
1647800430  -O                                                                        (1 = 0.1%)
1650438826  -O                                                                        (1 = 0.1%)
1662315904  -O                                                                        (1 = 0.1%)
1671357907  -O                                                                        (1 = 0.1%)
1671448157  -O                                                                        (1 = 0.1%)
1673134322  -O                                                                        (1 = 0.1%)
1673618092  -O                                                                        (1 = 0.1%)
1676326418  -O                                                                        (1 = 0.1%)
1679064970  -O                                                                        (1 = 0.1%)
1684658042  -O                                                                        (1 = 0.1%)
1691859835  -O                                                                        (1 = 0.1%)
1695670841  -O                                                                        (1 = 0.1%)
1699548770  -O                                                                        (1 = 0.1%)
1705570794  -O                                                                        (1 = 0.1%)
1706102350  -O                                                                        (1 = 0.1%)
1716383637  -O                                                                        (1 = 0.1%)
1724980728  -O                                                                        (1 = 0.1%)
1740992949  -O                                                                        (1 = 0.1%)
1742399555  -O                                                                        (1 = 0.1%)
1742958245  -O                                                                        (1 = 0.1%)
1744609135  -O                                                                        (1 = 0.1%)
1747057854  -O                                                                        (1 = 0.1%)
1748394281  -O                                                                        (1 = 0.1%)
1759088876  -O                                                                        (1 = 0.1%)
1760613021  -O                                                                        (1 = 0.1%)
1770948273  -O                                                                        (1 = 0.1%)
1775382144  -O                                                                        (1 = 0.1%)
1784982398  -O                                                                        (1 = 0.1%)
1785170238  -O                                                                        (1 = 0.1%)
1787376275  -O                                                                        (1 = 0.1%)
1789749661  -O                                                                        (1 = 0.1%)
1792590003  -O                                                                        (1 = 0.1%)
1796728600  -O                                                                        (1 = 0.1%)
1799862370  -O                                                                        (1 = 0.1%)
1803370640  -O                                                                        (1 = 0.1%)
1816811671  -O                                                                        (1 = 0.1%)
1820030748  -O                                                                        (1 = 0.1%)
1823915737  -O                                                                        (1 = 0.1%)
1825250658  -O                                                                        (1 = 0.1%)
1825999509  -O                                                                        (1 = 0.1%)
1827515036  -O                                                                        (1 = 0.1%)
1829331278  -O                                                                        (1 = 0.1%)
1831128875  -O                                                                        (1 = 0.1%)
1832982721  -O                                                                        (1 = 0.1%)
1834997269  -O                                                                        (1 = 0.1%)
1838400867  -O                                                                        (1 = 0.1%)
1840175891  -O                                                                        (1 = 0.1%)
1841973318  -O                                                                        (1 = 0.1%)
1843307049  -O                                                                        (1 = 0.1%)
1848990866  -O                                                                        (1 = 0.1%)
1852514881  -O                                                                        (1 = 0.1%)
1858620917  -O                                                                        (1 = 0.1%)
1863444102  -O                                                                        (1 = 0.1%)
1869780831  -O                                                                        (1 = 0.1%)
1870663438  -O                                                                        (1 = 0.1%)
1873609920  -O                                                                        (1 = 0.1%)
1879830830  -O                                                                        (1 = 0.1%)
1883261690  -O                                                                        (1 = 0.1%)
1887093429  -O                                                                        (1 = 0.1%)
1891763329  -O                                                                        (1 = 0.1%)
1896790961  -O                                                                        (1 = 0.1%)
1907077497  -O                                                                        (1 = 0.1%)
1914482963  -O                                                                        (1 = 0.1%)
1918454095  -O                                                                        (1 = 0.1%)
1920289649  -O                                                                        (1 = 0.1%)
1920549189  -O                                                                        (1 = 0.1%)
1921626647  -O                                                                        (1 = 0.1%)
1924857150  -O                                                                        (1 = 0.1%)
1927499307  -O                                                                        (1 = 0.1%)
1934920204  -O                                                                        (1 = 0.1%)
1936205171  -O                                                                        (1 = 0.1%)
1943306457  -O                                                                        (1 = 0.1%)
1945377819  -O                                                                        (1 = 0.1%)
1946363378  -O                                                                        (1 = 0.1%)
1947606054  -O                                                                        (1 = 0.1%)
1950215637  -O                                                                        (1 = 0.1%)
1957067623  -O                                                                        (1 = 0.1%)
1958626956  -O                                                                        (1 = 0.1%)
1963869752  -O                                                                        (1 = 0.1%)
1971057341  -O                                                                        (1 = 0.1%)
1974095402  -O                                                                        (1 = 0.1%)
1976013947  -O                                                                        (1 = 0.1%)
1977291722  -O                                                                        (1 = 0.1%)
1980671376  -O                                                                        (1 = 0.1%)
1980857306  -O                                                                        (1 = 0.1%)
1991456886  -O                                                                        (1 = 0.1%)
1997070255  -O                                                                        (1 = 0.1%)
2002826674  -O                                                                        (1 = 0.1%)
2005208175  -O                                                                        (1 = 0.1%)
2005883068  -O                                                                        (1 = 0.1%)
2009739905  -O                                                                        (1 = 0.1%)
2010484956  -O                                                                        (1 = 0.1%)
2011448837  -O                                                                        (1 = 0.1%)
2011925080  -O                                                                        (1 = 0.1%)
2014181330  -O                                                                        (1 = 0.1%)
2015488130  -O                                                                        (1 = 0.1%)
2016964675  -O                                                                        (1 = 0.1%)
2018147986  -O                                                                        (1 = 0.1%)
2021531283  -O                                                                        (1 = 0.1%)
2025929491  -O                                                                        (1 = 0.1%)
2033050963  -O                                                                        (1 = 0.1%)
2033127418  -O                                                                        (1 = 0.1%)
2033920831  -O                                                                        (1 = 0.1%)
2038081675  -O                                                                        (1 = 0.1%)
2040130620  -O                                                                        (1 = 0.1%)
2043583044  -O                                                                        (1 = 0.1%)
2047845386  -O                                                                        (1 = 0.1%)
2053325236  -O                                                                        (1 = 0.1%)
2053373274  -O                                                                        (1 = 0.1%)
2061578662  -O                                                                        (1 = 0.1%)
2063128304  -O                                                                        (1 = 0.1%)
2066909528  -O                                                                        (1 = 0.1%)
2068237393  -O                                                                        (1 = 0.1%)
2068730428  -O                                                                        (1 = 0.1%)
2080141252  -O                                                                        (1 = 0.1%)
2081264511  -O                                                                        (1 = 0.1%)
2081599086  -O                                                                        (1 = 0.1%)
2083293048  -O                                                                        (1 = 0.1%)
2085326523  -O                                                                        (1 = 0.1%)
2085935337  -O                                                                        (1 = 0.1%)
2086351182  -O                                                                        (1 = 0.1%)
2101183467  -O                                                                        (1 = 0.1%)
2103274281  -O                                                                        (1 = 0.1%)
2106223837  -O                                                                        (1 = 0.1%)
2107392006  -O                                                                        (1 = 0.1%)
2110501640  -O                                                                        (1 = 0.1%)
2120398823  -O                                                                        (1 = 0.1%)
2120939159  -O                                                                        (1 = 0.1%)
2122394731  -O                                                                        (1 = 0.1%)
2127301515  -O                                                                        (1 = 0.1%)
2127521427  -O                                                                        (1 = 0.1%)
2127778989  -O                                                                        (1 = 0.1%)
2132339105  -O                                                                        (1 = 0.1%)
2139580414  -O                                                                        (1 = 0.1%)
2143316998  -O                                                                        (1 = 0.1%)
2143471324  -O                                                                        (1 = 0.1%)
2147155898  -O                                                                        (1 = 0.1%)
2147300977  -O                                                                        (1 = 0.1%)

Histogram: Variations.ForcedFieldTrialsAtStartupForInternalsPage recorded 1 samples, mean = 0.0 (flags = 0x1)
0  -O                                                                        (1 = 100.0%)
1  ... 

Histogram: Variations.Headers.ExperimentCount recorded 12 samples, mean = 1.0 (flags = 0x1)
0  O                                                                         (0 = 0.0%)
1  ------------O                                                             (12 = 100.0%) {0.0%}
2  ... 

Histogram: Variations.Headers.RequestContextCategory recorded 2 samples, mean = 0.0 (flags = 0x1)
0  --O                                                                       (2 = 100.0%)
1  ... 

Histogram: Variations.Headers.TimeSource recorded 35 samples, mean = 1.1 (flags = 0x1)
0  O                                                                         (0 = 0.0%)
1  --------------------------------O                                         (32 = 91.4%) {0.0%}
2  ---O                                                                      (3 = 8.6%) {91.4%}
3  O                                                                         (0 = 0.0%) {100.0%}

Histogram: Variations.Limits.VariationKeySize.Default recorded 27 samples, mean = 0.0 (flags = 0x1)
0  ---------------------------O                                              (27 = 100.0%)
1  ... 

Histogram: Variations.LoadPermanentConsistencyCountryResult recorded 1 samples, mean = 0.0 (flags = 0x1)
0  -O                                                                        (1 = 100.0%)
1  ... 

Histogram: Variations.PolicyRestriction recorded 1 samples, mean = 0.0 (flags = 0x1)
0  -O                                                                        (1 = 100.0%)
1  ... 

Histogram: Variations.ResourceRequestsAllowed recorded 2 samples, mean = 4.0 (flags = 0x1)
0  ... 
2  -O                                                                        (1 = 50.0%) {0.0%}
3  ... 
6  -O                                                                        (1 = 50.0%) {50.0%}
7  O                                                                         (0 = 0.0%) {100.0%}

Histogram: Variations.SafeMode.Streak.Crashes recorded 1 samples (flags = 0x1)
0  -O                                                                        (1 = 100.0%)

Histogram: Variations.SafeMode.Streak.FetchFailures recorded 1 samples (flags = 0x1)
0  -O                                                                        (1 = 100.0%)

Histogram: Variations.SeedFetchResponseOrErrorCode recorded 1 samples (flags = 0x1)
200  -O                                                                        (1 = 100.0%)

Histogram: Variations.SeedFetchTimeOnFirstRun recorded 1 samples, mean = 660.0 (flags = 0x1)
0    ... 
633  -O                                                                        (1 = 100.0%) {0.0%}
752  ... 

Histogram: Variations.SeedFile.CompressionTime.Latest recorded 2 samples, mean = 0.0 (flags = 0x1)
0  --O                                                                       (2 = 100.0%)
1  ... 

Histogram: Variations.SeedFile.CompressionTime.Safe recorded 1 samples, mean = 0.0 (flags = 0x1)
0  -O                                                                        (1 = 100.0%)
1  ... 

Histogram: Variations.SeedFileRead.Latest recorded 1 samples, mean = 0.0 (flags = 0x1)
0  -O                                                                        (1 = 100.0%)
1  ... 

Histogram: Variations.SeedFileRead.Safe recorded 1 samples, mean = 0.0 (flags = 0x1)
0  -O                                                                        (1 = 100.0%)
1  ... 

Histogram: Variations.SeedFileReadResult.Latest recorded 1 samples, mean = 11.0 (flags = 0x1)
0   ... 
11  -O                                                                        (1 = 100.0%) {0.0%}
12  ... 

Histogram: Variations.SeedFileReadResult.Safe recorded 1 samples, mean = 11.0 (flags = 0x1)
0   ... 
11  -O                                                                        (1 = 100.0%) {0.0%}
12  ... 

Histogram: Variations.SeedLoadResult recorded 1 samples, mean = 1.0 (flags = 0x1)
0  O                                                                         (0 = 0.0%)
1  -O                                                                        (1 = 100.0%) {0.0%}
2  ... 

Histogram: Variations.SeedSource.Latest recorded 1 samples, mean = 0.0 (flags = 0x1)
0  -O                                                                        (1 = 100.0%)
1  ... 

Histogram: Variations.SeedSource.Safe recorded 1 samples, mean = 0.0 (flags = 0x1)
0  -O                                                                        (1 = 100.0%)
1  ... 

Histogram: Variations.SeedStoreResult recorded 1 samples, mean = 14.0 (flags = 0x1)
0   ... 
14  -O                                                                        (1 = 100.0%) {0.0%}
15  ... 

Histogram: Variations.SeedUsage recorded 1 samples, mean = 2.0 (flags = 0x1)
0  ... 
2  -O                                                                        (1 = 100.0%) {0.0%}
3  ... 

Histogram: Variations.StoreSeed.DataSize recorded 1 samples, mean = 48.0 (flags = 0x1)
0   ... 
47  -O                                                                        (1 = 100.0%) {0.0%}
53  ... 

Histogram: Variations.TimeSinceLastFetchAttempt recorded 1 samples, mean = 0.0 (flags = 0x1)
0  -O                                                                        (1 = 100.0%)
1  ... 

Histogram: Variations.UserChannel recorded 1 samples (flags = 0x1)
3  -O                                                                        (1 = 100.0%)

Histogram: Views.Browser.NumColorProvidersInitializedDuringOnNativeThemeUpdated recorded 1 samples, mean = 0.0 (flags = 0x1)
0  -O                                                                        (1 = 100.0%)
1  ... 

Histogram: Views.Browser.TimeSpentInitializingColorProvider recorded 3 samples, mean = 2.0 (flags = 0x1)
0  ... 
2  ---O                                                                      (3 = 100.0%) {0.0%}
3  ... 

Histogram: Views.Browser.TimeSpentProcessingOnNativeThemeUpdatedEvent recorded 1 samples, mean = 0.0 (flags = 0x1)
0  -O                                                                        (1 = 100.0%)
1  ... 

Histogram: Views.ColorProviderCacheSize recorded 3 samples, mean = 2.0 (flags = 0x1)
0  O                                                                         (0 = 0.0%)
1  -O                                                                        (1 = 33.3%) {0.0%}
2  -O                                                                        (1 = 33.3%) {33.3%}
3  -O                                                                        (1 = 33.3%) {66.7%}
4  ... 

Histogram: Views.FocusRing.RefreshLayer.Time recorded 202 samples, mean = 11.2 (flags = 0x1)
0    -------------------------------O                                          (45 = 22.3%)
1    ------------------------------------------------------------------------O (105 = 52.0%) {22.3%}
2    -----------------------O                                                  (34 = 16.8%) {74.3%}
3    ------O                                                                   (9 = 4.5%) {91.1%}
4    -O                                                                        (2 = 1.0%) {95.5%}
6    -O                                                                        (1 = 0.5%) {96.5%}
8    O                                                                         (0 = 0.0%) {97.0%}
11   -O                                                                        (1 = 0.5%) {97.0%}
15   -O                                                                        (1 = 0.5%) {97.5%}
21   ... 
40   -O                                                                        (2 = 1.0%) {98.0%}
55   ... 
752  -O                                                                        (2 = 1.0%) {99.0%}
1043 ... 

Histogram: Views.FocusRing.RefreshLayer.Time.NotCached recorded 4 samples, mean = 494.5 (flags = 0x1)
0    ... 
29   -O                                                                        (1 = 25.0%) {0.0%}
40   -O                                                                        (1 = 25.0%) {25.0%}
55   ... 
752  --O                                                                       (2 = 50.0%) {50.0%}
1043 ... 

Histogram: Views.InvalidatesDuringLayout recorded 2406 samples, mean = 0.2 (flags = 0x1)
0   ------------------------------------------------------------------------O (2372 = 98.6%)
1   O                                                                         (2 = 0.1%) {98.6%}
2   O                                                                         (7 = 0.3%) {98.7%}
3   O                                                                         (4 = 0.2%) {99.0%}
4   O                                                                         (3 = 0.1%) {99.1%}
5   O                                                                         (3 = 0.1%) {99.3%}
6   O                                                                         (3 = 0.1%) {99.4%}
7   ... 
14  O                                                                         (3 = 0.1%) {99.5%}
15  ... 
22  O                                                                         (3 = 0.1%) {99.6%}
23  ... 
30  O                                                                         (2 = 0.1%) {99.8%}
32  O                                                                         (0 = 0.0%) {99.8%}
34  O                                                                         (1 = 0.0%) {99.8%}
36  ... 
42  O                                                                         (1 = 0.0%) {99.9%}
45  ... 
51  O                                                                         (1 = 0.0%) {99.9%}
54  O                                                                         (0 = 0.0%) {100.0%}
57  O                                                                         (1 = 0.0%) {100.0%}
60  ... 

Histogram: Views.LayoutCallDepth recorded 2301 samples, mean = 1.0 (flags = 0x1)
0  O                                                                         (0 = 0.0%)
1  ------------------------------------------------------------------------O (2196 = 95.4%) {0.0%}
2  ---O                                                                      (105 = 4.6%) {95.4%}
3  ... 

Histogram: Views.UnnecessaryLayouts recorded 752 samples, mean = 3.0 (flags = 0x1)
0   -----------------O                                                        (90 = 12.0%)
1   ------------------------------------------------------------------------O (382 = 50.8%) {12.0%}
2   ------------------O                                                       (97 = 12.9%) {62.8%}
3   --------O                                                                 (42 = 5.6%) {75.7%}
4   ---O                                                                      (15 = 2.0%) {81.2%}
5   -O                                                                        (7 = 0.9%) {83.2%}
6   -O                                                                        (4 = 0.5%) {84.2%}
7   O                                                                         (1 = 0.1%) {84.7%}
8   -O                                                                        (5 = 0.7%) {84.8%}
9   -O                                                                        (3 = 0.4%) {85.5%}
10  O                                                                         (1 = 0.1%) {85.9%}
11  ---------O                                                                (50 = 6.6%) {86.0%}
12  -------O                                                                  (37 = 4.9%) {92.7%}
13  O                                                                         (2 = 0.3%) {97.6%}
14  O                                                                         (1 = 0.1%) {97.9%}
15  O                                                                         (2 = 0.3%) {98.0%}
16  O                                                                         (1 = 0.1%) {98.3%}
17  O                                                                         (1 = 0.1%) {98.4%}
18  O                                                                         (0 = 0.0%) {98.5%}
19  -O                                                                        (4 = 0.5%) {98.5%}
20  O                                                                         (0 = 0.0%) {99.1%}
21  O                                                                         (1 = 0.1%) {99.1%}
22  O                                                                         (2 = 0.3%) {99.2%}
23  O                                                                         (1 = 0.1%) {99.5%}
24  O                                                                         (0 = 0.0%) {99.6%}
25  O                                                                         (1 = 0.1%) {99.6%}
26  O                                                                         (2 = 0.3%) {99.7%}
28  ... 

Histogram: Viz.ExternalBeginFrameSource.Interval recorded 3 samples, mean = 16.0 (flags = 0x1)
0   ... 
16  ---O                                                                      (3 = 100.0%) {0.0%}
17  ... 

Histogram: VoiceTyping.IsEnabledOnProfileInit recorded 1 samples, mean = 0.0 (flags = 0x1)
0  -O                                                                        (1 = 100.0%)
1  ... 

Histogram: WebApp.Database.OpenResult recorded 1 samples, mean = 0.0 (flags = 0x1)
0  -O                                                                        (1 = 100.0%)
1  ... 

Histogram: WebApp.Database.VersionUpgradedTo recorded 7 samples (flags = 0x1)
1  -O                                                                        (1 = 14.3%)
2  -O                                                                        (1 = 14.3%)
3  -O                                                                        (1 = 14.3%)
4  -O                                                                        (1 = 14.3%)
5  -O                                                                        (1 = 14.3%)
6  -O                                                                        (1 = 14.3%)
7  -O                                                                        (1 = 14.3%)

Histogram: WebApp.DiyAppsInstalledCount.ByUser recorded 1 samples, mean = 0.0 (flags = 0x1)
0  -O                                                                        (1 = 100.0%)
1  ... 

Histogram: WebApp.Engagement.NoUserInstalledApps recorded 1 samples, mean = 0.0 (flags = 0x1)
0  -O                                                                        (1 = 100.0%)
1  ... 

Histogram: WebApp.GeneratedIconFix.StartUpAttemptCount recorded 1 samples, mean = 0.0 (flags = 0x1)
0  -O                                                                        (1 = 100.0%)
1  ... 

Histogram: WebApp.InstalledCount.ByUser recorded 1 samples, mean = 0.0 (flags = 0x1)
0  -O                                                                        (1 = 100.0%)
1  ... 

Histogram: WebApp.InstalledCount.ByUserNotLocallyInstalled recorded 1 samples, mean = 0.0 (flags = 0x1)
0  -O                                                                        (1 = 100.0%)
1  ... 

Histogram: WebApp.InstalledCount.ByUserNotLocallyInstalled.SyncDisabled recorded 1 samples, mean = 0.0 (flags = 0x1)
0  -O                                                                        (1 = 100.0%)
1  ... 

Histogram: WebApp.InstalledCount.HasNoTrustedIcons recorded 1 samples, mean = 0.0 (flags = 0x1)
0  -O                                                                        (1 = 100.0%)
1  ... 

Histogram: WebApp.InstalledCount.HasTrustedIcons recorded 1 samples, mean = 0.0 (flags = 0x1)
0  -O                                                                        (1 = 100.0%)
1  ... 

Histogram: WebApp.Migrations.DefaultDisplayModeToPlatform recorded 1 samples, mean = 0.0 (flags = 0x1)
0  -O                                                                        (1 = 100.0%)
1  ... 

Histogram: WebApp.Migrations.DeprecatedLaunchHandlerToClientMode recorded 1 samples, mean = 0.0 (flags = 0x1)
0  -O                                                                        (1 = 100.0%)
1  ... 

Histogram: WebApp.Migrations.DisplayModeOverrideToDisplayOverrides recorded 1 samples, mean = 0.0 (flags = 0x1)
0  -O                                                                        (1 = 100.0%)
1  ... 

Histogram: WebApp.Migrations.InstallSourceAddUserInstalled recorded 1 samples, mean = 0.0 (flags = 0x1)
0  -O                                                                        (1 = 100.0%)
1  ... 

Histogram: WebApp.Migrations.PartiallyInstalledAppsToCorrectState recorded 1 samples, mean = 0.0 (flags = 0x1)
0  -O                                                                        (1 = 100.0%)
1  ... 

Histogram: WebApp.Migrations.PendingInfoWasIgnoredMigrated recorded 1 samples, mean = 0.0 (flags = 0x1)
0  -O                                                                        (1 = 100.0%)
1  ... 

Histogram: WebApp.Migrations.PendingUpdateInfoIconDataCorrupted recorded 1 samples, mean = 0.0 (flags = 0x1)
0  -O                                                                        (1 = 100.0%)
1  ... 

Histogram: WebApp.Migrations.RelativeManifestIdFragmentRemoved recorded 1 samples, mean = 0.0 (flags = 0x1)
0  -O                                                                        (1 = 100.0%)
1  ... 

Histogram: WebApp.Migrations.RelativeManifestIdPopulatedOrFixed recorded 1 samples, mean = 0.0 (flags = 0x1)
0  -O                                                                        (1 = 100.0%)
1  ... 

Histogram: WebApp.Migrations.ScopeMismatchedWithStartUrl recorded 1 samples, mean = 0.0 (flags = 0x1)
0  -O                                                                        (1 = 100.0%)
1  ... 

Histogram: WebApp.Migrations.ScopeRefQueryRemoved recorded 1 samples, mean = 0.0 (flags = 0x1)
0  -O                                                                        (1 = 100.0%)
1  ... 

Histogram: WebApp.Migrations.ShortcutAppsToDiy2 recorded 1 samples, mean = 0.0 (flags = 0x1)
0  -O                                                                        (1 = 100.0%)
1  ... 

Histogram: WebApp.ResolvePendingMigrationInfoCommand.UpdatesApplied recorded 1 samples, mean = 0.0 (flags = 0x1)
0  -O                                                                        (1 = 100.0%)
1  ... 

Histogram: WebApp.Uninstall.NonSyncIncompleteCount recorded 1 samples, mean = 0.0 (flags = 0x1)
0  -O                                                                        (1 = 100.0%)
1  ... 

Histogram: WebContentsObserver.DOMContentLoaded recorded 6 samples, mean = 0.0 (flags = 0x1)
0  ------O                                                                   (6 = 100.0%)
1  ... 

Histogram: WebContentsObserver.DidChangeVisibleSecurityState recorded 8 samples, mean = 0.0 (flags = 0x1)
0  --------O                                                                 (8 = 100.0%)
1  ... 

Histogram: WebContentsObserver.DidFinishLoad recorded 7 samples, mean = 0.0 (flags = 0x1)
0  -------O                                                                  (7 = 100.0%)
1  ... 

Histogram: WebContentsObserver.DidFinishNavigation recorded 8 samples, mean = 1.0 (flags = 0x1)
0  ----O                                                                     (4 = 50.0%)
1  -O                                                                        (1 = 12.5%) {50.0%}
2  --O                                                                       (2 = 25.0%) {62.5%}
3  -O                                                                        (1 = 12.5%) {87.5%}
4  ... 

Histogram: WebContentsObserver.DidFirstVisuallyNonEmptyPaint recorded 4 samples, mean = 0.0 (flags = 0x1)
0  ----O                                                                     (4 = 100.0%)
1  ... 

Histogram: WebContentsObserver.DidStartLoading recorded 7 samples, mean = 0.0 (flags = 0x1)
0  -------O                                                                  (7 = 100.0%)
1  ... 

Histogram: WebContentsObserver.DidStartNavigation recorded 8 samples, mean = 0.1 (flags = 0x1)
0  -------O                                                                  (7 = 87.5%)
1  -O                                                                        (1 = 12.5%) {87.5%}
2  ... 

Histogram: WebContentsObserver.DidStartNavigation.MainFrame recorded 8 samples, mean = 0.1 (flags = 0x1)
0  -------O                                                                  (7 = 87.5%)
1  -O                                                                        (1 = 12.5%) {87.5%}
2  ... 

Histogram: WebContentsObserver.DidStopLoading recorded 7 samples, mean = 0.0 (flags = 0x1)
0  -------O                                                                  (7 = 100.0%)
1  ... 

Histogram: WebContentsObserver.DidUpdateNavigationHandleTiming recorded 19 samples, mean = 0.0 (flags = 0x1)
0  -------------------O                                                      (19 = 100.0%)
1  ... 

Histogram: WebContentsObserver.LoadProgressChanged recorded 36 samples, mean = 0.0 (flags = 0x1)
0  ------------------------------------O                                     (36 = 100.0%)
1  ... 

Histogram: WebContentsObserver.NavigationEntryChanged recorded 2 samples, mean = 0.0 (flags = 0x1)
0  --O                                                                       (2 = 100.0%)
1  ... 

Histogram: WebContentsObserver.NavigationEntryCommitted recorded 8 samples, mean = 0.0 (flags = 0x1)
0  --------O                                                                 (8 = 100.0%)
1  ... 

Histogram: WebContentsObserver.OnVisibilityChanged recorded 2 samples, mean = 0.0 (flags = 0x1)
0  --O                                                                       (2 = 100.0%)
1  ... 

Histogram: WebContentsObserver.OnVisibilityWillChange recorded 2 samples, mean = 0.0 (flags = 0x1)
0  --O                                                                       (2 = 100.0%)
1  ... 

Histogram: WebContentsObserver.PrimaryMainDocumentElementAvailable recorded 7 samples, mean = 0.0 (flags = 0x1)
0  -------O                                                                  (7 = 100.0%)
1  ... 

Histogram: WebContentsObserver.RenderFrameCreated recorded 7 samples, mean = 0.0 (flags = 0x1)
0  -------O                                                                  (7 = 100.0%)
1  ... 

Histogram: WebContentsObserver.RenderFrameDeleted recorded 7 samples, mean = 0.1 (flags = 0x1)
0  ------O                                                                   (6 = 85.7%)
1  -O                                                                        (1 = 14.3%) {85.7%}
2  ... 

Histogram: WebContentsObserver.RenderViewReady recorded 5 samples, mean = 0.0 (flags = 0x1)
0  -----O                                                                    (5 = 100.0%)
1  ... 

Histogram: WebContentsObserver.TitleWasSet recorded 4 samples, mean = 0.0 (flags = 0x1)
0  ----O                                                                     (4 = 100.0%)
1  ... 

Histogram: WebContentsObserver.TitleWasSetForMainFrame recorded 4 samples, mean = 0.0 (flags = 0x1)
0  ----O                                                                     (4 = 100.0%)
1  ... 

Histogram: WebCore.Scripts.V8CrowdsourcedCompileHints.ModelQuality recorded 2 samples, mean = 0.0 (flags = 0x1)
0  --O                                                                       (2 = 100.0%)
1  ... 

Histogram: WebDatabase.InitResult recorded 2 samples, mean = 0.0 (flags = 0x1)
0  --O                                                                       (2 = 100.0%)
1  ... 

Histogram: WebUI.ColorsStylesheetServingDuration recorded 6 samples, mean = 4.5 (flags = 0x1)
0   ... 
3   -----O                                                                    (5 = 83.3%) {0.0%}
4   ... 
12  -O                                                                        (1 = 16.7%) {83.3%}
14  ... 

Histogram: WebUI.CreatedForUrl recorded 2 samples (flags = 0x1)
709341402  --O                                                                       (2 = 100.0%)

Histogram: WebUI.ShownUrl recorded 2 samples (flags = 0x1)
709341402  --O                                                                       (2 = 100.0%)

Histogram: WebUI.TopChrome.Preload.Result recorded 2 samples, mean = 0.0 (flags = 0x1)
0  --O                                                                       (2 = 100.0%)
1  ... 

Histogram: WebUI.TopChrome.RequestToFCP recorded 1 samples, mean = 2006.0 (flags = 0x1)
0     ... 
1920  -O                                                                        (1 = 100.0%) {0.0%}
2118  ... 

Histogram: WebUI.TopChrome.RequestToFCP.OmniboxPopup recorded 1 samples, mean = 2006.0 (flags = 0x1)
0     ... 
1920  -O                                                                        (1 = 100.0%) {0.0%}
2118  ... 

Histogram: WebUI.TopChrome.RequestToLCP recorded 1 samples, mean = 2006.0 (flags = 0x1)
0     ... 
1920  -O                                                                        (1 = 100.0%) {0.0%}
2118  ... 

Histogram: WebUI.TopChrome.RequestToLCP.OmniboxPopup recorded 1 samples, mean = 2006.0 (flags = 0x1)
0     ... 
1920  -O                                                                        (1 = 100.0%) {0.0%}
2118  ... 

Histogram: WebUI.WebUIURLLoaderFactory.URLRequestLoadTime recorded 12 samples, mean = 24.9 (flags = 0x1)
0    O                                                                         (0 = 0.0%)
1    ---O                                                                      (3 = 25.0%) {0.0%}
2    O                                                                         (0 = 0.0%) {25.0%}
3    --O                                                                       (2 = 16.7%) {25.0%}
4    O                                                                         (0 = 0.0%) {41.7%}
5    --O                                                                       (2 = 16.7%) {41.7%}
6    ... 
10   -O                                                                        (1 = 8.3%) {58.3%}
12   -O                                                                        (1 = 8.3%) {66.7%}
14   O                                                                         (0 = 0.0%) {75.0%}
17   -O                                                                        (1 = 8.3%) {75.0%}
20   O                                                                         (0 = 0.0%) {83.3%}
24   -O                                                                        (1 = 8.3%) {83.3%}
29   ... 
190  -O                                                                        (1 = 8.3%) {91.7%}
226  ... 

Histogram: Webapp.NavigationCapturing.Result recorded 1 samples, mean = 13.0 (flags = 0x1)
0   ... 
13  -O                                                                        (1 = 100.0%) {0.0%}
14  O                                                                         (0 = 0.0%) {100.0%}

Histogram: WhatsNew.StartupType recorded 2 samples, mean = 1.5 (flags = 0x1)
0  -O                                                                        (1 = 50.0%)
1  ... 
3  -O                                                                        (1 = 50.0%) {50.0%}
4  ... 

Histogram: Windows.ReplaceFileResult recorded 26 samples, mean = 5.7 (flags = 0x1)
0  -----O                                                                    (5 = 19.2%)
1  ... 
7  ---------------------O                                                    (21 = 80.8%) {19.2%}
8  ... 


